Nation,Total Units,Total Fatalities,Total Serious Injuries,Total Minor Injuries,Year,Month,Day,Time,Speed Limit,Moisture,Adverse Weather Conditions,DayNight,Crash Type,Crash Severity,Alcohol Related ,Drug Related
US,2,0,0,0,2017, January, Wednesday,0.80,40, Dry, N, Daylight, Rear End, Not Injured, N, N
US,2,0,0,1,2017, January, Saturday,0.80,40, Dry, N, Daylight, Rear End, Minor Injury, N, N
US,2,0,0,0,2017, January, Sunday,0.80,40, Dry, N, Daylight, Side Swipe, Not Injured, N, N
US,2,0,0,0,2017, February, Wednesday,0.80,40, Dry, N, Daylight, Side Swipe, Not Injured, N, N
US,2,0,0,1,2017, February, Friday,0.80,40, Dry, N, Daylight, Rear End, Minor Injury, N, N
US,3,0,0,2,2017, February, Wednesday,0.80,40, Dry, N, Daylight, Rear End, Minor Injury, N, N
US,2,0,0,0,2017, February, Monday,0.80,40, Dry, N, Daylight, Right Angle, Not Injured, N, N
US,2,0,0,0,2017, March, Wednesday,0.80,40, Wet, N, Daylight, Rear End, Not Injured, N, N
US,2,0,0,0,2017, March, Wednesday,0.80,40, Dry, N, Daylight, Right Angle, Not Injured, N, N
US,2,0,0,0,2017, March, Tuesday,0.80,40, Dry, N, Daylight, Right Angle, Not Injured, N, N
US,2,0,0,0,2017, March, Friday,0.80,40, Wet, Y, Daylight, Right Angle, Not Injured, N, N
US,2,0,0,0,2017, April, Saturday,0.80,40, Dry, N, Daylight, Rear End, Not Injured, N, N
US,2,0,0,0,2017, April, Monday,0.80,40, Dry, N, Daylight, Right Angle, Not Injured, N, N
US,2,0,0,1,2017, April, Saturday,0.80,40, Dry, N, Night, Right Angle, Minor Injury, N, N
US,2,0,0,0,2017, May, Monday,0.80,40, Dry, N, Night, Side Swipe, Not Injured, N, N
US,2,0,0,0,2017, May, Thursday,0.80,40, Dry, N, Night, Side Swipe, Not Injured, N, N
US,2,0,0,0,2017, May, Wednesday,0.80,40, Dry, N, Night, Side Swipe, Not Injured, N, N
US,2,0,1,0,2017, May, Wednesday,0.80,40, Dry, N, Night, Right Angle, Major Injury, N, N
US,2,0,0,0,2017, May, Saturday,0.80,40, Dry, N, Night, Right Angle, Not Injured, Y, N
US,3,0,0,1,2017, June, Thursday,0.80,40, Dry, N, Daylight, Rear End, Minor Injury, N, N
US,2,0,0,0,2017, June, Tuesday,0.80,40, Dry, N, Daylight, Head On, Minor Injury, N, N
US,2,0,0,1,2017, June, Saturday,0.80,40, Dry, N, Daylight, Rear End, Minor Injury, N, N
US,2,0,0,0,2017, July, Friday,0.80,40, Wet, Y, Night, Right Angle, Not Injured, N, N
US,2,0,0,0,2017, July, Thursday,0.80,40, Dry, N, Daylight, Right Angle, Minor Injury, N, N
US,2,0,0,1,2017, July, Sunday,0.80,40, Wet, Y, Daylight, Rear End, Minor Injury, N, N
US,2,0,0,1,2017, July, Saturday,0.80,40, Dry, N, Night, Head On, Minor Injury, N, N
US,2,0,0,0,2017, August, Thursday,0.80,40, Dry, N, Daylight, Rear End, Not Injured, N, N
US,2,0,0,0,2017, August, Sunday,0.80,40, Dry, N, Night, Right Angle, Not Injured, Y, N
US,2,0,0,0,2017, August, Saturday,0.80,40, Dry, N, Daylight, Right Angle, Not Injured, N, N
US,2,0,0,0,2017, September, Wednesday,0.80,40, Dry, N, Daylight, Right Angle, Not Injured, N, N
US,2,0,0,0,2017, September, Friday,0.80,40, Dry, N, Night, Right Angle, Minor Injury, N, N
US,2,0,0,0,2017, October, Tuesday,0.80,40, Dry, N, Daylight, Right Angle, Not Injured, N, N
US,2,0,0,0,2017, September, Thursday,0.80,40, Dry, N, Night, Right Angle, Not Injured, Y, N
US,2,0,0,0,2017, October, Saturday,0.80,40, Dry, N, Daylight, Right Angle, Not Injured, N, N
US,3,0,0,0,2017, October, Saturday,0.80,40, Dry, N, Daylight, Rear End, Not Injured, N, N
US,2,0,0,1,2017, October, Tuesday,0.80,40, Dry, N, Daylight, Rear End, Minor Injury, N, N
US,2,0,0,0,2017, October, Saturday,0.80,40, Dry, N, Daylight, Right Angle, Not Injured, N, N
US,2,0,0,1,2017, October, Saturday,0.80,40, Wet, Y, Daylight, Right Angle, Minor Injury, N, N
US,3,0,0,1,2017, December, Friday,0.80,40, Dry, N, Daylight, Rear End, Minor Injury, N, N
US,2,0,0,0,2017, December, Sunday,0.80,40, Wet, N, Night, Right Angle, Not Injured, Y, N
US,2,0,0,1,2017, December, Friday,0.80,40, Dry, N, Daylight, Right Angle, Minor Injury, N, N
US,3,0,0,0,2017, December, Wednesday,0.80,40, Dry, N, Daylight, Right Angle, Minor Injury, N, N
US,2,0,0,0,2017, October, Wednesday,0.80,48, Dry, N, Daylight, Right Angle, Not Injured, N, N
AUS,2,0,0,0,2017, April, Tuesday,0.80,50, Dry, N, Night, Hit Fixed Object, Not Injured, N, N
AUS,3,0,0,1,2017, August, Saturday,0.80,50, Dry, N, Night, Hit Fixed Object, Minor Injury, Y, Y
US,2,0,0,0,2017, January, Friday,0.80,56, Dry, N, Daylight, Rear End, Not Injured, N, N
US,2,0,0,0,2017, February, Tuesday,0.80,56, Dry, N, Daylight, Right Angle, Minor Injury, N, N
US,2,0,0,0,2017, March, Wednesday,0.80,56, Wet, N, Daylight, Right Angle, Not Injured, N, N
US,2,0,0,0,2017, March, Monday,0.80,56, Dry, N, Daylight, Right Angle, Not Injured, N, N
US,2,0,0,0,2017, April, Thursday,0.80,56, Wet, N, Night, Rear End, Not Injured, Y, N
US,2,0,0,1,2017, May, Tuesday,0.80,56, Dry, N, Daylight, Rear End, Minor Injury, N, N
US,2,0,0,1,2017, May, Friday,0.80,56, Dry, N, Daylight, Head On, Minor Injury, N, N
US,3,0,0,1,2017, May, Tuesday,0.80,56, Dry, N, Daylight, Rear End, Minor Injury, N, N
US,3,0,0,1,2017, June, Friday,0.80,56, Dry, N, Daylight, Rear End, Minor Injury, N, N
US,2,0,0,1,2017, June, Sunday,0.80,56, Dry, N, Night, Head On, Minor Injury, Y, N
US,2,0,0,0,2017, June, Monday,0.80,56, Dry, N, Daylight, Right Angle, Not Injured, N, N
US,4,0,0,1,2017, July, Monday,0.80,56, Dry, N, Daylight, Rear End, Minor Injury, N, N
US,2,0,0,0,2017, June, Wednesday,0.80,56, Dry, N, Daylight, Rear End, Not Injured, N, N
US,2,0,1,0,2017, July, Monday,0.80,56, Wet, N, Daylight, Right Angle, Major Injury, N, N
US,2,0,0,0,2017, July, Wednesday,0.80,56, Dry, N, Daylight, Right Angle, Not Injured, N, N
US,2,0,0,0,2017, July, Saturday,0.80,56, Dry, N, Daylight, Right Angle, Not Injured, N, N
US,2,0,0,0,2017, September, Monday,0.80,56, Dry, N, Daylight, Right Angle, Not Injured, N, N
US,2,0,0,0,2017, September, Sunday,0.80,56, Dry, N, Night, Side Swipe, Not Injured, Y, N
US,2,0,0,0,2017, October, Sunday,0.80,56, Dry, N, Daylight, Right Angle, Minor Injury, N, N
US,2,0,0,1,2017, October, Friday,0.80,56, Dry, N, Daylight, Right Angle, Minor Injury, N, N
US,2,0,0,0,2017, November, Tuesday,0.80,56, Dry, N, Daylight, Side Swipe, Not Injured, N, N
US,2,0,0,0,2017, November, Sunday,0.80,56, Dry, N, Daylight, Right Angle, Not Injured, N, N
US,2,0,0,0,2017, December, Saturday,0.80,56, Dry, N, Daylight, Rear End, Not Injured, N, N
US,2,0,0,0,2017, December, Monday,0.80,56, Dry, N, Daylight, Right Angle, Not Injured, N, N
AUS,2,0,0,0,2017, January, Sunday,0.80,60, Dry, N, Night, Side Swipe, Not Injured, N, N
AUS,2,0,0,0,2017, December, Tuesday,0.80,60, Dry, N, Night, Rear End, Not Injured, N, N
AUS,2,0,0,0,2017, December, Sunday,0.80,60, Dry, N, Night, Hit Fixed Object, Not Injured, N, N
US,3,0,0,0,2017, January, Wednesday,0.80,64, Dry, N, Daylight, Right Angle, Not Injured, N, N
US,2,0,0,0,2017, March, Sunday,0.80,64, Dry, N, Daylight, Rear End, Not Injured, N, N
US,2,0,0,0,2017, May, Saturday,0.80,64, Dry, N, Daylight, Side Swipe, Minor Injury, N, N
US,2,0,0,0,2017, June, Saturday,0.80,64, Dry, N, Daylight, Head On, Not Injured, N, N
US,2,0,0,0,2017, June, Friday,0.80,64, Wet, Y, Daylight, Rear End, Not Injured, N, N
US,3,0,0,0,2017, July, Wednesday,0.80,64, Dry, N, Daylight, Rear End, Not Injured, N, N
US,2,0,0,1,2017, December, Sunday,0.80,64, Dry, N, Daylight, Rear End, Minor Injury, N, N
US,4,0,0,0,2017, February, Sunday,0.80,72, Dry, N, Daylight, Rear End, Not Injured, N, N
US,2,0,0,0,2017, May, Saturday,0.80,72, Dry, N, Daylight, Rear End, Not Injured, N, N
US,2,0,0,0,2017, June, Tuesday,0.80,72, Dry, N, Daylight, Right Angle, Not Injured, N, N
AUS,2,0,0,0,2017, April, Sunday,0.80,80, Dry, N, Night, Hit Fixed Object, Not Injured, N, N
AUS,3,0,0,0,2017, November, Thursday,0.80,80, Dry, N, Night, Hit Fixed Object, Not Injured, N, N
US,2,0,0,1,2017, February, Saturday,0.80,89, Wet, Y, Daylight, Head On, Minor Injury, N, N
US,2,0,0,0,2017, April, Tuesday,0.80,89, Dry, N, Daylight, Rear End, Not Injured, N, N
US,4,0,0,0,2017, July, Sunday,0.80,89, Dry, N, Daylight, Rear End, Not Injured, N, N
US,2,0,0,0,2017, August, Thursday,0.80,89, Dry, N, Daylight, Right Angle, Not Injured, N, N
US,2,0,0,0,2017, September, Friday,0.80,89, Dry, N, Night, Side Swipe, Not Injured, N, N
US,2,0,0,0,2017, June, Sunday,0.80,89, Dry, N, Night, Rear End, Not Injured, N, N
US,2,0,0,0,2017, December, Tuesday,0.80,89, Dry, Y, Daylight, Rear End, Not Injured, N, N
AUS,2,0,0,0,2017, May, Wednesday,0.80,90, Dry, N, Night, Hit Fixed Object, Not Injured, N, N
AUS,2,0,0,0,2017, July, Monday,0.80,100, Wet, Y, Night, Hit Fixed Object, Not Injured, N, N
AUS,2,0,0,0,2017, February, Saturday,1.00,25, Dry, N, Night, Rear End, Not Injured, Y, N
US,2,0,1,0,2017, January, Saturday,1.00,40, Dry, N, Night, Hit Pedestrian, Major Injury, Y, N
US,2,0,0,0,2017, January, Wednesday,1.00,40, Wet, N, Night, Right Angle, Not Injured, Y, N
US,2,0,0,0,2017, February, Saturday,1.00,40, Dry, N, Night, Head On, Not Injured, N, N
US,3,0,0,0,2017, March, Tuesday,1.00,40, Dry, N, Night, Right Angle, Not Injured, N, N
US,4,0,0,0,2017, April, Sunday,1.00,40, Dry, N, Night, Side Swipe, Not Injured, N, Y
US,2,0,0,0,2017, April, Sunday,1.00,40, Dry, N, Night, Rear End, Not Injured, Y, N
US,2,0,0,0,2017, April, Saturday,1.00,40, Dry, N, Night, Right Angle, Not Injured, N, N
US,2,0,0,0,2017, June, Wednesday,1.00,40, Dry, N, Night, Side Swipe, Not Injured, N, N
US,2,0,0,0,2017, July, Saturday,1.00,40, Dry, N, Night, Rear End, Not Injured, N, N
US,2,0,0,0,2017, August, Sunday,1.00,40, Dry, N, Night, Side Swipe, Not Injured, N, N
US,2,0,0,0,2017, October, Sunday,1.00,40, Wet, Y, Night, Right Angle, Minor Injury, Y, N
US,2,0,0,1,2017, November, Saturday,1.00,40, Dry, N, Night, Rear End, Minor Injury, N, N
AUS,2,0,0,0,2017, March, Sunday,1.00,50, Dry, N, Night, Hit Fixed Object, Not Injured, N, N
AUS,2,0,0,0,2017, March, Saturday,1.00,50, Dry, N, Night, Hit Fixed Object, Not Injured, N, N
AUS,2,0,0,0,2017, May, Sunday,1.00,50, Dry, N, Night, Hit Fixed Object, Not Injured, N, N
AUS,2,0,0,0,2017, June, Monday,1.00,50, Dry, N, Night, Hit Fixed Object, Not Injured, N, N
AUS,2,0,0,0,2017, June, Thursday,1.00,50, Dry, N, Night, Hit Fixed Object, Not Injured, N, Y
AUS,2,0,0,0,2017, July, Monday,1.00,50, Dry, N, Night, Hit Fixed Object, Not Injured, N, N
AUS,2,0,0,0,2017, October, Sunday,1.00,50, Dry, N, Night, Hit Fixed Object, Not Injured, N, N
AUS,2,0,0,0,2017, January, Thursday,1.00,60, Dry, N, Night, Hit Fixed Object, Not Injured, N, N
AUS,2,0,0,0,2017, January, Friday,1.00,60, Wet, Y, Night, Right Angle, Not Injured, N, N
AUS,2,0,0,1,2017, February, Tuesday,1.00,60, Dry, N, Night, Hit Pedestrian, Minor Injury, N, N
AUS,2,0,0,0,2017, February, Thursday,1.00,60, Dry, N, Night, Head On, Not Injured, N, N
AUS,3,0,0,0,2017, February, Saturday,1.00,60, Dry, N, Night, Hit Fixed Object, Not Injured, N, N
AUS,2,0,0,1,2017, March, Sunday,1.00,60, Dry, N, Night, Hit Fixed Object, Minor Injury, Y, N
AUS,2,0,0,0,2017, April, Tuesday,1.00,60, Dry, N, Night, Hit Fixed Object, Not Injured, N, Y
AUS,2,0,0,0,2017, May, Tuesday,1.00,60, Wet, Y, Night, Hit Fixed Object, Not Injured, N, N
AUS,2,0,0,0,2017, May, Tuesday,1.00,60, Wet, Y, Night, Hit Fixed Object, Not Injured, N, N
AUS,2,0,0,0,2017, August, Sunday,1.00,60, Wet, Y, Night, Hit Fixed Object, Not Injured, N, N
AUS,2,0,0,0,2017, September, Tuesday,1.00,60, Dry, N, Night, Hit Fixed Object, Not Injured, Y, N
AUS,2,0,0,1,2017, December, Tuesday,1.00,60, Wet, Y, Night, Hit Fixed Object, Minor Injury, Y, N
US,2,0,0,0,2017, February, Wednesday,1.00,72, Dry, N, Night, Head On, Minor Injury, Y, N
US,3,0,0,0,2017, April, Saturday,1.00,72, Dry, N, Night, Rear End, Not Injured, N, N
US,2,0,0,0,2017, September, Sunday,1.00,72, Wet, Y, Night, Right Angle, Not Injured, N, N
AUS,2,0,0,0,2017, March, Saturday,1.00,80, Dry, N, Night, Hit Fixed Object, Not Injured, N, N
AUS,2,0,0,0,2017, October, Sunday,1.00,80, Wet, Y, Night, Hit Fixed Object, Not Injured, N, N
US,2,0,0,0,2017, April, Sunday,1.00,89, Dry, N, Night, Rear End, Minor Injury, N, N
AUS,3,0,0,0,2017, July, Sunday,1.00,100, Dry, N, Night, Hit Fixed Object, Not Injured, Y, N
AUS,2,0,0,0,2017, October, Sunday,1.00,100, Dry, N, Night, Hit Fixed Object, Not Injured, Y, N
AUS,2,0,0,1,2017, November, Monday,1.00,100, Dry, N, Night, Hit Fixed Object, Minor Injury, N, Y
AUS,2,0,0,0,2017, February, Sunday,1.00,110, Dry, N, Night, Side Swipe, Not Injured, N, N
AUS,2,0,0,1,2017, August, Monday,1.00,110, Wet, N, Night, Hit Fixed Object, Minor Injury, N, N
AUS,2,0,0,1,2017, September, Friday,1.00,110, Dry, N, Night, Hit Fixed Object, Minor Injury, N, N
AUS,2,0,0,0,2017, October, Friday,1.00,110, Dry, N, Night, Hit Fixed Object, Not Injured, N, Y
AUS,2,0,1,0,2017, December, Wednesday,1.20,40, Dry, N, Night, Hit Fixed Object, Major Injury, N, N
US,4,0,0,0,2017, January, Saturday,1.20,40, Dry, N, Night, Rear End, Minor Injury, Y, N
US,2,0,0,0,2017, February, Saturday,1.20,40, Dry, N, Night, Right Angle, Not Injured, Y, N
US,2,0,0,0,2017, April, Friday,1.20,40, Dry, N, Night, Hit Pedestrian, Minor Injury, N, N
US,2,0,0,1,2017, May, Friday,1.20,40, Wet, Y, Night, Right Angle, Minor Injury, N, N
US,4,0,0,0,2017, July, Saturday,1.20,40, Wet, Y, Night, Side Swipe, Not Injured, N, N
US,2,0,0,0,2017, November, Saturday,1.20,40, Dry, N, Night, Rear End, Not Injured, Y, N
US,2,0,0,0,2017, November, Sunday,1.20,40, Dry, N, Night, Right Angle, Not Injured, N, N
AUS,2,0,0,0,2017, January, Saturday,1.20,50, Dry, N, Night, Hit Fixed Object, Not Injured, N, N
AUS,2,0,0,0,2017, January, Saturday,1.20,50, Dry, N, Night, Hit Fixed Object, Not Injured, N, N
AUS,2,0,0,0,2017, April, Tuesday,1.20,50, Dry, N, Night, Hit Fixed Object, Not Injured, N, N
AUS,2,0,0,0,2017, August, Saturday,1.20,50, Wet, Y, Night, Hit Fixed Object, Not Injured, N, N
AUS,3,0,0,0,2017, September, Wednesday,1.20,50, Dry, N, Night, Hit Fixed Object, Not Injured, N, N
AUS,2,0,0,0,2017, October, Wednesday,1.20,50, Dry, N, Night, Hit Fixed Object, Not Injured, N, N
AUS,2,0,0,0,2017, April, Saturday,1.20,60, Dry, N, Night, Hit Fixed Object, Not Injured, N, N
AUS,2,0,0,0,2017, April, Monday,1.20,70, Dry, N, Night, Hit Fixed Object, Not Injured, N, N
AUS,3,0,0,0,2017, December, Saturday,1.20,80, Wet, N, Night, Hit Fixed Object, Not Injured, Y, N
US,2,0,0,0,2017, December, Thursday,1.20,89, Wet, Y, Night, Rear End, Minor Injury, N, N
US,2,0,0,0,2017, January, Wednesday,1.30,40, Wet, Y, Night, Right Angle, Not Injured, N, N
US,2,0,0,0,2017, April, Sunday,1.30,40, Dry, N, Night, Right Angle, Minor Injury, N, N
US,3,0,0,0,2017, April, Sunday,1.30,40, Dry, N, Night, Right Angle, Not Injured, Y, N
US,2,0,0,0,2017, August, Sunday,1.30,40, Dry, N, Night, Right Angle, Not Injured, N, N
US,2,0,0,0,2017, September, Wednesday,1.30,40, Dry, N, Night, Head On, Not Injured, N, N
US,2,0,0,0,2017, October, Sunday,1.30,40, Dry, N, Night, Right Angle, Not Injured, N, N
US,3,0,0,0,2017, August, Saturday,1.30,40, Dry, N, Night, Rear End, Not Injured, Y, N
US,2,0,0,0,2017, November, Saturday,1.30,40, Dry, N, Night, Rear End, Not Injured, N, N
AUS,2,0,0,0,2017, March, Thursday,1.30,50, Dry, N, Night, Hit Fixed Object, Not Injured, Y, N
AUS,2,0,0,0,2017, April, Sunday,1.30,50, Dry, N, Night, Side Swipe, Not Injured, N, N
AUS,2,0,0,0,2017, April, Saturday,1.30,50, Dry, N, Night, Hit Fixed Object, Not Injured, Y, N
AUS,2,0,0,1,2017, December, Monday,1.30,50, Dry, N, Night, Hit Fixed Object, Minor Injury, Y, N
US,2,0,0,0,2017, June, Friday,1.30,56, Wet, N, Night, Side Swipe, Not Injured, N, N
US,3,0,0,0,2017, November, Saturday,1.30,56, Dry, N, Night, Head On, Minor Injury, Y, N
AUS,2,0,0,0,2017, January, Tuesday,1.30,60, Dry, N, Night, Hit Fixed Object, Not Injured, N, N
AUS,2,0,0,0,2017, April, Friday,1.30,60, Dry, N, Night, Rear End, Not Injured, N, N
AUS,2,0,0,0,2017, April, Saturday,1.30,60, Dry, N, Night, Hit Fixed Object, Not Injured, N, N
AUS,3,0,0,1,2017, May, Tuesday,1.30,60, Wet, N, Night, Hit Pedestrian, Minor Injury, N, N
AUS,2,0,0,1,2017, May, Tuesday,1.30,60, Dry, N, Night, Hit Fixed Object, Minor Injury, N, N
AUS,2,0,0,0,2017, January, Thursday,1.30,80, Dry, N, Night, Hit Fixed Object, Not Injured, N, N
US,2,0,0,1,2017, September, Saturday,1.30,89, Dry, N, Night, Rear End, Minor Injury, N, N
AUS,2,0,0,2,2017, March, Tuesday,1.30,110, Dry, N, Night, Hit Fixed Object, Minor Injury, N, N
US,2,0,0,0,2017, January, Monday,1.50,24, Dry, N, Night, Right Angle, Minor Injury, N, N
AUS,2,0,0,0,2017, July, Sunday,1.50,40, Wet, Y, Night, Hit Fixed Object, Not Injured, N, N
US,2,0,0,1,2017, March, Monday,1.50,40, Dry, N, Night, Rear End, Minor Injury, Y, N
US,2,0,0,0,2017, April, Friday,1.50,40, Wet, N, Night, Rear End, Not Injured, Y, N
US,4,0,0,0,2017, May, Tuesday,1.50,40, Dry, N, Night, Rear End, Not Injured, N, N
US,5,0,0,0,2017, June, Friday,1.50,40, Wet, Y, Night, Rear End, Not Injured, Y, N
US,2,0,0,0,2017, July, Sunday,1.50,40, Dry, N, Night, Head On, Not Injured, N, N
US,2,0,0,0,2017, August, Sunday,1.50,40, Dry, N, Night, Side Swipe, Not Injured, Y, N
US,2,0,0,0,2017, August, Sunday,1.50,40, Dry, N, Night, Rear End, Not Injured, N, N
US,2,0,0,0,2017, October, Sunday,1.50,40, Dry, N, Night, Rear End, Not Injured, N, N
US,2,0,0,0,2017, October, Sunday,1.50,40, Dry, N, Night, Right Angle, Not Injured, N, N
US,3,0,0,1,2017, December, Saturday,1.50,40, Dry, N, Night, Side Swipe, Minor Injury, N, N
US,3,0,0,0,2017, December, Saturday,1.50,40, Dry, N, Night, Right Angle, Not Injured, N, N
US,2,0,0,0,2017, December, Tuesday,1.50,40, Dry, N, Night, Rear End, Not Injured, N, N
US,2,0,0,0,2017, November, Saturday,1.50,48, Dry, N, Night, Rear End, Not Injured, N, N
AUS,2,0,0,1,2017, March, Saturday,1.50,50, Dry, N, Night, Hit Fixed Object, Minor Injury, Y, N
AUS,3,0,0,0,2017, March, Monday,1.50,50, Dry, N, Night, Hit Fixed Object, Not Injured, N, N
AUS,2,0,0,1,2017, April, Friday,1.50,50, Dry, N, Night, Hit Fixed Object, Minor Injury, N, N
AUS,2,0,0,0,2017, July, Sunday,1.50,50, Wet, N, Night, Hit Fixed Object, Not Injured, Y, N
AUS,2,0,0,1,2017, October, Sunday,1.50,50, Dry, N, Night, Hit Pedestrian, Minor Injury, N, N
AUS,2,0,0,0,2017, November, Saturday,1.50,50, Dry, N, Night, Hit Fixed Object, Not Injured, N, N
AUS,2,0,0,0,2017, December, Sunday,1.50,50, Dry, N, Night, Hit Fixed Object, Not Injured, Y, N
AUS,3,0,0,1,2017, December, Saturday,1.50,50, Dry, N, Night, Hit Fixed Object, Minor Injury, N, N
AUS,2,0,0,1,2017, November, Thursday,1.50,50, Dry, N, Night, Rear End, Minor Injury, N, N
US,2,0,0,1,2017, June, Wednesday,1.50,56, Dry, N, Night, Right Angle, Minor Injury, N, N
US,2,0,0,0,2017, July, Sunday,1.50,56, Dry, N, Night, Right Angle, Not Injured, N, N
US,2,0,0,0,2017, November, Sunday,1.50,56, Dry, N, Night, Hit Pedestrian, Minor Injury, Y, N
US,2,0,0,0,2017, December, Sunday,1.50,56, Dry, N, Night, Side Swipe, Not Injured, N, N
AUS,2,0,0,1,2017, February, Saturday,1.50,60, Dry, N, Night, Hit Fixed Object, Minor Injury, N, N
AUS,2,0,0,1,2017, July, Saturday,1.50,60, Wet, Y, Night, Rear End, Minor Injury, Y, N
AUS,2,0,0,0,2017, August, Tuesday,1.50,60, Dry, N, Night, Right Angle, Not Injured, N, N
AUS,2,0,0,0,2017, August, Wednesday,1.50,60, Wet, N, Night, Head On, Not Injured, N, N
AUS,2,0,0,2,2017, September, Saturday,1.50,60, Dry, N, Night, Right Angle, Minor Injury, Y, N
AUS,2,0,0,1,2017, October, Tuesday,1.50,60, Dry, N, Night, Hit Fixed Object, Minor Injury, Y, N
AUS,2,0,0,0,2017, November, Saturday,1.50,60, Dry, N, Night, Hit Fixed Object, Not Injured, N, N
AUS,2,0,0,1,2017, December, Saturday,1.50,60, Dry, N, Night, Hit Pedestrian, Minor Injury, N, N
AUS,2,0,0,0,2017, February, Tuesday,1.50,80, Dry, N, Night, Hit Fixed Object, Not Injured, N, N
AUS,3,0,0,0,2017, June, Monday,1.50,80, Dry, N, Night, Hit Fixed Object, Not Injured, N, N
AUS,2,0,0,0,2017, December, Saturday,1.50,100, Dry, N, Night, Hit Fixed Object, Not Injured, N, N
AUS,2,0,0,0,2017, March, Sunday,1.50,110, Dry, N, Night, Hit Fixed Object, Not Injured, N, N
US,3,0,0,0,2017, February, Sunday,1.70,40, Dry, N, Night, Head On, Minor Injury, Y, N
US,2,0,0,0,2017, February, Saturday,1.70,40, Dry, N, Night, Right Angle, Not Injured, N, N
US,3,0,0,0,2017, April, Saturday,1.70,40, Dry, N, Night, Right Angle, Not Injured, Y, N
US,2,0,0,0,2017, May, Tuesday,1.70,40, Dry, N, Night, Right Angle, Not Injured, Y, N
US,2,0,0,0,2017, September, Monday,1.70,40, Dry, N, Night, Right Angle, Not Injured, N, N
US,2,0,0,0,2017, September, Sunday,1.70,40, Dry, N, Night, Right Angle, Not Injured, N, N
US,2,0,0,1,2017, October, Saturday,1.70,40, Dry, N, Night, Head On, Minor Injury, N, N
US,2,0,0,0,2017, December, Sunday,1.70,40, Dry, N, Night, Right Angle, Not Injured, N, N
AUS,2,0,0,0,2017, April, Sunday,1.70,50, Dry, N, Night, Hit Fixed Object, Not Injured, N, N
AUS,2,0,0,0,2017, June, Wednesday,1.70,50, Dry, N, Night, Hit Fixed Object, Not Injured, N, N
AUS,2,0,0,1,2017, October, Sunday,1.70,50, Dry, N, Night, Hit Pedestrian, Minor Injury, N, N
AUS,2,0,0,1,2017, November, Friday,1.70,50, Dry, N, Night, Hit Fixed Object, Minor Injury, N, Y
US,3,0,0,0,2017, January, Wednesday,1.70,56, Dry, N, Night, Head On, Not Injured, N, Y
US,2,0,0,1,2017, July, Saturday,1.70,56, Wet, Y, Night, Rear End, Minor Injury, N, N
US,2,0,0,0,2017, December, Sunday,1.70,56, Wet, N, Night, Head On, Not Injured, N, N
AUS,2,0,0,0,2017, January, Saturday,1.70,60, Dry, N, Night, Hit Fixed Object, Not Injured, N, N
AUS,2,0,0,0,2017, February, Monday,1.70,60, Dry, N, Night, Hit Fixed Object, Not Injured, N, Y
AUS,2,0,0,0,2017, December, Tuesday,1.70,60, Dry, N, Night, Hit Fixed Object, Not Injured, N, N
AUS,2,0,0,0,2017, December, Friday,1.70,60, Dry, N, Night, Hit Fixed Object, Not Injured, N, N
US,2,0,0,0,2017, November, Sunday,1.70,64, Dry, N, Night, Side Swipe, Not Injured, Y, N
AUS,2,0,0,2,2017, August, Saturday,1.70,70, Dry, N, Night, Rear End, Minor Injury, N, N
US,2,0,0,0,2017, February, Thursday,1.70,89, Dry, Y, Night, Side Swipe, Minor Injury, N, N
US,3,0,1,0,2017, April, Thursday,1.70,89, Wet, Y, Night, Right Angle, Major Injury, Y, N
US,2,0,0,1,2017, July, Sunday,1.70,89, Dry, N, Night, Rear End, Minor Injury, N, N
US,4,0,0,0,2017, February, Saturday,1.80,40, Dry, N, Night, Side Swipe, Minor Injury, N, N
US,2,0,0,2,2017, February, Sunday,1.80,40, Dry, N, Night, Right Angle, Minor Injury, Y, N
US,2,0,0,0,2017, March, Saturday,1.80,40, Dry, N, Night, Head On, Minor Injury, Y, N
US,2,0,0,0,2017, March, Monday,1.80,40, Wet, Y, Night, Side Swipe, Not Injured, Y, N
US,2,0,0,0,2017, April, Thursday,1.80,40, Dry, N, Night, Right Angle, Not Injured, N, N
US,2,0,0,0,2017, July, Saturday,1.80,40, Dry, N, Night, Rear End, Not Injured, N, N
US,2,0,0,0,2017, August, Wednesday,1.80,40, Dry, N, Night, Rear End, Not Injured, N, N
US,4,0,0,0,2017, September, Saturday,1.80,40, Dry, N, Night, Side Swipe, Not Injured, N, N
US,2,0,0,0,2017, November, Sunday,1.80,40, Wet, Y, Night, Head On, Not Injured, N, N
US,2,0,0,0,2017, December, Sunday,1.80,40, Dry, N, Night, Rear End, Not Injured, Y, N
US,2,0,0,0,2017, December, Thursday,1.80,40, Dry, N, Night, Right Angle, Not Injured, N, N
AUS,2,0,0,0,2017, January, Wednesday,1.80,50, Dry, N, Night, Hit Fixed Object, Not Injured, N, N
AUS,2,0,0,0,2017, February, Monday,1.80,50, Wet, Y, Night, Hit Fixed Object, Not Injured, N, N
AUS,3,0,2,0,2017, March, Sunday,1.80,50, Dry, N, Night, Hit Fixed Object, Major Injury, Y, N
AUS,2,0,1,0,2017, August, Saturday,1.80,50, Dry, N, Night, Hit Pedestrian, Major Injury, Y, N
AUS,3,0,1,0,2017, August, Saturday,1.80,50, Dry, N, Night, Hit Fixed Object, Major Injury, N, N