Nation,Total Units,Total Fatalities,Total Serious Injuries,Total Minor Injuries,Year,Month,Day,Time,Speed Limit,Moisture,Adverse Weather Conditions,DayNight,Crash Type,Crash Severity,Alcohol Related ,Drug Related
AUS,2,0,0,0,2017, August, Sunday,1.80,50, Dry, N, Night, Hit Fixed Object, Not Injured, N, N
AUS,3,0,0,0,2017, December, Saturday,1.80,50, Dry, N, Night, Hit Fixed Object, Not Injured, N, N
US,2,0,0,0,2017, March, Friday,1.80,56, Dry, N, Night, Head On, Not Injured, Y, N
US,2,0,0,1,2017, April, Saturday,1.80,56, Dry, N, Night, Head On, Minor Injury, Y, N
US,2,0,0,0,2017, June, Sunday,1.80,56, Dry, N, Night, Right Angle, Not Injured, N, N
US,2,0,0,0,2017, June, Sunday,1.80,56, Dry, N, Night, Head On, Minor Injury, N, N
AUS,2,0,0,0,2017, January, Sunday,1.80,60, Dry, N, Night, Hit Pedestrian, Not Injured, N, N
AUS,2,0,0,0,2017, August, Saturday,1.80,60, Dry, N, Night, Hit Fixed Object, Not Injured, N, N
AUS,2,0,0,0,2017, April, Monday,1.80,70, Dry, N, Night, Hit Fixed Object, Not Injured, N, N
AUS,3,0,0,0,2017, October, Monday,1.80,80, Wet, Y, Night, Hit Fixed Object, Not Injured, N, N
US,2,0,0,0,2017, December, Thursday,1.80,89, Dry, N, Night, Rear End, Not Injured, N, N
AUS,2,1,0,0,2017, July, Sunday,1.80,100, Wet, Y, Night, Hit Fixed Object, Fatal, Y, N
AUS,2,0,0,0,2017, November, Wednesday,1.80,110, Dry, N, Night, Hit Fixed Object, Not Injured, N, N
AUS,2,0,0,0,2017, February, Sunday,2.00,40, Wet, Y, Night, Hit Fixed Object, Not Injured, N, N
US,2,0,0,0,2017, January, Tuesday,2.00,40, Dry, N, Night, Rear End, Not Injured, Y, N
US,2,0,1,0,2017, February, Sunday,2.00,40, Dry, N, Night, Hit Pedestrian, Major Injury, Y, N
US,4,0,0,0,2017, March, Sunday,2.00,40, Dry, N, Night, Rear End, Not Injured, Y, N
US,3,0,0,0,2017, May, Saturday,2.00,40, Dry, N, Night, Side Swipe, Not Injured, Y, N
US,5,0,0,0,2017, July, Saturday,2.00,40, Dry, N, Night, Side Swipe, Not Injured, Y, N
US,3,0,0,0,2017, July, Saturday,2.00,40, Wet, Y, Night, Rear End, Not Injured, N, N
US,2,0,0,0,2017, August, Tuesday,2.00,40, Dry, N, Night, Rear End, Not Injured, N, N
US,2,0,0,0,2017, September, Sunday,2.00,40, Dry, N, Night, Rear End, Not Injured, N, N
US,2,0,0,0,2017, October, Tuesday,2.00,40, Dry, N, Night, Hit Pedestrian, Minor Injury, N, N
US,2,0,0,1,2017, October, Sunday,2.00,40, Dry, N, Night, Right Angle, Minor Injury, N, N
US,3,0,0,1,2017, December, Sunday,2.00,40, Dry, N, Night, Head On, Minor Injury, N, N
AUS,2,0,0,1,2017, January, Sunday,2.00,50, Dry, N, Night, Hit Fixed Object, Minor Injury, Y, N
AUS,3,0,0,0,2017, May, Thursday,2.00,50, Dry, N, Night, Hit Fixed Object, Not Injured, N, N
AUS,2,0,0,0,2017, May, Saturday,2.00,50, Dry, N, Night, Hit Fixed Object, Not Injured, N, N
AUS,2,0,0,0,2017, May, Saturday,2.00,50, Dry, N, Night, Hit Fixed Object, Not Injured, N, N
AUS,2,0,0,0,2017, May, Saturday,2.00,50, Dry, N, Night, Hit Pedestrian, Not Injured, N, N
AUS,2,0,1,0,2017, May, Sunday,2.00,50, Dry, N, Night, Hit Fixed Object, Major Injury, N, Y
AUS,2,0,0,0,2017, June, Tuesday,2.00,50, Dry, N, Night, Hit Fixed Object, Not Injured, N, N
AUS,2,0,0,0,2017, June, Sunday,2.00,50, Dry, N, Night, Hit Fixed Object, Not Injured, N, N
AUS,2,0,0,0,2017, July, Tuesday,2.00,50, Dry, N, Night, Hit Fixed Object, Not Injured, N, N
AUS,2,0,0,1,2017, July, Saturday,2.00,50, Dry, N, Night, Right Angle, Minor Injury, N, N
AUS,2,0,0,0,2017, August, Friday,2.00,50, Dry, N, Night, Hit Fixed Object, Not Injured, N, N
AUS,2,0,0,0,2017, October, Saturday,2.00,50, Dry, N, Night, Hit Fixed Object, Not Injured, Y, N
AUS,2,0,0,0,2017, November, Thursday,2.00,50, Dry, N, Night, Hit Fixed Object, Not Injured, N, N
AUS,2,0,0,1,2017, December, Sunday,2.00,50, Dry, N, Night, Hit Pedestrian, Minor Injury, Y, N
US,2,0,0,0,2017, January, Sunday,2.00,56, Wet, Y, Night, Side Swipe, Not Injured, N, N
US,2,0,0,0,2017, March, Friday,2.00,56, Wet, Y, Night, Right Angle, Minor Injury, N, N
US,2,0,0,0,2017, June, Friday,2.00,56, Dry, N, Night, Right Angle, Minor Injury, N, N
AUS,2,0,0,0,2017, January, Thursday,2.00,60, Dry, N, Night, Hit Fixed Object, Not Injured, N, N
AUS,2,0,0,0,2017, January, Saturday,2.00,60, Dry, N, Night, Right Angle, Not Injured, N, N
AUS,2,0,0,0,2017, May, Sunday,2.00,60, Dry, N, Night, Hit Fixed Object, Not Injured, N, N
AUS,2,0,0,1,2017, July, Wednesday,2.00,60, Wet, N, Night, Hit Fixed Object, Minor Injury, N, N
AUS,2,0,0,0,2017, October, Monday,2.00,60, Dry, N, Night, Hit Fixed Object, Not Injured, Y, N
AUS,2,0,0,0,2017, September, Thursday,2.00,60, Dry, N, Night, Hit Fixed Object, Not Injured, Y, N
AUS,2,0,0,0,2017, March, Saturday,2.00,70, Dry, N, Night, Hit Fixed Object, Not Injured, N, N
US,2,0,0,0,2017, July, Sunday,2.00,72, Dry, N, Night, Rear End, Minor Injury, Y, N
US,2,0,0,0,2017, November, Monday,2.00,72, Dry, N, Night, Rear End, Not Injured, Y, N
AUS,2,0,0,0,2017, June, Monday,2.00,80, Wet, N, Night, Hit Fixed Object, Not Injured, N, N
AUS,2,0,0,2,2017, December, Monday,2.00,80, Wet, Y, Night, Hit Fixed Object, Minor Injury, N, N
US,2,0,1,0,2017, January, Saturday,2.00,89, Dry, N, Night, Rear End, Major Injury, Y, N
US,2,0,0,0,2017, December, Monday,2.00,89, Wet, N, Night, Rear End, Minor Injury, N, N
AUS,2,0,0,0,2017, July, Sunday,2.00,100, Dry, N, Night, Hit Fixed Object, Not Injured, N, N
AUS,2,0,1,0,2017, December, Friday,2.00,100, Wet, N, Night, Hit Fixed Object, Major Injury, N, Y
AUS,2,0,0,0,2017, February, Saturday,2.00,110, Dry, N, Night, Hit Fixed Object, Not Injured, N, N
AUS,2,0,0,1,2017, March, Tuesday,2.00,110, Wet, Y, Night, Hit Fixed Object, Minor Injury, N, N
US,2,0,0,0,2017, January, Sunday,2.20,40, Dry, N, Night, Right Angle, Not Injured, Y, N
US,2,0,0,1,2017, January, Monday,2.20,40, Wet, Y, Night, Right Angle, Minor Injury, Y, N
US,3,0,0,0,2017, February, Tuesday,2.20,40, Dry, N, Night, Right Angle, Minor Injury, Y, N
US,2,0,0,0,2017, March, Wednesday,2.20,40, Dry, N, Night, Rear End, Not Injured, Y, N
US,2,0,0,0,2017, April, Sunday,2.20,40, Dry, N, Night, Right Angle, Not Injured, N, N
US,3,0,0,1,2017, June, Monday,2.20,40, Dry, N, Night, Side Swipe, Minor Injury, N, N
US,2,0,0,0,2017, August, Thursday,2.20,40, Dry, N, Night, Side Swipe, Not Injured, Y, N
US,2,0,0,0,2017, December, Saturday,2.20,40, Dry, N, Night, Side Swipe, Not Injured, Y, N
US,3,0,0,0,2017, December, Saturday,2.20,40, Dry, N, Night, Hit Pedestrian, Minor Injury, Y, N
US,2,0,0,1,2017, December, Sunday,2.20,40, Dry, N, Night, Head On, Minor Injury, N, N
US,2,0,0,0,2017, January, Sunday,2.20,56, Dry, N, Night, Right Angle, Not Injured, N, N
US,3,0,0,1,2017, March, Friday,2.20,56, Wet, Y, Night, Head On, Minor Injury, Y, N
US,3,0,0,0,2017, May, Thursday,2.20,56, Dry, N, Night, Rear End, Not Injured, Y, N
US,2,0,0,0,2017, December, Friday,2.20,56, Dry, N, Night, Side Swipe, Not Injured, Y, N
AUS,2,0,0,0,2017, April, Sunday,2.20,60, Dry, N, Night, Hit Fixed Object, Not Injured, Y, N
AUS,2,0,0,0,2017, May, Saturday,2.20,60, Dry, N, Night, Hit Fixed Object, Not Injured, Y, N
AUS,3,0,0,0,2017, August, Wednesday,2.20,60, Dry, N, Night, Hit Fixed Object, Not Injured, Y, N
AUS,2,0,0,0,2017, August, Sunday,2.20,60, Dry, N, Night, Hit Fixed Object, Not Injured, N, N
US,2,0,0,0,2017, May, Sunday,2.20,64, Dry, N, Night, Rear End, Not Injured, Y, N
US,2,0,1,2,2017, December, Friday,2.20,72, Dry, N, Night, Side Swipe, Major Injury, N, N
AUS,2,0,0,0,2017, November, Saturday,2.20,80, Dry, N, Night, Hit Fixed Object, Not Injured, Y, N
US,3,0,0,0,2017, January, Friday,2.30,24, Dry, N, Night, Side Swipe, Not Injured, N, N
US,5,0,0,1,2017, October, Thursday,2.30,32, Dry, N, Night, Right Angle, Minor Injury, N, N
AUS,2,0,0,0,2017, August, Saturday,2.30,40, Dry, N, Night, Hit Fixed Object, Not Injured, N, N
US,3,0,0,0,2017, January, Saturday,2.30,40, Dry, N, Night, Head On, Not Injured, Y, N
US,2,0,0,2,2017, February, Sunday,2.30,40, Dry, N, Night, Right Angle, Minor Injury, Y, N
US,2,0,0,0,2017, March, Saturday,2.30,40, Dry, N, Night, Head On, Not Injured, N, N
US,3,0,0,0,2017, March, Sunday,2.30,40, Dry, N, Night, Side Swipe, Not Injured, N, N
US,3,0,0,0,2017, March, Friday,2.30,40, Dry, N, Night, Rear End, Not Injured, Y, N
US,2,0,0,0,2017, March, Saturday,2.30,40, Dry, N, Night, Right Angle, Not Injured, N, N
US,2,0,2,0,2017, March, Saturday,2.30,40, Dry, N, Night, Right Angle, Major Injury, Y, N
US,3,0,0,0,2017, April, Monday,2.30,40, Wet, Y, Night, Rear End, Not Injured, N, N
US,3,0,0,0,2017, May, Saturday,2.30,40, Wet, Y, Night, Right Angle, Minor Injury, Y, N
US,3,0,0,1,2017, May, Friday,2.30,40, Dry, N, Night, Head On, Minor Injury, Y, N
US,5,0,0,0,2017, July, Tuesday,2.30,40, Dry, N, Night, Side Swipe, Not Injured, Y, N
US,2,0,0,0,2017, August, Sunday,2.30,40, Dry, N, Night, Side Swipe, Not Injured, Y, N
US,3,0,0,0,2017, August, Saturday,2.30,40, Dry, N, Night, Rear End, Minor Injury, N, N
US,3,0,0,1,2017, August, Wednesday,2.30,40, Wet, N, Night, Rear End, Minor Injury, N, N
US,2,0,0,0,2017, August, Tuesday,2.30,40, Dry, N, Night, Right Angle, Not Injured, N, N
US,4,0,0,0,2017, October, Sunday,2.30,40, Dry, N, Night, Right Angle, Not Injured, Y, N
US,2,0,0,0,2017, October, Sunday,2.30,40, Wet, Y, Night, Rear End, Not Injured, N, N
US,2,0,0,0,2017, November, Sunday,2.30,40, Dry, N, Night, Right Angle, Not Injured, N, N
US,3,0,0,0,2017, December, Saturday,2.30,40, Dry, N, Night, Right Angle, Not Injured, Y, N
US,2,0,0,0,2017, December, Monday,2.30,40, Dry, Y, Night, Head On, Not Injured, N, N
AUS,2,0,0,0,2017, August, Sunday,2.30,50, Dry, N, Night, Hit Fixed Object, Not Injured, N, N
AUS,2,0,0,0,2017, September, Saturday,2.30,50, Wet, N, Night, Hit Fixed Object, Not Injured, Y, N
AUS,2,0,0,0,2017, November, Thursday,2.30,50, Dry, N, Night, Hit Fixed Object, Not Injured, N, N
AUS,2,0,0,0,2017, December, Sunday,2.30,50, Dry, N, Night, Hit Pedestrian, Not Injured, N, N
AUS,2,0,0,0,2017, December, Sunday,2.30,50, Dry, N, Night, Hit Fixed Object, Not Injured, N, N
AUS,2,0,0,0,2017, December, Monday,2.30,50, Dry, N, Night, Hit Fixed Object, Not Injured, N, N
US,2,0,0,0,2017, January, Monday,2.30,56, Dry, N, Night, Side Swipe, Not Injured, N, N
US,2,0,0,0,2017, April, Saturday,2.30,56, Wet, N, Night, Head On, Not Injured, N, N
US,2,0,0,0,2017, June, Sunday,2.30,56, Dry, N, Night, Rear End, Not Injured, N, N
US,2,0,0,0,2017, August, Wednesday,2.30,56, Dry, N, Night, Right Angle, Not Injured, Y, N
US,2,0,0,0,2017, November, Saturday,2.30,56, Dry, N, Night, Right Angle, Not Injured, Y, N
US,2,0,0,1,2017, November, Sunday,2.30,56, Dry, N, Night, Right Angle, Minor Injury, N, N
AUS,3,0,0,0,2017, January, Tuesday,2.30,60, Dry, N, Night, Hit Fixed Object, Not Injured, N, N
AUS,2,0,0,0,2017, March, Saturday,2.30,60, Dry, N, Night, Side Swipe, Not Injured, N, N
AUS,2,0,0,0,2017, July, Monday,2.30,60, Dry, N, Night, Right Angle, Not Injured, N, N
US,2,0,0,0,2017, January, Monday,2.30,89, Dry, N, Night, Rear End, Minor Injury, Y, N
US,2,0,0,0,2017, March, Thursday,2.30,89, Wet, Y, Night, Head On, Minor Injury, Y, N
US,4,0,0,0,2017, September, Sunday,2.30,89, Dry, N, Night, Rear End, Not Injured, Y, N
AUS,2,0,0,0,2017, April, Saturday,2.30,110, Dry, N, Night, Hit Fixed Object, Not Injured, N, Y
US,3,0,0,0,2017, February, Monday,2.50,40, Wet, Y, Night, Head On, Not Injured, Y, N
US,2,0,0,0,2017, April, Friday,2.50,40, Dry, N, Night, Rear End, Not Injured, Y, N
US,3,0,0,0,2017, May, Saturday,2.50,40, Dry, N, Night, Rear End, Not Injured, N, N
US,4,0,0,0,2017, June, Friday,2.50,40, Dry, N, Night, Right Angle, Minor Injury, Y, N
US,3,0,0,0,2017, April, Monday,2.50,40, Dry, N, Night, Side Swipe, Not Injured, Y, N
US,2,0,0,0,2017, August, Wednesday,2.50,40, Dry, N, Night, Right Angle, Not Injured, N, N
US,4,0,0,0,2017, August, Sunday,2.50,40, Dry, N, Night, Side Swipe, Not Injured, N, N
US,4,0,0,0,2017, September, Saturday,2.50,40, Dry, N, Night, Right Angle, Not Injured, N, N
US,3,0,0,0,2017, September, Thursday,2.50,40, Dry, N, Night, Rear End, Not Injured, N, N
US,2,0,0,0,2017, September, Friday,2.50,40, Dry, N, Night, Rear End, Not Injured, Y, N
US,2,0,0,0,2017, December, Saturday,2.50,40, Dry, N, Night, Side Swipe, Not Injured, N, N
US,2,0,0,0,2017, December, Saturday,2.50,40, Dry, N, Night, Side Swipe, Not Injured, N, N
AUS,2,0,0,0,2017, January, Sunday,2.50,50, Dry, N, Night, Hit Fixed Object, Not Injured, Y, Y
AUS,2,0,0,0,2017, May, Thursday,2.50,50, Dry, N, Night, Hit Fixed Object, Not Injured, Y, N
AUS,2,0,0,2,2017, September, Friday,2.50,50, Dry, N, Night, Hit Fixed Object, Minor Injury, N, N
US,5,0,0,0,2017, April, Saturday,2.50,56, Wet, Y, Night, Head On, Not Injured, Y, N
US,2,0,0,0,2017, December, Saturday,2.50,56, Dry, N, Night, Right Angle, Not Injured, Y, N
AUS,2,0,0,1,2017, January, Sunday,2.50,60, Dry, N, Night, Hit Pedestrian, Minor Injury, N, N
AUS,2,0,0,0,2017, February, Thursday,2.50,60, Dry, N, Night, Hit Fixed Object, Not Injured, N, N
AUS,2,0,0,0,2017, March, Sunday,2.50,60, Dry, N, Night, Hit Fixed Object, Not Injured, N, N
AUS,2,0,1,0,2017, April, Monday,2.50,60, Wet, N, Night, Hit Fixed Object, Major Injury, Y, N
AUS,2,0,0,0,2017, May, Saturday,2.50,60, Dry, N, Night, Hit Fixed Object, Not Injured, N, N
AUS,3,0,0,0,2017, July, Thursday,2.50,60, Wet, N, Night, Rear End, Not Injured, N, N
AUS,2,0,0,0,2017, August, Saturday,2.50,60, Dry, N, Night, Hit Fixed Object, Not Injured, N, N
AUS,2,0,0,3,2017, March, Friday,2.50,80, Dry, N, Night, Hit Fixed Object, Minor Injury, Y, Y
AUS,2,0,0,0,2017, July, Friday,2.50,80, Wet, Y, Night, Hit Fixed Object, Not Injured, N, N
US,2,0,0,0,2017, October, Sunday,2.50,89, Dry, N, Night, Rear End, Minor Injury, Y, N
US,3,0,0,0,2017, December, Saturday,2.50,89, Dry, N, Night, Side Swipe, Not Injured, Y, N
AUS,2,0,0,0,2017, May, Sunday,2.50,100, Dry, N, Night, Hit Fixed Object, Not Injured, N, N
AUS,2,0,0,0,2017, October, Friday,2.50,100, Dry, N, Night, Hit Fixed Object, Not Injured, N, N
AUS,2,0,0,0,2017, July, Saturday,2.50,110, Dry, N, Night, Hit Fixed Object, Not Injured, Y, N
AUS,2,0,0,1,2017, September, Thursday,2.50,110, Dry, N, Night, Head On, Minor Injury, N, N
US,2,0,0,0,2017, February, Sunday,2.70,40, Dry, N, Night, Right Angle, Not Injured, N, N
US,2,0,0,0,2017, May, Tuesday,2.70,40, Dry, N, Night, Head On, Not Injured, Y, N
US,2,0,0,2,2017, June, Friday,2.70,40, Wet, Y, Night, Head On, Minor Injury, N, N
US,2,0,0,0,2017, October, Sunday,2.70,40, Wet, Y, Night, Right Angle, Not Injured, N, N
US,2,0,0,0,2017, December, Friday,2.70,40, Dry, N, Night, Side Swipe, Not Injured, Y, N
AUS,2,0,0,0,2017, February, Sunday,2.70,50, Dry, N, Night, Hit Fixed Object, Not Injured, N, N
AUS,3,0,0,0,2017, July, Wednesday,2.70,50, Dry, N, Night, Hit Fixed Object, Not Injured, Y, N
US,2,0,0,0,2017, February, Saturday,2.70,56, Dry, N, Night, Side Swipe, Not Injured, Y, Y
US,2,0,0,0,2017, May, Sunday,2.70,56, Dry, N, Night, Rear End, Minor Injury, N, N
US,2,0,0,0,2017, July, Monday,2.70,56, Dry, N, Night, Side Swipe, Not Injured, N, N
US,2,0,0,1,2017, July, Friday,2.70,56, Dry, N, Night, Rear End, Minor Injury, N, N
US,3,0,0,0,2017, September, Friday,2.70,56, Dry, N, Night, Right Angle, Minor Injury, Y, N
US,2,0,0,0,2017, November, Sunday,2.70,56, Dry, N, Night, Right Angle, Minor Injury, N, N
AUS,2,0,0,0,2017, February, Tuesday,2.70,60, Dry, N, Night, Right Angle, Not Injured, N, N
AUS,2,0,0,0,2017, March, Thursday,2.70,60, Wet, Y, Night, Hit Fixed Object, Not Injured, N, N
AUS,2,0,0,0,2017, September, Monday,2.70,60, Dry, N, Night, Hit Fixed Object, Not Injured, N, N
AUS,2,0,0,0,2017, June, Saturday,2.70,80, Dry, N, Night, Hit Fixed Object, Not Injured, N, N
US,2,0,0,0,2017, June, Friday,2.70,89, Dry, N, Night, Side Swipe, Not Injured, Y, N
AUS,2,0,1,0,2017, August, Wednesday,2.70,110, Dry, N, Night, Head On, Major Injury, N, N
AUS,2,0,0,0,2017, November, Thursday,2.80,40, Wet, N, Night, Hit Fixed Object, Not Injured, N, N
AUS,2,0,0,0,2017, December, Monday,2.80,40, Dry, N, Night, Hit Fixed Object, Not Injured, N, Y
US,4,0,0,0,2017, January, Sunday,2.80,40, Dry, N, Night, Rear End, Not Injured, Y, N
US,2,0,0,1,2017, January, Saturday,2.80,40, Wet, N, Night, Side Swipe, Minor Injury, Y, N
US,2,0,0,0,2017, March, Tuesday,2.80,40, Dry, N, Night, Right Angle, Not Injured, N, N
US,3,0,0,0,2017, March, Friday,2.80,40, Wet, Y, Night, Side Swipe, Not Injured, N, N
US,2,0,0,1,2017, April, Sunday,2.80,40, Dry, N, Night, Rear End, Minor Injury, N, N
US,2,0,0,0,2017, July, Thursday,2.80,40, Dry, N, Night, Right Angle, Not Injured, Y, N
US,4,0,0,0,2017, July, Thursday,2.80,40, Dry, N, Night, Side Swipe, Not Injured, Y, N
US,2,0,0,0,2017, August, Saturday,2.80,40, Dry, N, Night, Rear End, Not Injured, Y, N
US,3,0,0,0,2017, August, Sunday,2.80,40, Dry, N, Night, Rear End, Not Injured, N, N
US,2,0,0,0,2017, September, Sunday,2.80,40, Dry, N, Night, Rear End, Minor Injury, N, N
US,4,0,0,0,2017, September, Friday,2.80,40, Dry, N, Night, Side Swipe, Not Injured, Y, N
US,3,0,0,0,2017, December, Saturday,2.80,40, Dry, N, Night, Side Swipe, Minor Injury, Y, N
US,2,0,0,2,2017, March, Saturday,2.80,48, Dry, N, Night, Side Swipe, Minor Injury, N, N
AUS,2,0,0,1,2017, June, Sunday,2.80,50, Dry, N, Night, Hit Pedestrian, Minor Injury, N, N
AUS,2,0,0,0,2017, August, Tuesday,2.80,50, Wet, Y, Night, Hit Fixed Object, Not Injured, N, N
US,2,0,0,0,2017, July, Friday,2.80,56, Dry, N, Night, Right Angle, Minor Injury, Y, N
AUS,2,0,0,1,2017, February, Tuesday,2.80,60, Dry, N, Night, Hit Fixed Object, Minor Injury, N, N
AUS,2,0,0,0,2017, May, Saturday,2.80,60, Dry, N, Night, Hit Fixed Object, Not Injured, N, N
AUS,2,0,0,0,2017, June, Monday,2.80,60, Wet, N, Night, Hit Fixed Object, Not Injured, N, N
US,2,0,0,0,2017, May, Sunday,2.80,64, Dry, N, Night, Right Angle, Not Injured, N, N
AUS,2,0,0,0,2017, May, Tuesday,2.80,70, Dry, N, Night, Side Swipe, Not Injured, N, N
AUS,3,0,0,1,2017, May, Tuesday,2.80,80, Wet, Y, Night, Hit Fixed Object, Minor Injury, N, N
AUS,2,0,0,0,2017, December, Friday,2.80,80, Wet, N, Night, Hit Fixed Object, Not Injured, N, N
US,2,0,0,0,2017, February, Sunday,2.80,89, Dry, N, Night, Right Angle, Not Injured, N, N
US,2,0,0,0,2017, April, Thursday,2.80,89, Dry, N, Night, Rear End, Minor Injury, Y, N
US,2,0,0,0,2017, July, Tuesday,2.80,89, Dry, N, Night, Right Angle, Not Injured, N, N
AUS,2,0,0,0,2017, July, Monday,2.80,90, Dry, N, Night, Hit Fixed Object, Not Injured, N, N
AUS,2,0,0,0,2017, July, Friday,2.80,90, Dry, N, Night, Hit Fixed Object, Not Injured, N, N
AUS,2,0,0,1,2017, December, Sunday,2.80,110, Dry, N, Night, Hit Fixed Object, Minor Injury, Y, N
AUS,2,0,0,0,2017, July, Wednesday,3.00,40, Dry, N, Night, Hit Fixed Object, Not Injured, N, N
US,2,0,0,0,2017, March, Sunday,3.00,40, Dry, N, Night, Right Angle, Not Injured, N, N
US,2,0,0,0,2017, March, Saturday,3.00,40, Dry, Y, Night, Rear End, Not Injured, N, N
US,3,0,0,1,2017, April, Sunday,3.00,40, Dry, N, Night, Right Angle, Minor Injury, N, N
US,2,0,0,0,2017, April, Tuesday,3.00,40, Dry, N, Night, Rear End, Not Injured, Y, N
US,2,0,0,0,2017, May, Friday,3.00,40, Dry, N, Night, Side Swipe, Not Injured, Y, N
US,4,0,0,0,2017, August, Sunday,3.00,40, Dry, N, Night, Side Swipe, Not Injured, Y, N
US,3,0,0,0,2017, September, Saturday,3.00,40, Dry, N, Night, Side Swipe, Not Injured, Y, N
US,2,0,0,1,2017, October, Sunday,3.00,40, Dry, N, Night, Side Swipe, Minor Injury, N, N
US,2,0,0,0,2017, October, Saturday,3.00,40, Dry, N, Night, Right Angle, Not Injured, N, N
US,2,0,0,1,2017, December, Saturday,3.00,40, Dry, N, Night, Head On, Minor Injury, Y, N
US,2,0,0,0,2017, December, Saturday,3.00,40, Dry, Y, Night, Head On, Not Injured, N, N
AUS,2,0,1,0,2017, May, Wednesday,3.00,50, Dry, N, Night, Hit Fixed Object, Major Injury, N, N
AUS,2,0,0,0,2017, June, Monday,3.00,50, Dry, N, Night, Hit Pedestrian, Not Injured, N, N
AUS,2,0,0,0,2017, June, Tuesday,3.00,50, Dry, N, Night, Hit Fixed Object, Not Injured, N, Y
AUS,3,0,0,0,2017, June, Saturday,3.00,50, Dry, N, Night, Hit Fixed Object, Not Injured, N, N
AUS,2,0,0,0,2017, October, Saturday,3.00,50, Dry, N, Night, Hit Fixed Object, Not Injured, Y, N
US,2,0,0,3,2017, January, Sunday,3.00,56, Dry, N, Night, Right Angle, Minor Injury, N, N
US,2,0,0,0,2017, March, Friday,3.00,56, Wet, Y, Night, Side Swipe, Not Injured, N, N
US,2,0,0,0,2017, April, Tuesday,3.00,56, Dry, N, Night, Side Swipe, Not Injured, N, N
AUS,2,0,0,0,2017, March, Monday,3.00,60, Dry, N, Night, Hit Fixed Object, Not Injured, N, N
AUS,2,0,0,0,2017, June, Monday,3.00,60, Dry, N, Night, Hit Fixed Object, Not Injured, Y, N
AUS,3,0,0,0,2017, November, Wednesday,3.00,60, Dry, N, Night, Hit Fixed Object, Not Injured, N, N
AUS,2,0,0,0,2017, March, Sunday,3.00,80, Dry, N, Night, Hit Fixed Object, Not Injured, N, N
AUS,2,0,0,1,2017, November, Saturday,3.00,80, Dry, N, Night, Hit Fixed Object, Minor Injury, Y, N
US,2,0,0,0,2017, May, Monday,3.00,89, Dry, N, Night, Side Swipe, Not Injured, Y, N
AUS,2,0,0,2,2017, April, Thursday,3.00,90, Dry, N, Night, Hit Fixed Object, Minor Injury, N, Y
AUS,2,0,0,2,2017, October, Saturday,3.00,90, Dry, N, Night, Rear End, Minor Injury, N, N
AUS,2,1,0,0,2017, April, Wednesday,3.00,100, Dry, N, Night, Hit Fixed Object, Fatal, N, N
AUS,2,0,0,1,2017, July, Tuesday,3.00,100, Wet, N, Night, Hit Fixed Object, Minor Injury, N, N
US,2,0,0,0,2017, September, Saturday,3.00,105, Dry, N, Night, Rear End, Not Injured, Y, N
US,2,0,0,1,2017, January, Saturday,3.20,40, Dry, N, Night, Right Angle, Minor Injury, N, N
US,2,0,0,0,2017, February, Saturday,3.20,40, Dry, N, Night, Head On, Not Injured, Y, N
US,3,0,0,0,2017, February, Sunday,3.20,40, Dry, N, Night, Right Angle, Not Injured, N, N
US,2,0,0,1,2017, July, Sunday,3.20,40, Dry, N, Night, Right Angle, Minor Injury, N, N
US,2,0,0,0,2017, August, Sunday,3.20,40, Dry, N, Night, Right Angle, Minor Injury, N, N
US,2,0,0,0,2017, October, Sunday,3.20,40, Wet, Y, Night, Rear End, Not Injured, N, N
US,4,0,0,0,2017, December, Saturday,3.20,40, Dry, N, Night, Side Swipe, Not Injured, N, N
US,2,0,0,0,2017, January, Saturday,3.20,56, Wet, N, Night, Rear End, Not Injured, N, N
US,2,0,0,0,2017, February, Friday,3.20,56, Dry, N, Night, Side Swipe, Not Injured, Y, N
US,2,0,0,0,2017, November, Saturday,3.20,56, Dry, N, Night, Side Swipe, Not Injured, Y, N
AUS,2,0,0,0,2017, February, Monday,3.20,60, Dry, N, Night, Hit Fixed Object, Not Injured, Y, N
AUS,2,0,0,0,2017, December, Thursday,3.20,60, Dry, N, Night, Hit Fixed Object, Not Injured, N, Y
AUS,2,0,0,1,2017, December, Sunday,3.20,60, Dry, N, Night, Hit Fixed Object, Minor Injury, Y, N
AUS,2,0,0,2,2017, September, Saturday,3.20,70, Wet, Y, Night, Hit Fixed Object, Minor Injury, Y, N
AUS,2,0,0,1,2017, June, Wednesday,3.20,80, Dry, N, Night, Hit Fixed Object, Minor Injury, Y, Y
US,2,0,0,0,2017, August, Tuesday,3.20,89, Dry, N, Night, Right Angle, Not Injured, N, N
US,2,0,0,0,2017, October, Monday,3.30,24, Dry, N, Night, Side Swipe, Not Injured, Y, N
US,2,0,0,0,2017, January, Sunday,3.30,40, Wet, Y, Night, Right Angle, Not Injured, N, N
US,2,0,0,0,2017, May, Sunday,3.30,40, Wet, Y, Night, Rear End, Not Injured, Y, N
US,2,0,0,0,2017, June, Tuesday,3.30,40, Dry, N, Night, Rear End, Not Injured, Y, N
AUS,2,0,0,0,2017, July, Sunday,3.30,50, Dry, N, Night, Head On, Not Injured, N, N
AUS,2,0,0,0,2017, July, Saturday,3.30,50, Dry, N, Night, Side Swipe, Not Injured, N, N
AUS,2,0,0,0,2017, September, Saturday,3.30,50, Dry, N, Night, Hit Fixed Object, Not Injured, N, N
US,2,0,0,0,2017, January, Sunday,3.30,56, Dry, N, Night, Rear End, Not Injured, N, N
AUS,2,0,0,0,2017, April, Saturday,3.30,60, Dry, N, Night, Hit Fixed Object, Not Injured, N, N