Nation,Total Units,Total Fatalities,Total Serious Injuries,Total Minor Injuries,Year,Month,Day,Time,Speed Limit,Moisture,Adverse Weather Conditions,DayNight,Crash Type,Crash Severity,Alcohol Related ,Drug Related
AUS,2,0,1,0,2017, December, Friday,3.30,60, Wet, Y, Night, Hit Fixed Object, Major Injury, N, N
AUS,2,0,0,0,2017, August, Friday,3.30,80, Dry, N, Night, Hit Fixed Object, Not Injured, N, N
US,2,0,0,0,2017, December, Sunday,3.30,89, Dry, N, Night, Rear End, Not Injured, Y, N
US,3,0,0,0,2017, January, Wednesday,3.50,40, Wet, Y, Night, Rear End, Not Injured, Y, N
US,2,0,0,0,2017, April, Sunday,3.50,40, Dry, N, Night, Rear End, Not Injured, N, N
US,2,0,0,0,2017, May, Friday,3.50,40, Dry, N, Night, Side Swipe, Not Injured, Y, N
US,2,0,0,1,2017, June, Saturday,3.50,40, Dry, N, Night, Side Swipe, Minor Injury, N, N
US,2,0,0,0,2017, August, Monday,3.50,40, Dry, N, Night, Rear End, Minor Injury, N, N
US,2,0,0,0,2017, September, Sunday,3.50,40, Wet, Y, Night, Right Angle, Not Injured, Y, N
US,5,0,0,0,2017, October, Monday,3.50,40, Dry, N, Night, Side Swipe, Not Injured, N, N
US,3,0,0,0,2017, December, Saturday,3.50,40, Dry, N, Night, Right Angle, Not Injured, N, N
AUS,2,0,0,0,2017, January, Sunday,3.50,50, Dry, N, Night, Hit Fixed Object, Not Injured, N, N
AUS,2,0,0,3,2017, March, Sunday,3.50,50, Dry, N, Night, Hit Fixed Object, Minor Injury, Y, N
AUS,2,0,0,0,2017, May, Sunday,3.50,50, Wet, Y, Night, Hit Fixed Object, Not Injured, N, N
AUS,2,0,0,0,2017, June, Saturday,3.50,50, Dry, N, Night, Hit Fixed Object, Not Injured, N, N
AUS,3,0,0,0,2017, November, Friday,3.50,50, Dry, N, Night, Rear End, Not Injured, N, N
AUS,2,0,0,0,2017, February, Sunday,3.50,60, Dry, N, Night, Right Angle, Not Injured, Y, N
AUS,2,0,0,0,2017, March, Sunday,3.50,60, Dry, N, Night, Hit Fixed Object, Not Injured, N, N
AUS,2,0,0,0,2017, April, Tuesday,3.50,60, Wet, N, Night, Hit Fixed Object, Not Injured, N, N
AUS,2,0,0,0,2017, December, Sunday,3.50,60, Dry, N, Night, Hit Fixed Object, Not Injured, Y, N
AUS,2,0,0,1,2017, December, Saturday,3.50,60, Dry, N, Night, Hit Fixed Object, Minor Injury, Y, N
AUS,3,0,0,1,2017, May, Saturday,3.50,80, Dry, N, Night, Hit Fixed Object, Minor Injury, N, N
AUS,2,0,0,0,2017, March, Sunday,3.50,90, Wet, Y, Night, Hit Fixed Object, Not Injured, Y, N
AUS,2,0,0,1,2017, February, Wednesday,3.50,100, Dry, N, Night, Hit Fixed Object, Minor Injury, Y, N
AUS,2,0,0,0,2017, June, Thursday,3.50,100, Dry, N, Night, Hit Fixed Object, Not Injured, N, N
AUS,2,0,0,0,2017, June, Saturday,3.50,110, Dry, N, Night, Hit Fixed Object, Not Injured, N, N
US,2,0,0,2,2017, November, Friday,3.70,24, Dry, N, Night, Rear End, Minor Injury, N, N
US,2,0,0,0,2017, April, Sunday,3.70,40, Dry, N, Night, Right Angle, Not Injured, Y, N
US,4,0,0,1,2017, August, Wednesday,3.70,40, Dry, N, Night, Side Swipe, Minor Injury, N, N
AUS,2,0,0,0,2017, August, Friday,3.70,50, Dry, N, Night, Hit Fixed Object, Not Injured, N, N
US,2,0,0,0,2017, May, Thursday,3.70,56, Wet, Y, Night, Right Angle, Not Injured, N, N
AUS,2,0,0,1,2017, April, Wednesday,3.70,60, Dry, N, Night, Hit Fixed Object, Minor Injury, N, Y
AUS,3,0,0,0,2017, June, Friday,3.70,60, Dry, N, Night, Hit Pedestrian, Not Injured, N, N
US,2,2,0,0,2017, April, Thursday,3.70,72, Wet, Y, Night, Head On, Fatal, Y, N
AUS,2,0,0,1,2017, November, Thursday,3.70,100, Dry, N, Night, Hit Fixed Object, Minor Injury, N, N
US,3,0,0,0,2017, January, Sunday,3.80,40, Dry, Y, Night, Rear End, Minor Injury, N, N
US,2,0,0,0,2017, March, Sunday,3.80,40, Dry, N, Night, Side Swipe, Not Injured, N, N
US,2,0,0,0,2017, October, Tuesday,3.80,40, Dry, N, Night, Head On, Not Injured, N, N
US,2,0,0,0,2017, December, Sunday,3.80,40, Dry, N, Night, Rear End, Not Injured, N, N
AUS,2,0,0,0,2017, January, Friday,3.80,50, Dry, N, Night, Hit Fixed Object, Not Injured, Y, Y
AUS,2,1,1,0,2017, July, Friday,3.80,50, Wet, Y, Night, Hit Fixed Object, Fatal, N, Y
AUS,2,0,0,0,2017, August, Wednesday,3.80,50, Dry, N, Night, Hit Fixed Object, Not Injured, N, N
AUS,2,0,0,0,2017, December, Sunday,3.80,50, Dry, N, Night, Hit Fixed Object, Not Injured, Y, N
US,2,0,0,0,2017, February, Thursday,3.80,56, Dry, N, Night, Right Angle, Minor Injury, N, N
US,2,0,0,0,2017, February, Sunday,3.80,56, Dry, N, Night, Head On, Not Injured, N, N
AUS,2,0,0,0,2017, March, Sunday,3.80,60, Dry, N, Night, Hit Fixed Object, Not Injured, Y, N
AUS,2,0,0,0,2017, January, Wednesday,3.80,60, Dry, N, Night, Hit Fixed Object, Not Injured, N, N
AUS,2,0,0,0,2017, May, Friday,3.80,80, Dry, N, Night, Hit Fixed Object, Not Injured, N, N
AUS,2,0,1,0,2017, May, Friday,3.80,80, Wet, N, Night, Hit Fixed Object, Major Injury, N, N
US,2,0,0,0,2017, May, Thursday,3.80,89, Wet, Y, Night, Rear End, Not Injured, Y, N
AUS,2,0,0,0,2017, July, Saturday,3.80,90, Wet, Y, Night, Hit Fixed Object, Not Injured, N, N
US,2,0,0,0,2017, February, Monday,4.00,40, Wet, N, Night, Right Angle, Not Injured, N, N
US,3,0,0,0,2017, August, Saturday,4.00,40, Dry, N, Night, Side Swipe, Not Injured, Y, N
AUS,3,0,0,0,2017, January, Sunday,4.00,50, Dry, N, Night, Hit Fixed Object, Not Injured, Y, N
AUS,2,0,0,0,2017, April, Saturday,4.00,50, Dry, N, Night, Hit Fixed Object, Not Injured, N, N
AUS,3,1,0,0,2017, July, Saturday,4.00,50, Dry, N, Night, Hit Pedestrian, Fatal, N, N
AUS,3,0,0,0,2017, October, Thursday,4.00,50, Dry, N, Night, Hit Fixed Object, Not Injured, N, N
AUS,3,0,2,2,2017, January, Saturday,4.00,60, Dry, N, Night, Rear End, Major Injury, N, N
AUS,2,0,0,1,2017, February, Monday,4.00,60, Wet, Y, Night, Right Angle, Minor Injury, N, N
AUS,2,0,0,0,2017, January, Friday,4.00,60, Dry, N, Night, Hit Fixed Object, Not Injured, Y, N
AUS,2,0,0,0,2017, May, Saturday,4.00,60, Dry, N, Night, Hit Fixed Object, Not Injured, N, N
AUS,2,0,0,0,2017, July, Saturday,4.00,60, Wet, Y, Night, Hit Fixed Object, Not Injured, N, N
AUS,2,0,0,0,2017, October, Sunday,4.00,60, Dry, N, Night, Side Swipe, Not Injured, Y, N
AUS,3,0,0,0,2017, January, Monday,4.00,80, Dry, N, Night, Hit Fixed Object, Not Injured, N, N
AUS,2,0,0,2,2017, July, Saturday,4.00,80, Dry, N, Night, Hit Fixed Object, Minor Injury, Y, Y
AUS,2,0,0,0,2017, February, Monday,4.00,100, Dry, N, Night, Hit Fixed Object, Not Injured, N, N
AUS,2,0,0,1,2017, April, Sunday,4.00,100, Dry, N, Night, Hit Fixed Object, Minor Injury, Y, N
AUS,2,0,0,0,2017, December, Sunday,4.00,100, Dry, N, Night, Hit Fixed Object, Not Injured, N, N
AUS,2,0,0,0,2017, July, Friday,4.00,110, Dry, N, Night, Hit Fixed Object, Not Injured, N, N
US,2,0,0,0,2017, March, Sunday,4.20,40, Dry, N, Night, Side Swipe, Not Injured, N, N
US,2,0,0,0,2017, May, Wednesday,4.20,40, Dry, N, Night, Right Angle, Minor Injury, N, N
US,4,0,0,0,2017, September, Friday,4.20,40, Dry, N, Night, Right Angle, Not Injured, Y, N
AUS,2,0,0,0,2017, April, Friday,4.20,50, Wet, N, Night, Hit Fixed Object, Not Injured, N, N
US,2,0,0,0,2017, July, Sunday,4.20,56, Dry, N, Night, Side Swipe, Not Injured, N, N
AUS,2,0,0,0,2017, April, Thursday,4.20,60, Wet, N, Night, Hit Fixed Object, Not Injured, N, N
AUS,3,0,0,0,2017, June, Saturday,4.20,60, Dry, N, Night, Hit Fixed Object, Not Injured, N, N
AUS,2,2,0,0,2017, August, Saturday,4.20,100, Dry, N, Night, Hit Fixed Object, Fatal, Y, N
AUS,2,0,0,1,2017, October, Wednesday,4.20,100, Dry, N, Night, Hit Fixed Object, Minor Injury, N, N
AUS,2,0,0,0,2017, December, Friday,4.20,110, Wet, Y, Night, Rear End, Not Injured, N, N
US,2,0,0,0,2017, February, Monday,4.30,40, Dry, N, Night, Rear End, Not Injured, Y, N
US,4,0,0,0,2017, May, Tuesday,4.30,40, Dry, N, Night, Side Swipe, Not Injured, Y, N
US,2,0,0,0,2017, June, Saturday,4.30,40, Dry, N, Daylight, Head On, Not Injured, N, N
US,2,0,0,0,2017, September, Saturday,4.30,40, Dry, N, Night, Rear End, Not Injured, N, N
US,2,0,0,0,2017, October, Sunday,4.30,40, Dry, N, Night, Head On, Not Injured, N, N
AUS,3,0,0,1,2017, November, Sunday,4.30,50, Dry, N, Night, Right Angle, Minor Injury, Y, N
US,2,0,0,2,2017, January, Friday,4.30,56, Wet, Y, Night, Head On, Minor Injury, Y, N
US,2,0,0,0,2017, May, Friday,4.30,56, Dry, N, Night, Side Swipe, Not Injured, N, N
AUS,2,0,0,1,2017, April, Saturday,4.30,60, Dry, N, Night, Right Angle, Minor Injury, N, N
AUS,2,0,0,0,2017, April, Thursday,4.30,60, Dry, N, Night, Right Angle, Not Injured, N, N
AUS,2,0,0,0,2017, May, Sunday,4.30,60, Dry, N, Night, Hit Fixed Object, Not Injured, N, N
AUS,2,0,0,0,2017, June, Saturday,4.30,60, Wet, Y, Night, Hit Fixed Object, Not Injured, Y, N
AUS,2,0,0,0,2017, July, Monday,4.30,60, Dry, N, Night, Hit Fixed Object, Not Injured, N, N
AUS,2,0,0,1,2017, September, Saturday,4.30,60, Dry, N, Night, Hit Fixed Object, Minor Injury, N, N
AUS,2,0,0,0,2017, October, Monday,4.30,60, Dry, N, Night, Hit Fixed Object, Not Injured, N, N
US,2,0,3,0,2017, July, Monday,4.30,72, Dry, N, Night, Right Angle, Major Injury, N, N
US,2,0,0,2,2017, July, Saturday,4.30,72, Dry, N, Night, Right Angle, Minor Injury, N, N
AUS,2,0,0,0,2017, July, Tuesday,4.30,80, Dry, N, Night, Hit Fixed Object, Not Injured, N, N
AUS,2,0,0,1,2017, February, Thursday,4.30,100, Dry, N, Night, Hit Fixed Object, Minor Injury, N, N
AUS,2,0,0,0,2017, July, Thursday,4.30,100, Wet, N, Night, Hit Fixed Object, Not Injured, N, N
AUS,2,0,0,0,2017, November, Saturday,4.50,40, Dry, N, Night, Hit Fixed Object, Not Injured, N, N
US,2,0,0,1,2017, February, Sunday,4.50,40, Wet, Y, Night, Right Angle, Minor Injury, N, N
US,2,0,0,0,2017, August, Thursday,4.50,40, Dry, N, Night, Side Swipe, Not Injured, Y, N
US,2,0,0,0,2017, December, Thursday,4.50,40, Dry, Y, Night, Right Angle, Not Injured, N, N
AUS,2,0,0,0,2017, January, Thursday,4.50,50, Dry, N, Night, Hit Fixed Object, Not Injured, N, N
AUS,2,0,0,0,2017, April, Friday,4.50,50, Dry, N, Night, Hit Fixed Object, Not Injured, Y, N
AUS,2,0,0,0,2017, August, Tuesday,4.50,50, Dry, N, Night, Hit Fixed Object, Not Injured, N, N
US,2,0,0,2,2017, July, Saturday,4.50,56, Wet, Y, Night, Head On, Minor Injury, Y, N
US,2,0,0,0,2017, December, Saturday,4.50,56, Dry, N, Night, Head On, Not Injured, N, N
AUS,2,0,0,0,2017, February, Monday,4.50,60, Wet, Y, Night, Hit Fixed Object, Not Injured, N, N
AUS,2,0,0,0,2017, March, Thursday,4.50,60, Dry, N, Night, Hit Fixed Object, Not Injured, N, N
AUS,2,0,0,0,2017, March, Saturday,4.50,60, Dry, N, Night, Right Angle, Not Injured, N, N
AUS,2,0,0,0,2017, February, Monday,4.50,80, Wet, Y, Night, Hit Fixed Object, Not Injured, N, N
AUS,3,0,0,0,2017, January, Thursday,4.50,100, Dry, N, Night, Hit Fixed Object, Not Injured, N, N
AUS,2,0,0,1,2017, March, Sunday,4.50,100, Dry, N, Night, Hit Fixed Object, Minor Injury, N, N
AUS,2,0,0,1,2017, April, Saturday,4.50,100, Wet, Y, Night, Hit Fixed Object, Minor Injury, N, Y
AUS,2,0,0,0,2017, July, Thursday,4.50,100, Wet, Y, Night, Hit Fixed Object, Not Injured, N, N
AUS,2,0,0,0,2017, December, Thursday,4.50,100, Dry, N, Night, Hit Fixed Object, Not Injured, N, N
AUS,2,0,0,0,2017, August, Wednesday,4.50,110, Dry, N, Night, Hit Fixed Object, Not Injured, N, N
US,2,0,0,0,2017, February, Friday,4.70,40, Dry, N, Night, Rear End, Not Injured, N, N
US,2,0,0,0,2017, June, Saturday,4.70,40, Dry, N, Night, Rear End, Not Injured, N, N
US,2,0,0,0,2017, October, Tuesday,4.70,40, Wet, N, Night, Hit Pedestrian, Minor Injury, N, N
AUS,2,0,0,1,2017, January, Saturday,4.70,50, Dry, N, Night, Rear End, Minor Injury, N, N
AUS,2,0,0,0,2017, January, Sunday,4.70,50, Dry, N, Night, Rear End, Not Injured, N, N
AUS,2,0,0,0,2017, November, Sunday,4.70,50, Dry, N, Night, Hit Fixed Object, Not Injured, N, N
US,2,0,0,0,2017, October, Sunday,4.70,56, Dry, N, Night, Rear End, Not Injured, N, N
US,2,0,0,0,2017, November, Saturday,4.70,64, Dry, N, Night, Rear End, Not Injured, Y, N
AUS,2,0,0,2,2017, October, Friday,4.70,80, Dry, N, Night, Right Angle, Minor Injury, N, N
US,2,0,0,0,2017, March, Thursday,4.70,89, Dry, N, Night, Rear End, Not Injured, N, N
AUS,2,0,0,0,2017, October, Saturday,4.70,90, Wet, Y, Night, Hit Fixed Object, Not Injured, N, N
AUS,2,0,0,1,2017, February, Sunday,4.70,100, Dry, N, Night, Hit Fixed Object, Minor Injury, N, N
US,2,0,0,0,2017, July, Saturday,4.80,24, Dry, N, Night, Rear End, Not Injured, N, N
US,2,0,0,0,2017, June, Friday,4.80,40, Wet, Y, Night, Rear End, Not Injured, N, N
US,2,0,0,1,2017, November, Sunday,4.80,40, Dry, N, Night, Head On, Minor Injury, Y, N
AUS,2,0,0,1,2017, July, Monday,4.80,50, Wet, Y, Night, Hit Fixed Object, Minor Injury, Y, N
US,2,0,0,0,2017, December, Wednesday,4.80,56, Dry, N, Night, Side Swipe, Not Injured, N, N
AUS,2,0,1,1,2017, March, Friday,4.80,60, Dry, N, Night, Right Angle, Major Injury, N, N
AUS,2,0,0,0,2017, April, Thursday,4.80,60, Dry, N, Night, Rear End, Not Injured, N, N
AUS,2,0,0,0,2017, September, Thursday,4.80,60, Dry, N, Night, Side Swipe, Not Injured, N, N
AUS,2,1,0,1,2017, October, Friday,4.80,60, Dry, N, Night, Hit Fixed Object, Fatal, N, Y
AUS,2,0,0,0,2017, October, Tuesday,4.80,60, Dry, N, Night, Hit Fixed Object, Not Injured, N, N
AUS,2,0,0,0,2017, November, Sunday,4.80,60, Dry, N, Night, Hit Fixed Object, Not Injured, N, N
AUS,2,0,0,0,2017, January, Tuesday,4.80,70, Dry, N, Night, Side Swipe, Not Injured, N, N
US,2,1,0,0,2017, November, Monday,4.80,72, Dry, N, Night, Hit Pedestrian, Fatal, Y, N
US,2,0,1,0,2017, January, Saturday,4.80,89, Wet, N, Night, Rear End, Major Injury, N, N
AUS,2,0,1,0,2017, September, Tuesday,4.80,110, Dry, N, Night, Head On, Major Injury, N, N
AUS,2,0,0,0,2017, February, Wednesday,5.00,15, Dry, N, Night, Hit Fixed Object, Not Injured, Y, N
US,2,0,1,0,2017, March, Saturday,5.00,32, Dry, N, Night, Hit Pedestrian, Major Injury, N, N
US,2,0,0,1,2017, June, Saturday,5.00,32, Dry, N, Daylight, Side Swipe, Minor Injury, N, N
AUS,2,0,0,0,2017, June, Tuesday,5.00,40, Dry, N, Night, Hit Fixed Object, Not Injured, N, N
US,2,0,0,0,2017, January, Thursday,5.00,40, Dry, N, Night, Rear End, Not Injured, Y, N
US,2,0,0,0,2017, February, Thursday,5.00,40, Dry, Y, Night, Rear End, Not Injured, N, N
US,2,0,0,1,2017, April, Monday,5.00,40, Dry, N, Night, Head On, Minor Injury, N, N
US,2,0,0,0,2017, May, Friday,5.00,40, Wet, Y, Night, Rear End, Not Injured, N, N
US,2,0,0,0,2017, May, Sunday,5.00,40, Dry, N, Night, Right Angle, Not Injured, N, N
US,2,0,0,0,2017, June, Friday,5.00,40, Wet, Y, Night, Right Angle, Minor Injury, N, N
US,2,0,0,1,2017, October, Wednesday,5.00,40, Dry, N, Night, Rear End, Minor Injury, N, N
US,2,0,0,0,2017, October, Sunday,5.00,40, Wet, Y, Night, Side Swipe, Not Injured, N, N
US,2,0,0,0,2017, December, Thursday,5.00,40, Dry, N, Night, Right Angle, Not Injured, N, N
US,2,0,1,2,2017, December, Sunday,5.00,40, Dry, N, Night, Rear End, Major Injury, N, N
AUS,2,0,0,0,2017, June, Sunday,5.00,50, Dry, N, Night, Hit Fixed Object, Not Injured, N, N
US,2,0,0,0,2017, March, Friday,5.00,56, Dry, N, Night, Right Angle, Not Injured, N, N
US,2,0,0,1,2017, July, Monday,5.00,56, Dry, N, Night, Right Angle, Minor Injury, N, N
AUS,2,0,0,1,2017, January, Sunday,5.00,60, Dry, N, Night, Hit Fixed Object, Minor Injury, Y, N
AUS,2,0,0,0,2017, May, Thursday,5.00,60, Dry, N, Night, Side Swipe, Not Injured, N, N
AUS,2,0,0,0,2017, May, Friday,5.00,60, Dry, N, Night, Hit Fixed Object, Not Injured, N, N
AUS,2,0,0,2,2017, August, Tuesday,5.00,60, Wet, Y, Night, Hit Fixed Object, Minor Injury, N, Y
AUS,2,0,0,1,2017, October, Wednesday,5.00,70, Dry, N, Night, Side Swipe, Minor Injury, N, N
US,2,0,0,0,2017, February, Thursday,5.00,89, Dry, Y, Night, Rear End, Minor Injury, N, N
US,2,0,0,0,2017, November, Sunday,5.00,89, Dry, N, Night, Side Swipe, Minor Injury, Y, N
AUS,2,0,0,0,2017, January, Friday,5.00,100, Dry, N, Night, Hit Fixed Object, Not Injured, N, N
AUS,2,0,0,1,2017, June, Friday,5.00,100, Wet, Y, Night, Hit Fixed Object, Minor Injury, N, N
AUS,2,0,0,0,2017, October, Thursday,5.00,100, Wet, Y, Night, Hit Fixed Object, Not Injured, N, N
AUS,2,0,0,1,2017, July, Sunday,5.00,110, Dry, N, Night, Hit Fixed Object, Minor Injury, Y, N
AUS,2,0,0,0,2017, September, Wednesday,5.00,110, Wet, N, Night, Hit Fixed Object, Not Injured, N, N
AUS,2,0,0,0,2017, September, Thursday,5.00,110, Dry, N, Night, Hit Fixed Object, Not Injured, N, N
US,3,0,0,0,2017, January, Saturday,5.20,40, Dry, N, Night, Rear End, Not Injured, N, N
US,3,0,0,0,2017, June, Saturday,5.20,40, Dry, N, Daylight, Rear End, Not Injured, N, N
US,2,0,0,0,2017, August, Thursday,5.20,40, Dry, N, Night, Right Angle, Not Injured, N, N
US,2,0,0,0,2017, September, Thursday,5.20,40, Dry, N, Night, Right Angle, Not Injured, Y, N
US,2,0,0,0,2017, November, Tuesday,5.20,40, Dry, N, Night, Side Swipe, Not Injured, N, N
US,2,0,0,0,2017, December, Wednesday,5.20,40, Dry, N, Night, Right Angle, Minor Injury, N, N
US,2,0,0,0,2017, December, Wednesday,5.20,40, Dry, N, Night, Right Angle, Not Injured, N, N
AUS,2,0,0,0,2017, March, Sunday,5.20,50, Dry, N, Night, Hit Fixed Object, Not Injured, N, N
US,2,0,0,0,2017, August, Wednesday,5.20,56, Dry, N, Night, Side Swipe, Minor Injury, N, N
US,3,0,0,2,2017, September, Thursday,5.20,56, Dry, N, Night, Right Angle, Minor Injury, N, N
AUS,2,0,0,1,2017, January, Thursday,5.20,60, Dry, N, Night, Right Angle, Minor Injury, N, N
AUS,2,0,1,1,2017, May, Tuesday,5.20,60, Dry, N, Night, Hit Fixed Object, Major Injury, Y, N
AUS,2,0,0,0,2017, June, Saturday,5.20,60, Dry, N, Night, Hit Fixed Object, Not Injured, N, N
AUS,3,0,0,0,2017, November, Friday,5.20,60, Dry, N, Night, Head On, Not Injured, N, N
AUS,2,0,0,2,2017, November, Tuesday,5.20,70, Dry, N, Night, Right Angle, Minor Injury, N, N
AUS,2,0,0,0,2017, January, Friday,5.20,110, Dry, N, Night, Hit Fixed Object, Not Injured, Y, N
US,2,0,0,0,2017, February, Monday,5.30,24, Dry, Y, Night, Side Swipe, Not Injured, N, N
US,4,0,0,0,2017, January, Sunday,5.30,40, Wet, Y, Night, Rear End, Not Injured, Y, N
US,2,0,0,0,2017, February, Friday,5.30,40, Dry, N, Night, Right Angle, Not Injured, Y, N
US,2,0,0,0,2017, March, Friday,5.30,40, Wet, Y, Night, Rear End, Not Injured, N, N
US,2,0,1,0,2017, April, Sunday,5.30,40, Dry, N, Night, Right Angle, Major Injury, Y, Y
US,3,0,0,0,2017, October, Saturday,5.30,40, Dry, N, Night, Right Angle, Not Injured, N, N
US,2,0,0,0,2017, November, Thursday,5.30,40, Dry, N, Night, Side Swipe, Not Injured, N, N
US,5,0,0,0,2017, December, Thursday,5.30,40, Dry, N, Night, Right Angle, Not Injured, Y, N
AUS,2,0,0,0,2017, March, Tuesday,5.30,50, Dry, N, Night, Right Angle, Not Injured, N, N
AUS,2,0,0,1,2017, April, Wednesday,5.30,50, Dry, N, Night, Hit Fixed Object, Minor Injury, N, N
AUS,2,0,0,0,2017, April, Wednesday,5.30,50, Dry, N, Night, Hit Fixed Object, Not Injured, N, N
AUS,2,0,0,0,2017, August, Sunday,5.30,50, Wet, N, Night, Hit Fixed Object, Not Injured, N, N
AUS,2,0,0,0,2017, October, Sunday,5.30,50, Dry, N, Night, Hit Fixed Object, Not Injured, N, N
AUS,2,0,0,0,2017, November, Sunday,5.30,50, Dry, N, Night, Hit Fixed Object, Not Injured, N, N
US,2,0,0,0,2017, November, Wednesday,5.30,56, Wet, Y, Night, Side Swipe, Not Injured, N, N
AUS,3,0,0,0,2017, October, Sunday,5.30,60, Dry, N, Night, Hit Fixed Object, Not Injured, N, N
US,2,0,0,2,2017, April, Thursday,5.30,72, Wet, Y, Night, Rear End, Minor Injury, N, N
US,2,0,0,0,2017, January, Thursday,5.30,89, Dry, N, Night, Right Angle, Not Injured, N, N
AUS,2,0,0,0,2017, June, Monday,5.30,90, Wet, Y, Night, Hit Fixed Object, Not Injured, N, N
AUS,2,0,0,0,2017, November, Thursday,5.30,90, Dry, N, Night, Hit Fixed Object, Not Injured, N, N
AUS,2,0,0,1,2017, January, Saturday,5.30,100, Dry, N, Night, Hit Fixed Object, Minor Injury, Y, N
AUS,2,0,0,2,2017, April, Saturday,5.30,110, Dry, N, Night, Hit Fixed Object, Minor Injury, Y, N
US,2,0,0,0,2017, January, Thursday,5.50,40, Dry, N, Night, Right Angle, Not Injured, N, N
US,2,0,0,0,2017, February, Tuesday,5.50,40, Wet, Y, Night, Rear End, Not Injured, N, N
US,2,0,0,0,2017, June, Thursday,5.50,40, Dry, N, Daylight, Right Angle, Not Injured, N, N
US,2,0,0,0,2017, November, Monday,5.50,40, Wet, N, Night, Right Angle, Not Injured, N, N
US,2,1,0,0,2017, November, Friday,5.50,40, Dry, N, Night, Head On, Fatal, N, N
US,2,0,0,0,2017, December, Monday,5.50,40, Dry, N, Night, Right Angle, Minor Injury, N, N
AUS,2,0,0,0,2017, July, Tuesday,5.50,50, Wet, Y, Night, Hit Fixed Object, Not Injured, N, N
AUS,2,0,0,0,2017, July, Thursday,5.50,50, Dry, N, Night, Hit Fixed Object, Not Injured, N, N
AUS,2,0,0,0,2017, January, Wednesday,5.50,60, Dry, N, Night, Right Angle, Not Injured, N, N
AUS,2,0,0,2,2017, February, Monday,5.50,60, Dry, N, Night, Rear End, Minor Injury, N, N
AUS,2,0,0,0,2017, March, Sunday,5.50,60, Wet, Y, Night, Hit Fixed Object, Not Injured, N, N
AUS,2,0,0,0,2017, April, Thursday,5.50,60, Dry, N, Night, Rear End, Not Injured, N, N
AUS,2,0,0,0,2017, June, Monday,5.50,60, Dry, N, Night, Side Swipe, Not Injured, N, N
AUS,2,0,0,0,2017, July, Monday,5.50,60, Wet, Y, Night, Right Angle, Not Injured, N, N
AUS,2,0,0,0,2017, August, Friday,5.50,60, Dry, N, Night, Hit Fixed Object, Not Injured, N, N
AUS,2,0,0,0,2017, September, Monday,5.50,60, Wet, Y, Night, Side Swipe, Not Injured, N, N
AUS,2,0,0,1,2017, September, Monday,5.50,60, Dry, N, Night, Hit Pedestrian, Minor Injury, N, N
AUS,2,0,0,2,2017, October, Tuesday,5.50,60, Dry, N, Night, Rear End, Minor Injury, N, N
US,2,0,0,0,2017, July, Friday,5.50,64, Dry, N, Daylight, Side Swipe, Not Injured, N, N
AUS,3,0,0,0,2017, April, Monday,5.50,80, Dry, N, Night, Hit Fixed Object, Not Injured, N, N
AUS,2,0,0,0,2017, April, Friday,5.50,80, Wet, Y, Night, Hit Fixed Object, Not Injured, N, N
AUS,2,0,0,0,2017, July, Monday,5.50,80, Wet, Y, Night, Hit Fixed Object, Not Injured, N, N
AUS,2,0,0,1,2017, August, Wednesday,5.50,80, Dry, N, Night, Side Swipe, Minor Injury, N, N
AUS,2,0,0,0,2017, October, Monday,5.50,80, Dry, N, Night, Hit Fixed Object, Not Injured, N, N
AUS,2,0,0,2,2017, April, Saturday,5.50,100, Dry, N, Night, Head On, Minor Injury, N, N
AUS,2,0,0,1,2017, May, Friday,5.50,100, Dry, N, Night, Hit Fixed Object, Minor Injury, N, Y
US,2,0,0,0,2017, January, Wednesday,5.70,40, Wet, N, Night, Right Angle, Not Injured, N, N
US,2,0,0,0,2017, September, Friday,5.70,40, Dry, N, Night, Right Angle, Not Injured, N, N
US,4,0,0,0,2017, October, Saturday,5.70,40, Dry, N, Night, Rear End, Not Injured, Y, N
US,2,0,0,0,2017, October, Monday,5.70,40, Wet, Y, Daylight, Right Angle, Not Injured, N, N
AUS,2,0,0,0,2017, January, Saturday,5.70,50, Dry, N, Night, Hit Fixed Object, Not Injured, Y, N
AUS,2,0,0,0,2017, February, Saturday,5.70,50, Dry, N, Night, Hit Fixed Object, Not Injured, Y, N
AUS,2,0,0,0,2017, August, Sunday,5.70,50, Wet, N, Night, Hit Fixed Object, Not Injured, N, N
AUS,2,0,0,0,2017, September, Thursday,5.70,50, Dry, N, Night, Side Swipe, Not Injured, N, N
AUS,2,0,0,1,2017, October, Thursday,5.70,50, Dry, N, Night, Hit Fixed Object, Minor Injury, N, N
US,2,0,0,0,2017, June, Friday,5.70,56, Dry, N, Daylight, Right Angle, Not Injured, N, N
US,2,0,0,0,2017, July, Wednesday,5.70,56, Wet, Y, Daylight, Rear End, Not Injured, N, N
US,2,0,0,1,2017, September, Monday,5.70,56, Dry, N, Night, Rear End, Minor Injury, N, N
US,2,0,0,0,2017, October, Monday,5.70,56, Dry, N, Night, Head On, Not Injured, Y, N
AUS,2,0,0,0,2017, May, Sunday,5.70,60, Dry, N, Night, Hit Fixed Object, Not Injured, N, N
AUS,2,0,0,0,2017, July, Friday,5.70,60, Wet, Y, Night, Side Swipe, Not Injured, N, N
US,2,0,0,0,2017, January, Thursday,5.70,64, Wet, N, Night, Right Angle, Minor Injury, N, N
US,2,0,0,0,2017, August, Thursday,5.70,64, Dry, N, Night, Right Angle, Not Injured, N, N
AUS,2,0,0,0,2017, May, Wednesday,5.70,70, Dry, N, Night, Hit Fixed Object, Not Injured, N, N