Nation,Total Units,Total Fatalities,Total Serious Injuries,Total Minor Injuries,Year,Month,Day,Time,Speed Limit,Moisture,Adverse Weather Conditions,DayNight,Crash Type,Crash Severity,Alcohol Related ,Drug Related
AUS,2,0,0,1,2017, May, Tuesday,5.70,70, Dry, N, Night, Right Angle, Minor Injury, N, N
AUS,3,0,0,0,2017, April, Friday,5.70,80, Dry, N, Night, Side Swipe, Not Injured, N, N
AUS,3,0,0,0,2017, May, Wednesday,5.70,80, Dry, N, Night, Hit Fixed Object, Not Injured, N, N
AUS,2,0,0,1,2017, October, Saturday,5.70,80, Dry, N, Night, Hit Fixed Object, Minor Injury, Y, N
AUS,2,0,0,0,2017, November, Friday,5.70,80, Wet, Y, Night, Rear End, Not Injured, N, N
AUS,2,0,0,0,2017, November, Thursday,5.70,80, Wet, N, Night, Rear End, Not Injured, N, N
US,2,0,0,0,2017, July, Thursday,5.70,89, Dry, N, Night, Right Angle, Minor Injury, N, N
US,2,0,0,1,2017, October, Thursday,5.70,89, Wet, Y, Night, Rear End, Minor Injury, N, N
AUS,2,0,0,1,2017, January, Monday,5.70,100, Dry, N, Night, Hit Fixed Object, Minor Injury, N, Y
AUS,3,0,0,3,2017, April, Friday,5.70,100, Wet, Y, Night, Head On, Minor Injury, N, N
US,4,0,0,0,2017, March, Thursday,5.80,40, Dry, N, Night, Side Swipe, Not Injured, N, N
US,2,0,0,0,2017, March, Thursday,5.80,40, Dry, N, Night, Rear End, Not Injured, N, N
US,2,0,0,0,2017, April, Thursday,5.80,40, Dry, N, Daylight, Right Angle, Not Injured, N, N
US,3,0,0,1,2017, July, Friday,5.80,40, Dry, N, Daylight, Rear End, Minor Injury, N, N
US,3,0,0,0,2017, October, Wednesday,5.80,40, Dry, N, Night, Side Swipe, Not Injured, N, N
US,2,0,0,0,2017, November, Saturday,5.80,40, Dry, N, Night, Side Swipe, Not Injured, N, N
US,2,0,0,0,2017, November, Saturday,5.80,40, Wet, Y, Night, Right Angle, Not Injured, N, N
US,2,0,0,0,2017, November, Sunday,5.80,40, Dry, N, Night, Rear End, Not Injured, N, N
AUS,2,0,0,1,2017, January, Friday,5.80,50, Wet, Y, Night, Right Angle, Minor Injury, N, N
AUS,2,0,0,1,2017, January, Thursday,5.80,50, Dry, N, Daylight, Right Angle, Minor Injury, N, N
AUS,2,0,0,0,2017, August, Friday,5.80,50, Wet, N, Night, Hit Fixed Object, Not Injured, N, N
US,2,0,0,1,2017, June, Friday,5.80,56, Dry, N, Daylight, Rear End, Minor Injury, N, N
US,2,0,0,0,2017, August, Wednesday,5.80,56, Dry, N, Night, Rear End, Not Injured, N, N
AUS,4,0,0,2,2017, January, Tuesday,5.80,60, Dry, N, Daylight, Head On, Minor Injury, N, N
AUS,2,0,0,0,2017, January, Friday,5.80,60, Wet, Y, Night, Hit Fixed Object, Not Injured, N, N
AUS,3,0,0,0,2017, February, Monday,5.80,60, Dry, N, Night, Rear End, Not Injured, N, N
AUS,2,0,0,0,2017, May, Tuesday,5.80,60, Dry, N, Night, Side Swipe, Not Injured, N, N
AUS,2,0,0,3,2017, June, Monday,5.80,60, Dry, N, Night, Side Swipe, Minor Injury, N, N
AUS,2,0,0,1,2017, July, Monday,5.80,60, Wet, Y, Night, Rear End, Minor Injury, N, N
AUS,2,0,0,0,2017, September, Wednesday,5.80,60, Dry, N, Night, Right Angle, Not Injured, N, N
AUS,3,0,0,0,2017, October, Saturday,5.80,60, Dry, N, Night, Hit Fixed Object, Not Injured, N, N
AUS,2,0,0,0,2017, October, Monday,5.80,60, Wet, N, Night, Hit Fixed Object, Not Injured, N, N
US,2,0,0,1,2017, September, Tuesday,5.80,64, Wet, Y, Daylight, Head On, Minor Injury, N, N
AUS,2,0,0,0,2017, August, Saturday,5.80,70, Dry, N, Night, Side Swipe, Not Injured, N, N
AUS,2,0,0,0,2017, October, Sunday,5.80,70, Dry, N, Night, Hit Fixed Object, Not Injured, N, N
AUS,2,0,0,1,2017, February, Saturday,5.80,80, Dry, N, Night, Hit Fixed Object, Minor Injury, N, N
AUS,2,0,0,1,2017, June, Friday,5.80,80, Dry, N, Night, Rear End, Minor Injury, N, N
AUS,2,0,0,0,2017, July, Friday,5.80,80, Wet, Y, Night, Right Angle, Not Injured, N, N
AUS,3,0,0,0,2017, September, Friday,5.80,80, Dry, N, Night, Rear End, Not Injured, N, N
AUS,2,0,0,1,2017, September, Wednesday,5.80,80, Wet, Y, Night, Rear End, Minor Injury, N, N
AUS,2,0,0,0,2017, September, Sunday,5.80,80, Wet, Y, Night, Hit Fixed Object, Not Injured, N, N
US,2,0,0,0,2017, May, Thursday,5.80,89, Wet, Y, Daylight, Right Angle, Minor Injury, N, N
US,2,0,0,0,2017, June, Friday,5.80,89, Dry, N, Daylight, Rear End, Not Injured, N, N
US,3,0,0,0,2017, September, Tuesday,5.80,89, Dry, N, Daylight, Rear End, Not Injured, N, N
US,2,0,0,0,2017, June, Wednesday,5.80,89, Dry, N, Daylight, Rear End, Minor Injury, N, N
AUS,2,0,0,0,2017, November, Saturday,5.80,110, Dry, N, Night, Right Angle, Not Injured, N, N
AUS,2,0,0,0,2017, December, Wednesday,5.80,110, Dry, N, Night, Rear End, Not Injured, N, N
US,2,0,0,0,2017, January, Tuesday,6.00,40, Wet, Y, Night, Right Angle, Not Injured, N, N
US,2,0,0,0,2017, January, Saturday,6.00,40, Dry, N, Daylight, Rear End, Not Injured, N, N
US,2,0,0,0,2017, February, Saturday,6.00,40, Wet, Y, Night, Right Angle, Minor Injury, N, N
US,2,0,0,0,2017, March, Friday,6.00,40, Wet, Y, Night, Right Angle, Not Injured, N, N
US,2,0,0,1,2017, March, Wednesday,6.00,40, Dry, Y, Night, Side Swipe, Minor Injury, N, N
US,2,0,0,0,2017, April, Monday,6.00,40, Dry, N, Daylight, Hit Pedestrian, Minor Injury, N, N
US,2,0,0,0,2017, August, Wednesday,6.00,40, Dry, N, Daylight, Head On, Not Injured, N, N
US,2,0,0,0,2017, October, Tuesday,6.00,40, Dry, N, Night, Right Angle, Not Injured, N, N
US,2,0,0,0,2017, October, Sunday,6.00,40, Dry, N, Night, Rear End, Not Injured, Y, N
US,2,0,0,0,2017, November, Saturday,6.00,40, Wet, Y, Night, Head On, Not Injured, Y, N
US,3,0,0,0,2017, November, Sunday,6.00,40, Dry, N, Night, Head On, Not Injured, N, N
US,2,0,0,1,2017, November, Tuesday,6.00,40, Dry, N, Daylight, Hit Pedestrian, Minor Injury, N, N
US,3,0,0,0,2017, December, Tuesday,6.00,40, Wet, Y, Night, Rear End, Not Injured, N, N
AUS,2,0,0,1,2017, January, Friday,6.00,50, Wet, N, Daylight, Side Swipe, Minor Injury, N, N
AUS,2,0,0,0,2017, March, Sunday,6.00,50, Dry, N, Daylight, Hit Fixed Object, Not Injured, N, N
AUS,2,0,0,0,2017, April, Friday,6.00,50, Dry, N, Night, Hit Fixed Object, Not Injured, N, N
AUS,2,0,0,0,2017, April, Sunday,6.00,50, Dry, N, Night, Hit Fixed Object, Not Injured, N, N
AUS,2,0,0,0,2017, May, Saturday,6.00,50, Dry, N, Night, Hit Fixed Object, Not Injured, N, N
AUS,2,0,1,0,2017, June, Thursday,6.00,50, Dry, N, Night, Right Angle, Major Injury, N, Y
AUS,2,0,0,1,2017, June, Tuesday,6.00,50, Dry, N, Night, Hit Fixed Object, Minor Injury, N, N
AUS,2,0,0,0,2017, June, Wednesday,6.00,50, Dry, N, Night, Hit Fixed Object, Not Injured, Y, N
AUS,2,0,0,0,2017, November, Sunday,6.00,50, Dry, N, Night, Hit Fixed Object, Not Injured, N, N
AUS,2,0,0,3,2017, December, Friday,6.00,50, Wet, Y, Daylight, Hit Fixed Object, Minor Injury, N, N
AUS,3,0,0,0,2017, December, Sunday,6.00,50, Dry, N, Daylight, Hit Fixed Object, Not Injured, N, N
US,2,0,0,0,2017, May, Sunday,6.00,56, Dry, N, Daylight, Side Swipe, Not Injured, N, N
US,2,0,0,0,2017, May, Saturday,6.00,56, Wet, Y, Daylight, Rear End, Not Injured, N, N
AUS,2,0,0,0,2017, January, Monday,6.00,60, Dry, N, Night, Right Angle, Not Injured, N, N
AUS,2,0,0,1,2017, February, Wednesday,6.00,60, Dry, N, Night, Right Angle, Minor Injury, N, N
AUS,2,0,0,0,2017, February, Monday,6.00,60, Wet, Y, Night, Rear End, Not Injured, N, N
AUS,2,0,0,1,2017, March, Wednesday,6.00,60, Dry, N, Night, Right Angle, Minor Injury, N, N
AUS,2,0,0,0,2017, April, Friday,6.00,60, Wet, Y, Night, Rear End, Not Injured, N, N
AUS,2,0,0,1,2017, June, Saturday,6.00,60, Dry, N, Night, Right Angle, Minor Injury, N, N
AUS,2,0,0,1,2017, June, Friday,6.00,60, Dry, N, Night, Right Angle, Minor Injury, N, N
AUS,2,0,0,0,2017, July, Friday,6.00,60, Dry, N, Night, Right Angle, Not Injured, N, N
AUS,3,0,0,0,2017, July, Sunday,6.00,60, Wet, N, Night, Hit Fixed Object, Not Injured, N, N
AUS,2,0,0,0,2017, August, Thursday,6.00,60, Dry, N, Night, Right Angle, Not Injured, N, N
AUS,3,0,0,0,2017, August, Saturday,6.00,60, Dry, N, Night, Hit Fixed Object, Not Injured, N, N
AUS,2,0,0,0,2017, September, Tuesday,6.00,60, Dry, N, Night, Rear End, Not Injured, N, N
AUS,2,0,0,0,2017, October, Friday,6.00,60, Dry, N, Night, Right Angle, Not Injured, N, N
AUS,2,0,0,0,2017, November, Wednesday,6.00,60, Dry, N, Daylight, Right Angle, Not Injured, N, N
AUS,2,0,0,0,2017, December, Saturday,6.00,60, Dry, N, Daylight, Hit Fixed Object, Not Injured, Y, N
AUS,2,0,0,0,2017, December, Thursday,6.00,60, Dry, N, Night, Right Angle, Not Injured, N, N
US,2,0,0,0,2017, April, Tuesday,6.00,64, Dry, N, Night, Side Swipe, Not Injured, N, N
AUS,2,0,0,1,2017, February, Monday,6.00,70, Dry, N, Night, Hit Fixed Object, Minor Injury, N, N
AUS,2,0,0,1,2017, April, Friday,6.00,70, Dry, N, Night, Right Angle, Minor Injury, N, N
AUS,2,0,0,0,2017, August, Saturday,6.00,70, Dry, N, Night, Rear End, Not Injured, N, N
AUS,2,0,0,0,2017, December, Tuesday,6.00,70, Wet, Y, Night, Rear End, Not Injured, N, N
AUS,2,0,0,0,2017, March, Wednesday,6.00,80, Dry, N, Night, Rear End, Not Injured, N, N
AUS,2,0,0,0,2017, March, Friday,6.00,80, Dry, N, Night, Right Angle, Not Injured, N, N
AUS,3,0,0,0,2017, August, Tuesday,6.00,80, Dry, N, Night, Hit Fixed Object, Not Injured, N, Y
AUS,2,0,0,1,2017, September, Monday,6.00,80, Dry, N, Night, Hit Fixed Object, Minor Injury, N, N
AUS,2,0,0,0,2017, September, Friday,6.00,80, Dry, N, Daylight, Hit Fixed Object, Not Injured, N, N
AUS,2,0,0,0,2017, November, Monday,6.00,80, Dry, N, Night, Side Swipe, Not Injured, N, N
US,2,0,0,0,2017, January, Wednesday,6.00,89, Dry, N, Night, Side Swipe, Not Injured, N, N
US,2,0,0,1,2017, May, Tuesday,6.00,89, Dry, N, Daylight, Side Swipe, Minor Injury, N, N
US,4,0,0,1,2017, May, Tuesday,6.00,89, Dry, N, Daylight, Rear End, Minor Injury, N, N
US,4,0,0,0,2017, November, Tuesday,6.00,89, Dry, N, Daylight, Rear End, Not Injured, N, N
AUS,3,0,0,1,2017, June, Tuesday,6.00,90, Wet, Y, Night, Rear End, Minor Injury, N, N
AUS,2,0,0,1,2017, May, Friday,6.00,90, Dry, N, Night, Rear End, Minor Injury, N, N
AUS,3,0,0,0,2017, January, Tuesday,6.00,100, Dry, N, Night, Hit Fixed Object, Not Injured, N, N
AUS,2,0,1,0,2017, March, Saturday,6.00,100, Dry, N, Night, Hit Fixed Object, Major Injury, N, Y
AUS,2,0,1,0,2017, March, Sunday,6.00,100, Dry, N, Night, Hit Fixed Object, Major Injury, N, N
AUS,2,0,0,0,2017, July, Monday,6.00,100, Wet, N, Night, Right Angle, Not Injured, N, N
AUS,2,0,0,0,2017, December, Thursday,6.00,100, Dry, N, Daylight, Head On, Not Injured, N, N
US,2,0,0,0,2017, March, Wednesday,6.00,105, Wet, Y, Night, Right Angle, Not Injured, Y, N
AUS,3,2,0,0,2017, April, Wednesday,6.00,110, Wet, Y, Night, Head On, Fatal, Y, N
AUS,2,0,0,0,2017, May, Wednesday,6.00,110, Wet, N, Night, Right Angle, Not Injured, N, N
AUS,2,0,0,1,2017, November, Wednesday,6.00,110, Dry, N, Daylight, Hit Fixed Object, Minor Injury, Y, N
US,3,0,0,0,2017, January, Thursday,6.20,40, Wet, N, Night, Rear End, Not Injured, N, N
US,2,0,0,0,2017, February, Friday,6.20,40, Dry, N, Night, Right Angle, Not Injured, N, N
US,2,0,0,2,2017, February, Monday,6.20,40, Dry, N, Daylight, Head On, Minor Injury, N, N
US,2,0,0,0,2017, March, Thursday,6.20,40, Dry, N, Daylight, Head On, Not Injured, N, N
US,6,0,0,0,2017, May, Wednesday,6.20,40, Dry, N, Daylight, Rear End, Not Injured, N, N
US,2,0,1,0,2017, September, Wednesday,6.20,40, Dry, N, Night, Hit Pedestrian, Major Injury, N, N
US,2,0,0,0,2017, September, Wednesday,6.20,40, Dry, N, Daylight, Right Angle, Not Injured, N, N
US,2,0,0,0,2017, December, Thursday,6.20,40, Dry, Y, Daylight, Right Angle, Not Injured, N, N
US,4,0,0,0,2017, April, Tuesday,6.20,48, Wet, Y, Night, Side Swipe, Minor Injury, N, N
US,3,0,0,0,2017, January, Tuesday,6.20,56, Wet, N, Night, Side Swipe, Minor Injury, N, N
US,2,0,0,0,2017, March, Saturday,6.20,56, Dry, N, Daylight, Rear End, Minor Injury, Y, N
US,2,0,0,0,2017, April, Monday,6.20,56, Dry, N, Night, Right Angle, Not Injured, N, N
US,2,0,0,0,2017, September, Thursday,6.20,56, Wet, Y, Night, Right Angle, Not Injured, N, N
AUS,2,0,0,0,2017, March, Friday,6.20,60, Dry, N, Night, Hit Fixed Object, Not Injured, Y, N
AUS,2,0,0,1,2017, March, Wednesday,6.20,60, Dry, N, Night, Side Swipe, Minor Injury, N, N
AUS,2,0,0,1,2017, July, Tuesday,6.20,60, Dry, N, Night, Side Swipe, Minor Injury, N, N
AUS,2,0,0,0,2017, August, Wednesday,6.20,60, Dry, N, Night, Rear End, Not Injured, N, N
AUS,2,0,0,0,2017, May, Wednesday,6.20,70, Dry, N, Night, Right Angle, Not Injured, N, N
AUS,2,0,0,0,2017, September, Tuesday,6.20,70, Dry, N, Daylight, Side Swipe, Not Injured, N, N
US,2,0,0,0,2017, February, Sunday,6.20,72, Wet, Y, Night, Right Angle, Not Injured, N, N
US,5,0,0,4,2017, October, Tuesday,6.20,72, Wet, Y, Night, Hit Pedestrian, Minor Injury, N, N
AUS,2,0,0,0,2017, February, Wednesday,6.20,80, Dry, N, Night, Hit Fixed Object, Not Injured, N, Y
US,2,0,0,0,2017, July, Saturday,6.20,89, Dry, N, Daylight, Rear End, Not Injured, N, N
US,2,0,0,0,2017, October, Wednesday,6.20,89, Dry, N, Daylight, Rear End, Minor Injury, N, N
AUS,2,0,0,0,2017, March, Wednesday,6.20,90, Dry, N, Night, Side Swipe, Not Injured, N, N
AUS,2,0,0,1,2017, March, Thursday,6.20,100, Dry, N, Night, Hit Fixed Object, Minor Injury, N, N
AUS,3,0,0,0,2017, March, Friday,6.20,110, Dry, N, Night, Rear End, Not Injured, N, N
AUS,3,0,0,0,2017, April, Saturday,6.20,110, Dry, N, Night, Hit Fixed Object, Not Injured, N, N
AUS,2,0,0,1,2017, May, Sunday,6.20,110, Dry, N, Night, Hit Fixed Object, Minor Injury, N, N
US,3,0,0,0,2017, November, Friday,6.30,16, Dry, N, Daylight, Head On, Minor Injury, N, N
US,3,0,0,0,2017, January, Wednesday,6.30,40, Dry, N, Daylight, Rear End, Minor Injury, N, N
US,2,0,0,0,2017, February, Monday,6.30,40, Dry, N, Night, Right Angle, Not Injured, N, N
US,2,0,0,0,2017, March, Wednesday,6.30,40, Wet, Y, Night, Hit Pedestrian, Minor Injury, N, N
US,2,0,0,0,2017, May, Thursday,6.30,40, Dry, N, Daylight, Right Angle, Not Injured, Y, N
US,2,0,0,0,2017, August, Tuesday,6.30,40, Dry, N, Daylight, Side Swipe, Not Injured, N, N
US,2,0,0,1,2017, August, Monday,6.30,40, Dry, N, Daylight, Rear End, Minor Injury, N, N
US,2,0,0,0,2017, August, Wednesday,6.30,40, Dry, N, Daylight, Right Angle, Not Injured, N, N
US,3,0,0,0,2017, October, Tuesday,6.30,40, Dry, N, Night, Rear End, Not Injured, N, N
US,3,0,0,0,2017, October, Tuesday,6.30,40, Dry, N, Night, Right Angle, Not Injured, N, N
US,2,0,0,0,2017, June, Thursday,6.30,48, Dry, N, Daylight, Right Angle, Not Injured, N, N
AUS,4,0,1,0,2017, May, Sunday,6.30,50, Dry, N, Night, Hit Fixed Object, Major Injury, N, N
AUS,2,0,0,0,2017, May, Sunday,6.30,50, Dry, N, Night, Hit Fixed Object, Not Injured, Y, N
AUS,2,0,0,1,2017, May, Monday,6.30,50, Dry, N, Night, Right Angle, Minor Injury, N, N
AUS,2,0,0,0,2017, June, Friday,6.30,50, Wet, Y, Night, Right Angle, Not Injured, N, N
AUS,2,0,0,1,2017, July, Saturday,6.30,50, Wet, N, Night, Hit Fixed Object, Minor Injury, N, N
AUS,2,0,0,1,2017, July, Monday,6.30,50, Wet, Y, Night, Right Angle, Minor Injury, N, N
AUS,2,0,0,1,2017, June, Thursday,6.30,50, Dry, N, Night, Right Angle, Minor Injury, N, N
AUS,2,0,0,0,2017, September, Tuesday,6.30,50, Wet, N, Night, Hit Fixed Object, Not Injured, N, N
AUS,2,0,0,0,2017, October, Friday,6.30,50, Dry, N, Daylight, Hit Fixed Object, Not Injured, N, N
AUS,2,0,0,0,2017, November, Thursday,6.30,50, Dry, N, Daylight, Side Swipe, Not Injured, N, N
AUS,2,0,0,0,2017, December, Sunday,6.30,50, Dry, N, Daylight, Hit Fixed Object, Not Injured, N, N
US,2,0,0,1,2017, January, Thursday,6.30,56, Dry, N, Night, Right Angle, Minor Injury, N, N
US,2,0,0,0,2017, June, Saturday,6.30,56, Wet, N, Daylight, Right Angle, Not Injured, N, N
US,2,0,0,0,2017, November, Friday,6.30,56, Dry, N, Daylight, Right Angle, Not Injured, N, N
AUS,2,0,0,1,2017, January, Monday,6.30,60, Dry, N, Night, Rear End, Minor Injury, N, N
AUS,3,0,0,2,2017, February, Monday,6.30,60, Dry, N, Night, Rear End, Minor Injury, N, N
AUS,2,0,0,1,2017, April, Thursday,6.30,60, Dry, N, Night, Right Angle, Minor Injury, N, N
AUS,2,0,0,0,2017, May, Friday,6.30,60, Dry, N, Night, Right Angle, Not Injured, N, N
AUS,2,0,0,1,2017, May, Tuesday,6.30,60, Dry, N, Night, Right Angle, Minor Injury, N, N
AUS,2,0,0,0,2017, May, Wednesday,6.30,60, Dry, N, Night, Side Swipe, Not Injured, N, N
AUS,2,0,0,0,2017, May, Thursday,6.30,60, Dry, N, Night, Right Angle, Not Injured, N, N
AUS,5,0,0,0,2017, June, Thursday,6.30,60, Dry, N, Night, Rear End, Not Injured, N, N
AUS,3,0,0,0,2017, August, Tuesday,6.30,60, Wet, Y, Night, Rear End, Not Injured, N, N
AUS,3,0,0,0,2017, August, Friday,6.30,60, Dry, N, Night, Rear End, Not Injured, N, N
AUS,2,0,0,0,2017, August, Thursday,6.30,60, Wet, Y, Night, Side Swipe, Not Injured, N, N
AUS,2,0,0,2,2017, September, Saturday,6.30,60, Dry, N, Daylight, Right Angle, Minor Injury, N, N
AUS,2,0,1,0,2017, October, Thursday,6.30,60, Dry, N, Night, Hit Pedestrian, Major Injury, N, N
AUS,3,0,0,0,2017, October, Thursday,6.30,60, Dry, N, Night, Rear End, Not Injured, N, N
AUS,2,0,0,0,2017, October, Monday,6.30,60, Dry, N, Night, Hit Fixed Object, Not Injured, N, N
AUS,2,0,0,0,2017, October, Wednesday,6.30,60, Dry, N, Night, Hit Fixed Object, Not Injured, N, N
AUS,2,0,0,0,2017, November, Tuesday,6.30,60, Wet, Y, Daylight, Rear End, Not Injured, N, N
AUS,2,0,1,0,2017, December, Friday,6.30,60, Dry, N, Daylight, Right Angle, Major Injury, N, N
AUS,2,0,0,0,2017, December, Friday,6.30,60, Dry, N, Daylight, Side Swipe, Not Injured, N, N
US,2,0,0,0,2017, April, Wednesday,6.30,64, Dry, N, Daylight, Right Angle, Not Injured, N, N
US,2,0,0,1,2017, May, Tuesday,6.30,64, Dry, N, Daylight, Rear End, Minor Injury, N, N
US,2,0,0,0,2017, February, Monday,6.30,64, Dry, N, Daylight, Right Angle, Not Injured, N, N
US,2,0,0,1,2017, August, Thursday,6.30,64, Dry, N, Daylight, Rear End, Minor Injury, N, N
AUS,2,0,0,1,2017, October, Tuesday,6.30,70, Dry, N, Night, Rear End, Minor Injury, N, N
US,3,1,0,0,2017, June, Friday,6.30,72, Wet, Y, Daylight, Right Angle, Fatal, N, N
US,2,0,0,0,2017, December, Thursday,6.30,72, Dry, N, Night, Right Angle, Not Injured, N, N
AUS,12,0,0,0,2017, March, Wednesday,6.30,80, Dry, N, Night, Rear End, Not Injured, N, N
AUS,5,0,0,1,2017, March, Thursday,6.30,80, Wet, Y, Night, Rear End, Minor Injury, N, N
AUS,2,0,0,0,2017, July, Tuesday,6.30,80, Wet, Y, Night, Hit Fixed Object, Not Injured, N, N
AUS,2,0,0,0,2017, August, Thursday,6.30,80, Wet, Y, Night, Rear End, Not Injured, N, N
AUS,2,0,0,0,2017, August, Saturday,6.30,80, Wet, N, Night, Hit Fixed Object, Not Injured, Y, N
AUS,2,0,0,1,2017, August, Monday,6.30,80, Dry, N, Night, Right Angle, Minor Injury, N, N
US,2,0,0,1,2017, June, Friday,6.30,80, Wet, Y, Daylight, Right Angle, Minor Injury, N, N
US,2,0,0,0,2017, January, Thursday,6.30,89, Wet, N, Night, Right Angle, Minor Injury, N, N
US,2,0,0,1,2017, January, Wednesday,6.30,89, Dry, N, Night, Rear End, Minor Injury, N, N
US,2,0,0,0,2017, February, Wednesday,6.30,89, Dry, N, Night, Right Angle, Minor Injury, N, N
US,5,0,0,2,2017, July, Friday,6.30,89, Dry, N, Daylight, Rear End, Minor Injury, N, N
US,2,0,0,1,2017, August, Thursday,6.30,89, Dry, N, Daylight, Rear End, Minor Injury, N, N
US,3,0,0,0,2017, September, Tuesday,6.30,89, Dry, N, Night, Rear End, Not Injured, N, N
US,2,0,0,0,2017, August, Tuesday,6.30,89, Dry, N, Daylight, Rear End, Not Injured, N, N
US,3,0,0,0,2017, October, Wednesday,6.30,89, Dry, N, Daylight, Rear End, Not Injured, N, N
AUS,2,0,0,0,2017, April, Friday,6.30,90, Wet, N, Night, Right Angle, Not Injured, N, N
AUS,2,0,0,0,2017, June, Monday,6.30,90, Wet, Y, Night, Rear End, Not Injured, N, N
AUS,2,0,0,1,2017, May, Friday,6.30,100, Dry, N, Night, Hit Fixed Object, Minor Injury, N, N
US,2,0,0,0,2017, August, Monday,6.30,105, Dry, N, Daylight, Side Swipe, Minor Injury, N, N
US,2,0,0,0,2017, September, Wednesday,6.30,105, Dry, N, Night, Rear End, Not Injured, N, N
AUS,2,0,0,1,2017, June, Friday,6.30,110, Dry, N, Night, Rear End, Minor Injury, N, N
US,5,0,0,0,2017, January, Monday,6.50,40, Dry, N, Daylight, Rear End, Not Injured, N, N
US,2,0,0,0,2017, January, Wednesday,6.50,40, Dry, N, Night, Rear End, Not Injured, N, N
US,2,0,0,0,2017, January, Wednesday,6.50,40, Dry, N, Night, Rear End, Not Injured, N, N
US,4,0,0,0,2017, January, Thursday,6.50,40, Dry, N, Daylight, Rear End, Minor Injury, N, N
US,3,0,0,2,2017, February, Thursday,6.50,40, Dry, Y, Daylight, Hit Pedestrian, Minor Injury, N, N
US,2,0,0,1,2017, February, Thursday,6.50,40, Dry, Y, Night, Hit Pedestrian, Minor Injury, N, N
US,2,0,0,1,2017, February, Saturday,6.50,40, Dry, N, Daylight, Side Swipe, Minor Injury, N, N
US,2,0,0,0,2017, February, Friday,6.50,40, Dry, N, Daylight, Right Angle, Not Injured, N, N
US,2,0,0,0,2017, March, Monday,6.50,40, Dry, N, Daylight, Hit Pedestrian, Minor Injury, N, N
US,2,0,0,0,2017, April, Tuesday,6.50,40, Wet, N, Daylight, Right Angle, Not Injured, N, N
US,2,0,0,0,2017, May, Wednesday,6.50,40, Dry, N, Daylight, Side Swipe, Not Injured, N, N
US,2,0,0,0,2017, July, Tuesday,6.50,40, Dry, N, Daylight, Rear End, Not Injured, N, N
US,3,0,0,0,2017, August, Friday,6.50,40, Dry, N, Daylight, Rear End, Not Injured, N, N
US,2,0,0,0,2017, September, Wednesday,6.50,40, Dry, N, Daylight, Head On, Minor Injury, N, N
US,2,0,0,1,2017, September, Thursday,6.50,40, Dry, N, Daylight, Rear End, Minor Injury, N, N
US,3,0,0,1,2017, September, Thursday,6.50,40, Dry, N, Daylight, Right Angle, Minor Injury, N, N
US,2,0,0,0,2017, November, Wednesday,6.50,40, Dry, N, Daylight, Right Angle, Not Injured, N, N
US,2,0,0,0,2017, November, Thursday,6.50,40, Dry, N, Daylight, Side Swipe, Not Injured, N, N
US,2,0,0,0,2017, December, Wednesday,6.50,40, Wet, N, Daylight, Right Angle, Not Injured, N, N
US,2,0,0,0,2017, December, Thursday,6.50,40, Dry, N, Daylight, Right Angle, Not Injured, N, N
US,2,0,0,0,2017, July, Friday,6.50,48, Dry, N, Daylight, Rear End, Minor Injury, N, N
AUS,2,0,0,0,2017, February, Tuesday,6.50,50, Dry, N, Night, Right Angle, Not Injured, N, N
AUS,2,0,0,1,2017, February, Thursday,6.50,50, Dry, N, Night, Right Angle, Minor Injury, N, N
AUS,2,0,0,0,2017, March, Saturday,6.50,50, Dry, N, Daylight, Right Angle, Not Injured, N, N
AUS,2,0,0,1,2017, March, Sunday,6.50,50, Dry, N, Night, Hit Fixed Object, Minor Injury, Y, N
AUS,2,0,0,0,2017, April, Wednesday,6.50,50, Dry, N, Night, Rear End, Not Injured, N, N
AUS,2,0,0,1,2017, May, Monday,6.50,50, Dry, N, Night, Hit Fixed Object, Minor Injury, N, Y
AUS,3,0,0,0,2017, May, Monday,6.50,50, Dry, N, Night, Right Angle, Not Injured, N, N
AUS,2,0,0,1,2017, June, Tuesday,6.50,50, Dry, N, Night, Hit Fixed Object, Minor Injury, N, N
AUS,2,0,0,1,2017, July, Wednesday,6.50,50, Wet, Y, Night, Hit Pedestrian, Minor Injury, N, N
AUS,2,0,0,1,2017, September, Tuesday,6.50,50, Dry, N, Daylight, Hit Pedestrian, Minor Injury, N, N
AUS,2,0,0,0,2017, September, Wednesday,6.50,50, Dry, N, Daylight, Side Swipe, Not Injured, N, N
AUS,2,0,0,0,2017, October, Saturday,6.50,50, Dry, N, Night, Hit Fixed Object, Not Injured, N, N
US,2,0,0,0,2017, March, Tuesday,6.50,56, Wet, Y, Daylight, Rear End, Minor Injury, N, N
US,2,0,0,0,2017, July, Wednesday,6.50,56, Dry, N, Daylight, Side Swipe, Not Injured, N, N
US,2,0,0,0,2017, September, Friday,6.50,56, Dry, N, Daylight, Right Angle, Not Injured, N, N
AUS,2,0,0,0,2017, January, Tuesday,6.50,60, Dry, N, Night, Rear End, Not Injured, N, N
AUS,2,0,0,0,2017, March, Tuesday,6.50,60, Dry, N, Night, Hit Fixed Object, Not Injured, N, N
AUS,2,0,1,0,2017, March, Wednesday,6.50,60, Dry, N, Night, Side Swipe, Major Injury, N, N
AUS,2,0,0,0,2017, March, Monday,6.50,60, Dry, N, Night, Side Swipe, Not Injured, N, N
AUS,2,0,0,1,2017, March, Wednesday,6.50,60, Dry, N, Night, Rear End, Minor Injury, N, N
AUS,2,0,0,0,2017, March, Thursday,6.50,60, Wet, Y, Night, Hit Fixed Object, Not Injured, N, N