Nation,Total Units,Total Fatalities,Total Serious Injuries,Total Minor Injuries,Year,Month,Day,Time,Speed Limit,Moisture,Adverse Weather Conditions,DayNight,Crash Type,Crash Severity,Alcohol Related ,Drug Related
AUS,2,0,0,0,2017, April, Thursday,9.00,60, Wet, Y, Daylight, Hit Fixed Object, Not Injured, N, N
AUS,2,0,0,0,2017, May, Friday,9.00,60, Dry, N, Daylight, Side Swipe, Not Injured, N, N
AUS,2,0,0,0,2017, May, Tuesday,9.00,60, Dry, N, Daylight, Right Angle, Not Injured, N, N
AUS,2,0,0,0,2017, May, Friday,9.00,60, Wet, Y, Daylight, Side Swipe, Not Injured, N, N
AUS,2,0,0,1,2017, May, Wednesday,9.00,60, Wet, Y, Daylight, Rear End, Minor Injury, N, N
AUS,2,0,0,0,2017, June, Thursday,9.00,60, Dry, N, Daylight, Right Angle, Not Injured, N, N
AUS,2,0,0,0,2017, June, Friday,9.00,60, Dry, N, Daylight, Hit Pedestrian, Not Injured, N, N
AUS,2,0,0,1,2017, May, Saturday,9.00,60, Dry, N, Daylight, Side Swipe, Minor Injury, N, N
AUS,3,0,0,0,2017, June, Monday,9.00,60, Dry, N, Daylight, Rear End, Not Injured, N, N
AUS,2,0,0,0,2017, June, Wednesday,9.00,60, Dry, N, Daylight, Rear End, Not Injured, N, N
AUS,2,0,0,0,2017, June, Wednesday,9.00,60, Dry, N, Daylight, Rear End, Not Injured, N, N
AUS,2,0,0,0,2017, June, Thursday,9.00,60, Dry, N, Daylight, Right Angle, Not Injured, N, N
AUS,2,0,0,0,2017, June, Friday,9.00,60, Dry, N, Daylight, Right Angle, Not Injured, N, N
AUS,2,0,0,0,2017, June, Wednesday,9.00,60, Dry, N, Daylight, Side Swipe, Not Injured, N, N
AUS,2,0,0,0,2017, June, Thursday,9.00,60, Dry, N, Daylight, Hit Fixed Object, Not Injured, N, N
AUS,3,0,0,1,2017, June, Friday,9.00,60, Wet, N, Daylight, Rear End, Minor Injury, N, N
AUS,3,0,0,0,2017, July, Tuesday,9.00,60, Wet, Y, Daylight, Rear End, Not Injured, N, N
AUS,2,0,0,0,2017, July, Tuesday,9.00,60, Wet, N, Daylight, Rear End, Not Injured, N, N
AUS,2,0,0,0,2017, July, Monday,9.00,60, Dry, N, Daylight, Rear End, Not Injured, N, N
AUS,2,0,0,0,2017, August, Friday,9.00,60, Dry, N, Daylight, Rear End, Not Injured, N, N
AUS,2,0,0,0,2017, August, Saturday,9.00,60, Dry, N, Daylight, Right Angle, Not Injured, N, N
AUS,3,0,0,1,2017, August, Tuesday,9.00,60, Dry, N, Daylight, Rear End, Minor Injury, N, N
AUS,4,0,0,1,2017, September, Monday,9.00,60, Wet, Y, Daylight, Side Swipe, Minor Injury, N, N
AUS,2,0,0,0,2017, September, Tuesday,9.00,60, Dry, N, Daylight, Rear End, Not Injured, N, N
AUS,3,0,0,0,2017, September, Wednesday,9.00,60, Wet, Y, Daylight, Rear End, Not Injured, N, N
AUS,2,0,0,0,2017, September, Wednesday,9.00,60, Wet, Y, Daylight, Rear End, Not Injured, N, N
AUS,2,0,0,0,2017, July, Wednesday,9.00,60, Wet, N, Daylight, Rear End, Not Injured, N, N
AUS,2,0,0,0,2017, September, Wednesday,9.00,60, Dry, N, Daylight, Rear End, Not Injured, N, N
AUS,2,0,0,0,2017, September, Wednesday,9.00,60, Dry, N, Daylight, Side Swipe, Not Injured, N, N
AUS,3,0,0,0,2017, September, Friday,9.00,60, Wet, Y, Daylight, Rear End, Not Injured, N, N
AUS,2,0,0,0,2017, October, Wednesday,9.00,60, Dry, N, Daylight, Rear End, Not Injured, N, N
AUS,2,0,0,0,2017, October, Monday,9.00,60, Wet, Y, Daylight, Right Angle, Not Injured, N, N
AUS,2,0,0,0,2017, November, Thursday,9.00,60, Dry, N, Daylight, Right Angle, Not Injured, N, N
AUS,2,0,0,0,2017, November, Thursday,9.00,60, Dry, N, Daylight, Rear End, Not Injured, N, N
AUS,2,0,0,0,2017, November, Friday,9.00,60, Dry, N, Daylight, Right Angle, Not Injured, N, N
AUS,2,0,0,1,2017, November, Wednesday,9.00,60, Wet, Y, Daylight, Rear End, Minor Injury, N, N
AUS,2,0,0,0,2017, November, Thursday,9.00,60, Dry, N, Daylight, Right Angle, Not Injured, N, N
AUS,2,0,0,0,2017, November, Monday,9.00,60, Dry, N, Daylight, Right Angle, Not Injured, N, N
AUS,3,0,0,0,2017, December, Friday,9.00,60, Dry, N, Daylight, Rear End, Not Injured, N, N
AUS,2,0,0,0,2017, December, Friday,9.00,60, Wet, N, Daylight, Rear End, Not Injured, N, N
AUS,2,0,0,1,2017, December, Sunday,9.00,60, Dry, N, Daylight, Right Angle, Minor Injury, N, N
AUS,3,0,0,1,2017, December, Wednesday,9.00,60, Dry, N, Daylight, Right Angle, Minor Injury, N, N
AUS,2,0,0,0,2017, December, Thursday,9.00,60, Wet, Y, Daylight, Rear End, Not Injured, N, N
AUS,2,0,0,1,2017, December, Wednesday,9.00,60, Dry, N, Daylight, Right Angle, Minor Injury, N, N
AUS,2,0,0,0,2017, December, Saturday,9.00,60, Dry, N, Daylight, Side Swipe, Not Injured, N, N
US,2,0,0,0,2017, January, Thursday,9.00,64, Dry, N, Daylight, Rear End, Not Injured, N, N
US,2,0,0,0,2017, May, Tuesday,9.00,64, Dry, N, Daylight, Right Angle, Not Injured, N, N
US,3,0,0,0,2017, June, Friday,9.00,64, Dry, N, Daylight, Side Swipe, Not Injured, N, N
US,6,0,0,0,2017, August, Thursday,9.00,64, Dry, N, Daylight, Rear End, Not Injured, N, N
US,3,0,0,0,2017, August, Saturday,9.00,64, Dry, N, Daylight, Rear End, Minor Injury, N, N
US,2,0,0,0,2017, August, Thursday,9.00,64, Dry, N, Daylight, Side Swipe, Minor Injury, N, N
US,2,0,0,0,2017, October, Tuesday,9.00,64, Wet, Y, Daylight, Rear End, Not Injured, N, N
US,2,0,0,0,2017, November, Friday,9.00,64, Wet, Y, Daylight, Rear End, Not Injured, N, N
AUS,2,0,0,0,2017, March, Tuesday,9.00,70, Dry, N, Daylight, Right Angle, Not Injured, N, N
AUS,2,0,0,0,2017, March, Thursday,9.00,70, Dry, N, Daylight, Rear End, Not Injured, N, N
AUS,2,0,0,0,2017, May, Wednesday,9.00,70, Dry, N, Daylight, Hit Pedestrian, Not Injured, N, N
AUS,2,0,0,0,2017, July, Wednesday,9.00,70, Dry, N, Daylight, Rear End, Not Injured, N, N
AUS,3,0,0,0,2017, September, Friday,9.00,70, Dry, N, Daylight, Side Swipe, Not Injured, N, N
AUS,2,0,0,0,2017, October, Tuesday,9.00,70, Dry, N, Daylight, Side Swipe, Not Injured, N, N
AUS,4,0,0,0,2017, October, Wednesday,9.00,70, Dry, N, Daylight, Rear End, Not Injured, N, N
AUS,3,0,0,0,2017, October, Wednesday,9.00,70, Dry, N, Daylight, Rear End, Not Injured, N, N
US,2,0,0,0,2017, August, Friday,9.00,72, Dry, N, Daylight, Rear End, Not Injured, N, N
US,2,0,0,0,2017, December, Friday,9.00,72, Dry, N, Daylight, Right Angle, Minor Injury, N, N
AUS,3,0,0,0,2017, January, Thursday,9.00,80, Dry, N, Daylight, Rear End, Not Injured, N, N
AUS,2,0,0,0,2017, January, Sunday,9.00,80, Dry, N, Daylight, Side Swipe, Not Injured, N, N
AUS,2,0,0,0,2017, January, Saturday,9.00,80, Dry, N, Daylight, Head On, Not Injured, N, N
AUS,2,0,0,0,2017, January, Wednesday,9.00,80, Dry, N, Daylight, Rear End, Not Injured, N, N
AUS,2,0,0,0,2017, April, Monday,9.00,80, Dry, N, Daylight, Hit Fixed Object, Not Injured, N, N
AUS,2,0,0,0,2017, April, Friday,9.00,80, Dry, N, Daylight, Right Angle, Not Injured, N, N
AUS,3,0,0,3,2017, August, Tuesday,9.00,80, Dry, N, Daylight, Rear End, Minor Injury, N, N
US,2,0,0,0,2017, February, Thursday,9.00,89, Dry, N, Daylight, Rear End, Not Injured, N, N
US,4,0,0,0,2017, April, Monday,9.00,89, Dry, N, Daylight, Rear End, Not Injured, N, N
US,2,0,0,1,2017, May, Thursday,9.00,89, Dry, N, Daylight, Right Angle, Minor Injury, N, N
US,3,0,0,0,2017, July, Monday,9.00,89, Dry, N, Daylight, Rear End, Minor Injury, N, N
US,2,0,0,0,2017, July, Tuesday,9.00,89, Dry, N, Daylight, Rear End, Not Injured, N, N
US,2,0,0,0,2017, August, Wednesday,9.00,89, Dry, N, Daylight, Rear End, Not Injured, N, N
US,3,0,0,0,2017, November, Tuesday,9.00,89, Dry, N, Daylight, Rear End, Not Injured, N, N
US,2,0,0,0,2017, October, Monday,9.00,89, Wet, Y, Night, Rear End, Minor Injury, N, N
AUS,2,0,0,1,2017, February, Wednesday,9.00,90, Dry, N, Daylight, Right Angle, Minor Injury, N, N
AUS,2,0,0,0,2017, August, Thursday,9.00,90, Wet, Y, Daylight, Hit Fixed Object, Not Injured, N, N
AUS,2,0,1,0,2017, April, Monday,9.00,100, Dry, N, Daylight, Hit Fixed Object, Major Injury, N, Y
AUS,2,0,0,1,2017, May, Thursday,9.00,100, Wet, Y, Daylight, Hit Fixed Object, Minor Injury, N, N
AUS,2,0,0,0,2017, June, Sunday,9.00,100, Wet, Y, Daylight, Hit Fixed Object, Not Injured, N, N
AUS,2,0,0,1,2017, July, Monday,9.00,100, Dry, N, Daylight, Right Angle, Minor Injury, N, N
AUS,2,0,0,1,2017, September, Friday,9.00,100, Dry, N, Daylight, Side Swipe, Minor Injury, N, N
AUS,2,0,0,0,2017, October, Friday,9.00,100, Dry, N, Daylight, Right Angle, Not Injured, N, N
AUS,2,0,0,0,2017, February, Saturday,9.00,110, Dry, N, Daylight, Hit Fixed Object, Not Injured, N, N
AUS,2,0,0,1,2017, May, Sunday,9.00,110, Dry, N, Daylight, Hit Fixed Object, Minor Injury, N, N
AUS,2,0,0,1,2017, September, Friday,9.00,110, Dry, N, Daylight, Hit Fixed Object, Minor Injury, N, N
AUS,2,0,0,0,2017, November, Monday,9.20,40, Dry, N, Daylight, Hit Fixed Object, Not Injured, N, N
US,2,0,0,0,2017, January, Monday,9.20,40, Dry, N, Daylight, Right Angle, Not Injured, N, N
US,2,0,0,0,2017, January, Monday,9.20,40, Dry, N, Daylight, Right Angle, Not Injured, N, N
US,2,0,0,1,2017, January, Tuesday,9.20,40, Wet, Y, Daylight, Right Angle, Minor Injury, N, N
US,2,0,0,1,2017, January, Monday,9.20,40, Dry, N, Daylight, Hit Pedestrian, Minor Injury, N, N
US,2,0,0,0,2017, January, Monday,9.20,40, Wet, N, Daylight, Rear End, Not Injured, N, N
US,2,0,0,0,2017, January, Tuesday,9.20,40, Wet, Y, Daylight, Right Angle, Not Injured, N, N
US,2,0,0,0,2017, February, Wednesday,9.20,40, Dry, N, Daylight, Right Angle, Not Injured, N, N
US,2,0,0,0,2017, February, Tuesday,9.20,40, Dry, N, Daylight, Right Angle, Not Injured, N, N
US,2,0,0,0,2017, March, Saturday,9.20,40, Dry, N, Daylight, Side Swipe, Minor Injury, N, N
US,2,0,0,0,2017, March, Tuesday,9.20,40, Wet, Y, Daylight, Rear End, Minor Injury, N, N
US,2,0,0,0,2017, March, Monday,9.20,40, Dry, N, Daylight, Right Angle, Not Injured, N, N
US,2,0,0,1,2017, May, Wednesday,9.20,40, Dry, N, Daylight, Rear End, Minor Injury, N, N
US,2,0,0,0,2017, May, Saturday,9.20,40, Wet, Y, Daylight, Right Angle, Not Injured, N, N
US,2,0,0,0,2017, May, Saturday,9.20,40, Wet, Y, Daylight, Rear End, Not Injured, N, N
US,3,0,0,0,2017, June, Friday,9.20,40, Dry, N, Daylight, Right Angle, Not Injured, N, N
US,2,0,0,0,2017, June, Wednesday,9.20,40, Dry, N, Daylight, Rear End, Minor Injury, N, N
US,2,0,0,0,2017, July, Wednesday,9.20,40, Dry, N, Daylight, Right Angle, Not Injured, N, N
US,2,0,0,0,2017, August, Saturday,9.20,40, Dry, N, Daylight, Rear End, Not Injured, N, N
US,2,0,0,0,2017, September, Monday,9.20,40, Dry, N, Daylight, Right Angle, Minor Injury, N, N
US,5,0,0,0,2017, September, Saturday,9.20,40, Dry, N, Daylight, Rear End, Not Injured, N, N
US,3,0,0,0,2017, October, Saturday,9.20,40, Wet, Y, Daylight, Rear End, Not Injured, N, N
US,2,0,0,0,2017, November, Wednesday,9.20,40, Dry, N, Daylight, Rear End, Not Injured, N, N
US,2,0,0,0,2017, December, Saturday,9.20,40, Dry, N, Daylight, Right Angle, Not Injured, N, N
US,2,0,0,1,2017, December, Tuesday,9.20,40, Dry, N, Daylight, Right Angle, Minor Injury, N, N
US,2,0,0,0,2017, October, Sunday,9.20,48, Dry, N, Daylight, Side Swipe, Not Injured, N, N
AUS,2,0,0,0,2017, January, Wednesday,9.20,50, Dry, N, Daylight, Hit Fixed Object, Not Injured, N, N
AUS,2,0,0,1,2017, March, Thursday,9.20,50, Dry, N, Daylight, Hit Fixed Object, Minor Injury, N, Y
AUS,2,0,0,0,2017, March, Tuesday,9.20,50, Dry, N, Daylight, Side Swipe, Not Injured, N, N
AUS,2,0,0,0,2017, March, Monday,9.20,50, Dry, N, Daylight, Side Swipe, Not Injured, N, N
AUS,2,0,0,0,2017, March, Friday,9.20,50, Dry, N, Daylight, Hit Fixed Object, Not Injured, N, N
AUS,2,0,0,1,2017, April, Tuesday,9.20,50, Dry, N, Daylight, Right Angle, Minor Injury, N, N
AUS,2,0,0,1,2017, April, Friday,9.20,50, Dry, N, Daylight, Hit Pedestrian, Minor Injury, N, N
AUS,2,0,0,0,2017, May, Monday,9.20,50, Wet, N, Daylight, Rear End, Not Injured, N, N
AUS,2,0,0,0,2017, May, Wednesday,9.20,50, Dry, N, Daylight, Hit Fixed Object, Not Injured, N, N
AUS,2,0,0,0,2017, June, Friday,9.20,50, Dry, N, Daylight, Hit Fixed Object, Not Injured, N, N
AUS,2,0,0,0,2017, August, Friday,9.20,50, Dry, N, Daylight, Right Angle, Not Injured, N, N
AUS,2,0,0,0,2017, August, Monday,9.20,50, Wet, N, Daylight, Right Angle, Not Injured, N, N
AUS,4,0,0,0,2017, September, Sunday,9.20,50, Dry, N, Daylight, Hit Fixed Object, Not Injured, N, N
AUS,2,0,0,0,2017, September, Thursday,9.20,50, Dry, N, Daylight, Right Angle, Not Injured, N, N
AUS,3,0,0,0,2017, November, Monday,9.20,50, Dry, N, Daylight, Hit Fixed Object, Not Injured, N, N
AUS,2,0,0,0,2017, November, Saturday,9.20,50, Dry, N, Daylight, Hit Pedestrian, Not Injured, N, N
AUS,2,0,0,0,2017, December, Wednesday,9.20,50, Dry, N, Daylight, Side Swipe, Not Injured, N, N
US,2,0,0,0,2017, January, Tuesday,9.20,56, Dry, Y, Daylight, Rear End, Not Injured, N, N
US,2,0,0,0,2017, February, Wednesday,9.20,56, Dry, N, Daylight, Rear End, Not Injured, N, N
US,2,0,0,1,2017, February, Thursday,9.20,56, Dry, Y, Daylight, Side Swipe, Minor Injury, N, N
US,2,0,0,0,2017, February, Sunday,9.20,56, Dry, N, Daylight, Right Angle, Not Injured, N, N
US,2,0,0,0,2017, April, Wednesday,9.20,56, Dry, N, Daylight, Right Angle, Not Injured, N, N
US,2,0,0,0,2017, August, Monday,9.20,56, Wet, Y, Daylight, Right Angle, Not Injured, N, N
US,2,0,0,0,2017, August, Tuesday,9.20,56, Dry, N, Daylight, Right Angle, Minor Injury, N, N
US,2,0,0,0,2017, September, Sunday,9.20,56, Wet, Y, Daylight, Rear End, Not Injured, N, N
US,2,0,0,1,2017, October, Tuesday,9.20,56, Dry, N, Daylight, Rear End, Minor Injury, N, N
US,2,0,0,0,2017, November, Saturday,9.20,56, Dry, N, Daylight, Right Angle, Not Injured, N, N
AUS,2,0,0,1,2017, January, Wednesday,9.20,60, Dry, N, Daylight, Right Angle, Minor Injury, N, N
AUS,2,0,0,0,2017, February, Friday,9.20,60, Dry, N, Daylight, Side Swipe, Not Injured, N, N
AUS,4,0,0,1,2017, February, Monday,9.20,60, Wet, N, Daylight, Rear End, Minor Injury, N, N
AUS,2,0,0,0,2017, February, Tuesday,9.20,60, Dry, N, Daylight, Rear End, Not Injured, N, N
AUS,2,0,0,1,2017, February, Wednesday,9.20,60, Dry, N, Daylight, Side Swipe, Minor Injury, N, N
AUS,3,0,0,1,2017, February, Thursday,9.20,60, Dry, N, Daylight, Hit Fixed Object, Minor Injury, N, N
AUS,2,0,0,0,2017, February, Tuesday,9.20,60, Dry, N, Daylight, Side Swipe, Not Injured, N, N
AUS,2,0,0,1,2017, February, Friday,9.20,60, Dry, N, Daylight, Side Swipe, Minor Injury, N, N
AUS,2,0,0,1,2017, March, Wednesday,9.20,60, Dry, N, Daylight, Rear End, Minor Injury, N, Y
AUS,2,0,0,1,2017, March, Tuesday,9.20,60, Dry, N, Daylight, Rear End, Minor Injury, N, N
AUS,3,0,0,2,2017, March, Tuesday,9.20,60, Dry, N, Daylight, Rear End, Minor Injury, N, N
AUS,2,0,0,1,2017, March, Thursday,9.20,60, Dry, N, Daylight, Rear End, Minor Injury, N, N
AUS,2,0,0,1,2017, April, Tuesday,9.20,60, Dry, N, Daylight, Rear End, Minor Injury, N, N
AUS,3,0,0,0,2017, April, Wednesday,9.20,60, Dry, N, Daylight, Rear End, Not Injured, N, N
AUS,3,0,0,1,2017, April, Thursday,9.20,60, Dry, N, Daylight, Rear End, Minor Injury, N, N
AUS,2,0,0,1,2017, April, Saturday,9.20,60, Dry, N, Daylight, Right Angle, Minor Injury, N, N
AUS,2,0,0,1,2017, May, Friday,9.20,60, Dry, N, Daylight, Hit Pedestrian, Minor Injury, N, N
AUS,2,0,0,0,2017, May, Wednesday,9.20,60, Dry, N, Daylight, Rear End, Not Injured, N, N
AUS,2,0,0,1,2017, May, Saturday,9.20,60, Dry, N, Daylight, Side Swipe, Minor Injury, N, N
AUS,2,0,0,0,2017, June, Friday,9.20,60, Dry, N, Daylight, Rear End, Not Injured, N, N
AUS,2,0,0,0,2017, July, Saturday,9.20,60, Dry, N, Daylight, Right Angle, Not Injured, N, N
AUS,4,0,0,0,2017, July, Monday,9.20,60, Dry, N, Daylight, Rear End, Not Injured, N, N
AUS,2,0,0,0,2017, July, Tuesday,9.20,60, Dry, N, Daylight, Side Swipe, Not Injured, N, N
AUS,2,0,0,0,2017, August, Thursday,9.20,60, Dry, N, Daylight, Side Swipe, Not Injured, N, N
AUS,2,0,0,1,2017, August, Friday,9.20,60, Dry, N, Daylight, Hit Pedestrian, Minor Injury, N, N
AUS,3,0,0,2,2017, August, Tuesday,9.20,60, Wet, Y, Daylight, Rear End, Minor Injury, N, N
AUS,2,0,0,0,2017, August, Tuesday,9.20,60, Wet, N, Daylight, Side Swipe, Not Injured, N, N
AUS,4,0,0,0,2017, August, Thursday,9.20,60, Dry, N, Daylight, Rear End, Not Injured, N, N
AUS,3,0,0,0,2017, August, Monday,9.20,60, Dry, N, Daylight, Hit Fixed Object, Not Injured, N, N
AUS,2,0,0,0,2017, August, Thursday,9.20,60, Dry, N, Daylight, Hit Fixed Object, Not Injured, N, N
AUS,2,0,0,0,2017, September, Wednesday,9.20,60, Dry, N, Daylight, Side Swipe, Not Injured, N, N
AUS,2,0,0,1,2017, September, Wednesday,9.20,60, Wet, Y, Daylight, Rear End, Minor Injury, N, N
AUS,3,0,0,1,2017, September, Thursday,9.20,60, Dry, N, Daylight, Rear End, Minor Injury, N, N
AUS,2,0,0,0,2017, October, Wednesday,9.20,60, Dry, N, Daylight, Rear End, Not Injured, N, N
AUS,2,0,0,0,2017, October, Monday,9.20,60, Dry, N, Daylight, Right Angle, Not Injured, N, N
AUS,2,0,0,0,2017, October, Thursday,9.20,60, Dry, N, Daylight, Side Swipe, Not Injured, N, N
AUS,3,0,0,0,2017, October, Tuesday,9.20,60, Dry, N, Daylight, Rear End, Not Injured, N, N
AUS,2,0,0,0,2017, October, Tuesday,9.20,60, Dry, N, Daylight, Side Swipe, Not Injured, N, N
AUS,2,0,0,0,2017, November, Saturday,9.20,60, Dry, N, Daylight, Right Angle, Not Injured, N, N
AUS,2,0,0,0,2017, November, Wednesday,9.20,60, Dry, N, Daylight, Side Swipe, Not Injured, N, N
AUS,2,0,0,1,2017, December, Monday,9.20,60, Dry, N, Daylight, Side Swipe, Minor Injury, N, N
AUS,2,0,0,0,2017, December, Sunday,9.20,60, Dry, N, Daylight, Right Angle, Not Injured, N, N
US,3,0,1,0,2017, October, Monday,9.20,64, Wet, Y, Daylight, Rear End, Major Injury, N, N
US,2,0,0,1,2017, December, Thursday,9.20,64, Dry, N, Daylight, Right Angle, Minor Injury, N, N
AUS,2,0,0,1,2017, April, Thursday,9.20,70, Dry, N, Daylight, Rear End, Minor Injury, N, N
AUS,2,0,0,1,2017, November, Saturday,9.20,70, Dry, N, Daylight, Side Swipe, Minor Injury, N, N
US,2,0,0,0,2017, March, Wednesday,9.20,72, Dry, Y, Daylight, Rear End, Not Injured, N, N
US,2,0,0,0,2017, March, Thursday,9.20,72, Dry, N, Daylight, Rear End, Not Injured, N, N
US,2,0,0,0,2017, December, Friday,9.20,72, Dry, N, Daylight, Rear End, Not Injured, N, N
AUS,2,0,0,0,2017, May, Wednesday,9.20,80, Dry, N, Daylight, Rear End, Not Injured, N, N
AUS,2,0,0,1,2017, June, Wednesday,9.20,80, Dry, N, Daylight, Hit Fixed Object, Minor Injury, N, N
AUS,2,0,0,0,2017, June, Wednesday,9.20,80, Dry, N, Daylight, Rear End, Not Injured, N, N
AUS,3,0,0,0,2017, August, Wednesday,9.20,80, Dry, N, Daylight, Rear End, Not Injured, N, N
AUS,2,0,0,0,2017, September, Wednesday,9.20,80, Dry, N, Daylight, Rear End, Not Injured, N, N
AUS,2,0,0,0,2017, October, Thursday,9.20,80, Dry, N, Daylight, Hit Fixed Object, Not Injured, N, N
AUS,4,0,0,1,2017, November, Saturday,9.20,80, Dry, N, Daylight, Rear End, Minor Injury, N, N
AUS,2,0,0,1,2017, December, Friday,9.20,80, Dry, N, Daylight, Hit Fixed Object, Minor Injury, N, N
AUS,2,0,0,0,2017, December, Wednesday,9.20,80, Dry, N, Daylight, Hit Fixed Object, Not Injured, N, N
US,2,0,0,0,2017, May, Sunday,9.20,89, Dry, N, Daylight, Right Angle, Not Injured, Y, N
US,3,0,0,0,2017, August, Tuesday,9.20,89, Dry, N, Daylight, Rear End, Minor Injury, N, N
US,2,0,0,0,2017, August, Thursday,9.20,89, Dry, N, Daylight, Rear End, Not Injured, N, N
US,4,0,0,0,2017, September, Friday,9.20,89, Dry, N, Daylight, Rear End, Not Injured, N, N
US,2,0,0,0,2017, December, Thursday,9.20,89, Dry, N, Daylight, Rear End, Not Injured, N, N
AUS,2,0,0,0,2017, May, Tuesday,9.20,90, Dry, N, Daylight, Side Swipe, Not Injured, N, N
AUS,2,0,0,1,2017, July, Friday,9.20,90, Dry, N, Daylight, Hit Fixed Object, Minor Injury, N, N
AUS,3,0,0,1,2017, January, Friday,9.20,100, Dry, N, Daylight, Side Swipe, Minor Injury, N, N
AUS,2,0,0,0,2017, March, Thursday,9.20,100, Dry, N, Daylight, Rear End, Not Injured, N, N
AUS,2,0,0,1,2017, August, Friday,9.20,100, Wet, Y, Daylight, Hit Fixed Object, Minor Injury, N, N
AUS,2,0,0,1,2017, September, Thursday,9.20,100, Dry, N, Daylight, Hit Fixed Object, Minor Injury, N, N
AUS,2,0,0,1,2017, March, Wednesday,9.30,40, Dry, N, Daylight, Right Angle, Minor Injury, N, N
US,4,0,0,0,2017, January, Sunday,9.30,40, Dry, N, Daylight, Right Angle, Not Injured, Y, N
US,2,0,0,0,2017, January, Thursday,9.30,40, Wet, N, Daylight, Right Angle, Not Injured, N, N
US,2,0,0,0,2017, January, Friday,9.30,40, Dry, N, Daylight, Right Angle, Not Injured, N, N
US,2,0,1,0,2017, January, Tuesday,9.30,40, Wet, Y, Daylight, Rear End, Major Injury, N, N
US,3,0,0,0,2017, February, Saturday,9.30,40, Dry, N, Daylight, Rear End, Not Injured, N, N
US,2,0,0,0,2017, February, Saturday,9.30,40, Dry, N, Daylight, Right Angle, Not Injured, N, N
US,2,0,0,0,2017, February, Thursday,9.30,40, Wet, Y, Daylight, Right Angle, Minor Injury, N, N
US,3,0,0,0,2017, April, Wednesday,9.30,40, Dry, N, Daylight, Side Swipe, Not Injured, N, N
US,2,0,0,1,2017, April, Monday,9.30,40, Dry, N, Daylight, Right Angle, Minor Injury, N, N
US,2,0,0,0,2017, June, Saturday,9.30,40, Dry, N, Daylight, Rear End, Not Injured, N, N
US,2,0,0,1,2017, June, Tuesday,9.30,40, Dry, N, Daylight, Right Angle, Minor Injury, N, N
US,2,0,0,0,2017, July, Tuesday,9.30,40, Dry, N, Daylight, Hit Pedestrian, Minor Injury, N, N
US,2,0,0,1,2017, August, Monday,9.30,40, Wet, Y, Daylight, Rear End, Minor Injury, N, N
US,2,0,0,0,2017, August, Thursday,9.30,40, Dry, N, Daylight, Right Angle, Not Injured, N, N
US,2,0,0,1,2017, September, Thursday,9.30,40, Dry, N, Daylight, Right Angle, Minor Injury, N, N
US,2,0,0,0,2017, September, Monday,9.30,40, Dry, N, Daylight, Rear End, Not Injured, N, N
US,2,0,0,0,2017, October, Tuesday,9.30,40, Dry, N, Daylight, Right Angle, Not Injured, N, N
US,2,0,0,1,2017, October, Thursday,9.30,40, Dry, N, Daylight, Right Angle, Minor Injury, N, N
US,2,0,0,0,2017, October, Sunday,9.30,40, Dry, N, Daylight, Right Angle, Minor Injury, N, N
US,2,0,0,0,2017, October, Sunday,9.30,40, Dry, N, Daylight, Right Angle, Not Injured, N, N
US,2,0,0,0,2017, November, Monday,9.30,40, Dry, N, Daylight, Right Angle, Not Injured, N, N
US,2,0,0,0,2017, December, Thursday,9.30,40, Dry, N, Daylight, Right Angle, Not Injured, N, N
US,2,0,0,0,2017, December, Thursday,9.30,40, Dry, N, Daylight, Rear End, Minor Injury, N, N
US,2,0,0,0,2017, December, Friday,9.30,40, Dry, N, Daylight, Right Angle, Minor Injury, N, N
US,2,0,0,0,2017, December, Wednesday,9.30,40, Dry, Y, Daylight, Right Angle, Not Injured, N, N
US,2,0,0,0,2017, December, Friday,9.30,40, Dry, N, Daylight, Rear End, Not Injured, N, N
US,2,0,0,0,2017, December, Monday,9.30,40, Dry, N, Daylight, Side Swipe, Not Injured, N, N
US,2,0,0,0,2017, December, Tuesday,9.30,40, Dry, Y, Daylight, Head On, Not Injured, N, N
US,2,0,0,0,2017, January, Friday,9.30,48, Dry, N, Daylight, Right Angle, Not Injured, N, N
US,3,0,0,0,2017, February, Wednesday,9.30,48, Dry, N, Daylight, Head On, Not Injured, N, N
AUS,2,0,0,1,2017, January, Saturday,9.30,50, Dry, N, Daylight, Hit Fixed Object, Minor Injury, N, N
AUS,2,0,0,1,2017, March, Thursday,9.30,50, Dry, N, Daylight, Right Angle, Minor Injury, N, N
AUS,2,0,0,0,2017, March, Tuesday,9.30,50, Wet, Y, Daylight, Side Swipe, Not Injured, N, N
AUS,2,0,0,0,2017, March, Thursday,9.30,50, Dry, N, Daylight, Right Angle, Not Injured, N, N
AUS,2,0,0,0,2017, April, Sunday,9.30,50, Dry, N, Daylight, Hit Fixed Object, Not Injured, N, N
AUS,2,0,0,1,2017, April, Friday,9.30,50, Wet, Y, Daylight, Side Swipe, Minor Injury, N, N
AUS,2,0,0,0,2017, April, Saturday,9.30,50, Dry, N, Daylight, Hit Pedestrian, Not Injured, N, N
AUS,2,0,0,1,2017, June, Monday,9.30,50, Dry, N, Daylight, Rear End, Minor Injury, N, N
AUS,2,0,0,1,2017, June, Thursday,9.30,50, Dry, N, Daylight, Side Swipe, Minor Injury, N, N
AUS,2,0,0,0,2017, July, Monday,9.30,50, Wet, N, Daylight, Hit Fixed Object, Not Injured, N, Y
AUS,2,0,0,0,2017, July, Sunday,9.30,50, Dry, N, Daylight, Right Angle, Not Injured, N, N
AUS,2,0,0,0,2017, July, Tuesday,9.30,50, Dry, N, Daylight, Right Angle, Not Injured, N, N