Nation,Total Units,Total Fatalities,Total Serious Injuries,Total Minor Injuries,Year,Month,Day,Time,Speed Limit,Moisture,Adverse Weather Conditions,DayNight,Crash Type,Crash Severity,Alcohol Related ,Drug Related
US,3,0,0,0,2017, October, Thursday,10.20,64, Dry, N, Daylight, Rear End, Not Injured, N, N
US,2,2,0,0,2017, October, Tuesday,10.20,64, Dry, N, Daylight, Right Angle, Fatal, N, N
AUS,3,0,0,0,2017, September, Tuesday,10.20,70, Dry, N, Daylight, Rear End, Not Injured, N, N
US,2,0,0,0,2017, August, Wednesday,10.20,72, Dry, N, Daylight, Rear End, Not Injured, N, N
US,2,0,0,0,2017, September, Wednesday,10.20,72, Dry, N, Daylight, Right Angle, Not Injured, N, N
AUS,2,0,0,0,2017, January, Friday,10.20,80, Wet, Y, Daylight, Hit Fixed Object, Not Injured, N, N
AUS,2,0,0,1,2017, April, Saturday,10.20,80, Dry, N, Daylight, Hit Fixed Object, Minor Injury, N, Y
AUS,3,0,0,0,2017, July, Wednesday,10.20,80, Wet, Y, Daylight, Right Angle, Not Injured, N, N
AUS,2,0,0,1,2017, August, Sunday,10.20,80, Wet, Y, Daylight, Hit Fixed Object, Minor Injury, N, Y
US,2,0,0,1,2017, March, Wednesday,10.20,89, Wet, Y, Daylight, Right Angle, Minor Injury, N, N
US,3,0,0,0,2017, July, Wednesday,10.20,89, Wet, N, Daylight, Rear End, Not Injured, N, N
US,2,0,0,0,2017, August, Monday,10.20,89, Wet, Y, Daylight, Rear End, Not Injured, N, N
US,5,0,0,1,2017, August, Friday,10.20,89, Dry, N, Daylight, Rear End, Minor Injury, N, N
AUS,2,0,0,0,2017, March, Sunday,10.20,90, Dry, N, Daylight, Hit Fixed Object, Not Injured, N, N
AUS,2,0,0,0,2017, March, Wednesday,10.20,90, Dry, N, Daylight, Rear End, Not Injured, N, N
AUS,2,0,0,0,2017, September, Saturday,10.20,90, Dry, N, Daylight, Rear End, Not Injured, N, N
AUS,2,0,0,0,2017, March, Wednesday,10.20,100, Dry, N, Daylight, Side Swipe, Not Injured, N, N
AUS,3,0,0,1,2017, April, Thursday,10.20,100, Wet, Y, Daylight, Head On, Minor Injury, N, N
AUS,2,0,0,1,2017, August, Monday,10.20,100, Wet, Y, Daylight, Hit Fixed Object, Minor Injury, N, N
US,2,0,0,0,2017, February, Friday,10.30,24, Dry, N, Daylight, Right Angle, Not Injured, N, N
US,2,0,0,0,2017, March, Thursday,10.30,24, Dry, N, Daylight, Side Swipe, Not Injured, N, N
AUS,3,0,0,1,2017, April, Friday,10.30,25, Dry, N, Daylight, Rear End, Minor Injury, N, N
AUS,2,0,0,1,2017, October, Sunday,10.30,40, Dry, N, Daylight, Hit Pedestrian, Minor Injury, N, N
US,2,0,0,0,2017, January, Monday,10.30,40, Dry, N, Daylight, Side Swipe, Not Injured, N, N
US,3,0,0,0,2017, January, Sunday,10.30,40, Dry, N, Daylight, Right Angle, Minor Injury, N, N
US,2,0,0,2,2017, February, Sunday,10.30,40, Dry, N, Daylight, Head On, Minor Injury, N, N
US,2,0,0,0,2017, February, Tuesday,10.30,40, Dry, N, Daylight, Head On, Minor Injury, N, N
US,2,0,0,0,2017, February, Saturday,10.30,40, Dry, N, Daylight, Side Swipe, Not Injured, N, N
US,2,0,0,1,2017, March, Sunday,10.30,40, Dry, N, Daylight, Right Angle, Minor Injury, N, N
US,2,0,0,0,2017, March, Tuesday,10.30,40, Dry, Y, Daylight, Right Angle, Minor Injury, N, N
US,2,0,0,0,2017, March, Friday,10.30,40, Wet, Y, Daylight, Head On, Minor Injury, N, N
US,2,0,0,0,2017, April, Monday,10.30,40, Dry, N, Daylight, Right Angle, Not Injured, N, N
US,2,0,0,0,2017, April, Thursday,10.30,40, Dry, N, Daylight, Rear End, Minor Injury, N, N
US,3,0,0,2,2017, April, Friday,10.30,40, Dry, N, Daylight, Side Swipe, Minor Injury, N, N
US,2,0,0,0,2017, April, Thursday,10.30,40, Dry, N, Daylight, Side Swipe, Not Injured, N, N
US,2,0,0,0,2017, May, Friday,10.30,40, Dry, N, Daylight, Right Angle, Not Injured, N, N
US,2,0,0,0,2017, June, Monday,10.30,40, Dry, N, Daylight, Side Swipe, Not Injured, N, N
US,2,0,0,0,2017, July, Saturday,10.30,40, Dry, N, Daylight, Right Angle, Minor Injury, N, N
US,2,0,0,0,2017, July, Friday,10.30,40, Wet, Y, Daylight, Rear End, Not Injured, N, N
US,2,0,0,0,2017, September, Sunday,10.30,40, Wet, Y, Daylight, Right Angle, Not Injured, N, N
US,4,0,0,1,2017, September, Thursday,10.30,40, Dry, N, Daylight, Rear End, Minor Injury, N, N
US,2,0,1,0,2017, September, Thursday,10.30,40, Dry, N, Daylight, Right Angle, Major Injury, N, N
US,2,0,0,0,2017, September, Friday,10.30,40, Dry, N, Daylight, Right Angle, Not Injured, N, N
US,2,0,0,0,2017, October, Sunday,10.30,40, Dry, N, Daylight, Right Angle, Minor Injury, N, N
US,2,0,0,0,2017, October, Thursday,10.30,40, Wet, Y, Daylight, Right Angle, Not Injured, N, N
US,2,0,0,0,2017, October, Sunday,10.30,40, Dry, N, Daylight, Right Angle, Not Injured, N, N
US,2,0,0,0,2017, November, Tuesday,10.30,40, Wet, Y, Daylight, Right Angle, Not Injured, N, N
US,2,0,0,1,2017, December, Friday,10.30,40, Dry, N, Daylight, Side Swipe, Minor Injury, N, N
US,2,0,0,0,2017, December, Wednesday,10.30,40, Dry, N, Daylight, Side Swipe, Not Injured, N, N
US,3,0,0,0,2017, July, Sunday,10.30,48, Dry, N, Daylight, Rear End, Not Injured, N, N
AUS,2,0,0,1,2017, January, Sunday,10.30,50, Dry, N, Daylight, Hit Fixed Object, Minor Injury, N, Y
AUS,2,0,0,0,2017, January, Tuesday,10.30,50, Dry, N, Daylight, Right Angle, Not Injured, N, N
AUS,2,0,1,0,2017, February, Sunday,10.30,50, Dry, N, Daylight, Side Swipe, Major Injury, N, N
AUS,2,0,0,0,2017, February, Friday,10.30,50, Dry, N, Daylight, Right Angle, Not Injured, N, N
AUS,2,0,0,1,2017, February, Friday,10.30,50, Dry, N, Daylight, Hit Pedestrian, Minor Injury, N, N
AUS,2,0,0,0,2017, March, Thursday,10.30,50, Dry, N, Daylight, Hit Fixed Object, Not Injured, N, N
AUS,2,0,0,0,2017, March, Friday,10.30,50, Dry, N, Daylight, Right Angle, Not Injured, N, N
AUS,2,0,0,0,2017, March, Friday,10.30,50, Dry, N, Daylight, Right Angle, Not Injured, N, N
AUS,2,0,0,2,2017, April, Tuesday,10.30,50, Dry, N, Daylight, Right Angle, Minor Injury, N, N
AUS,2,0,0,0,2017, June, Tuesday,10.30,50, Dry, N, Daylight, Right Angle, Not Injured, N, N
AUS,2,0,0,0,2017, July, Tuesday,10.30,50, Dry, N, Daylight, Rear End, Not Injured, N, N
AUS,2,0,0,0,2017, July, Wednesday,10.30,50, Dry, N, Daylight, Hit Fixed Object, Not Injured, N, N
AUS,4,0,1,0,2017, July, Wednesday,10.30,50, Dry, N, Daylight, Hit Pedestrian, Major Injury, N, N
AUS,2,0,0,0,2017, August, Friday,10.30,50, Wet, N, Daylight, Right Angle, Not Injured, N, N
AUS,2,0,0,1,2017, August, Friday,10.30,50, Wet, N, Daylight, Hit Pedestrian, Minor Injury, N, N
AUS,2,0,0,0,2017, August, Tuesday,10.30,50, Dry, N, Daylight, Right Angle, Not Injured, N, N
AUS,2,0,0,1,2017, August, Thursday,10.30,50, Dry, N, Daylight, Right Angle, Minor Injury, N, N
AUS,2,0,0,1,2017, August, Wednesday,10.30,50, Dry, N, Daylight, Rear End, Minor Injury, N, N
AUS,2,0,0,0,2017, September, Friday,10.30,50, Dry, N, Daylight, Right Angle, Not Injured, N, N
AUS,2,0,0,0,2017, September, Wednesday,10.30,50, Dry, N, Daylight, Hit Pedestrian, Not Injured, N, N
AUS,4,0,0,0,2017, September, Tuesday,10.30,50, Dry, N, Daylight, Hit Fixed Object, Not Injured, N, N
AUS,2,0,0,0,2017, October, Monday,10.30,50, Dry, N, Daylight, Right Angle, Not Injured, N, N
AUS,3,0,0,3,2017, October, Friday,10.30,50, Dry, N, Daylight, Rear End, Minor Injury, N, Y
AUS,2,0,0,0,2017, November, Tuesday,10.30,50, Dry, N, Daylight, Hit Fixed Object, Not Injured, N, N
AUS,2,0,0,1,2017, November, Wednesday,10.30,50, Dry, N, Daylight, Hit Pedestrian, Minor Injury, N, N
AUS,2,0,0,0,2017, December, Thursday,10.30,50, Dry, N, Daylight, Right Angle, Not Injured, N, N
AUS,2,0,0,1,2017, December, Thursday,10.30,50, Dry, N, Daylight, Right Angle, Minor Injury, N, N
AUS,2,0,0,0,2017, April, Saturday,10.30,50, Dry, N, Daylight, Side Swipe, Not Injured, N, N
US,2,0,0,0,2017, January, Tuesday,10.30,56, Wet, Y, Daylight, Rear End, Not Injured, N, N
US,3,0,0,0,2017, February, Monday,10.30,56, Dry, N, Daylight, Rear End, Minor Injury, N, N
US,2,0,0,0,2017, March, Friday,10.30,56, Wet, Y, Daylight, Right Angle, Minor Injury, N, N
US,2,0,0,0,2017, May, Saturday,10.30,56, Dry, N, Daylight, Rear End, Not Injured, N, N
US,2,0,0,0,2017, June, Tuesday,10.30,56, Dry, N, Daylight, Rear End, Not Injured, N, N
US,2,0,0,0,2017, June, Wednesday,10.30,56, Dry, N, Daylight, Right Angle, Not Injured, N, N
US,2,0,0,0,2017, June, Thursday,10.30,56, Dry, N, Daylight, Right Angle, Minor Injury, N, N
US,3,0,0,0,2017, June, Friday,10.30,56, Dry, N, Daylight, Side Swipe, Not Injured, N, N
US,2,0,0,0,2017, September, Wednesday,10.30,56, Dry, N, Daylight, Right Angle, Minor Injury, N, N
US,3,0,0,1,2017, September, Saturday,10.30,56, Dry, N, Daylight, Rear End, Minor Injury, N, N
US,3,0,0,0,2017, September, Thursday,10.30,56, Dry, N, Daylight, Right Angle, Not Injured, N, N
AUS,3,0,0,1,2017, January, Monday,10.30,60, Dry, N, Daylight, Side Swipe, Minor Injury, N, N
AUS,2,0,0,0,2017, January, Friday,10.30,60, Dry, N, Daylight, Side Swipe, Not Injured, N, N
AUS,2,0,0,0,2017, January, Tuesday,10.30,60, Dry, N, Daylight, Hit Fixed Object, Not Injured, N, N
AUS,2,0,0,0,2017, February, Friday,10.30,60, Dry, N, Daylight, Rear End, Not Injured, N, N
AUS,3,0,0,0,2017, February, Saturday,10.30,60, Dry, N, Daylight, Rear End, Not Injured, N, N
AUS,2,0,0,0,2017, February, Saturday,10.30,60, Dry, N, Daylight, Right Angle, Not Injured, N, N
AUS,2,0,0,0,2017, February, Sunday,10.30,60, Wet, Y, Daylight, Rear End, Not Injured, N, N
AUS,2,0,0,2,2017, February, Monday,10.30,60, Dry, N, Daylight, Right Angle, Minor Injury, N, Y
AUS,2,0,0,0,2017, March, Thursday,10.30,60, Dry, N, Daylight, Side Swipe, Not Injured, N, N
AUS,2,0,0,0,2017, March, Friday,10.30,60, Dry, N, Daylight, Right Angle, Not Injured, N, N
AUS,2,0,0,0,2017, March, Wednesday,10.30,60, Dry, N, Daylight, Right Angle, Not Injured, N, N
AUS,2,0,0,0,2017, March, Friday,10.30,60, Dry, N, Daylight, Side Swipe, Not Injured, N, N
AUS,2,0,0,0,2017, March, Monday,10.30,60, Dry, N, Daylight, Right Angle, Not Injured, N, N
AUS,2,0,0,1,2017, March, Saturday,10.30,60, Dry, N, Daylight, Hit Pedestrian, Minor Injury, N, N
AUS,2,0,0,1,2017, April, Saturday,10.30,60, Dry, N, Daylight, Side Swipe, Minor Injury, N, N
AUS,2,0,0,0,2017, April, Sunday,10.30,60, Dry, N, Daylight, Side Swipe, Not Injured, N, N
AUS,2,0,0,1,2017, April, Wednesday,10.30,60, Dry, N, Daylight, Hit Fixed Object, Minor Injury, N, N
AUS,3,0,0,0,2017, May, Tuesday,10.30,60, Dry, N, Daylight, Rear End, Not Injured, N, N
AUS,2,0,0,1,2017, May, Thursday,10.30,60, Dry, N, Daylight, Rear End, Minor Injury, N, N
AUS,4,0,0,0,2017, June, Wednesday,10.30,60, Dry, N, Daylight, Rear End, Not Injured, N, N
AUS,2,0,0,0,2017, July, Wednesday,10.30,60, Wet, Y, Daylight, Side Swipe, Not Injured, N, N
AUS,2,0,0,0,2017, July, Monday,10.30,60, Dry, N, Daylight, Hit Pedestrian, Not Injured, N, N
AUS,2,0,0,1,2017, August, Saturday,10.30,60, Dry, N, Daylight, Rear End, Minor Injury, N, N
AUS,3,0,0,1,2017, September, Friday,10.30,60, Dry, N, Daylight, Hit Fixed Object, Minor Injury, N, N
AUS,3,0,0,1,2017, September, Sunday,10.30,60, Dry, N, Daylight, Rear End, Minor Injury, N, N
AUS,2,0,0,0,2017, September, Thursday,10.30,60, Dry, N, Daylight, Right Angle, Not Injured, N, N
AUS,2,0,0,1,2017, September, Tuesday,10.30,60, Dry, N, Daylight, Right Angle, Minor Injury, N, N
AUS,2,0,0,1,2017, September, Saturday,10.30,60, Dry, N, Daylight, Rear End, Minor Injury, N, N
AUS,2,0,0,1,2017, October, Thursday,10.30,60, Dry, N, Daylight, Right Angle, Minor Injury, N, N
AUS,2,0,0,0,2017, October, Wednesday,10.30,60, Dry, N, Daylight, Hit Fixed Object, Not Injured, N, N
AUS,2,0,0,1,2017, October, Wednesday,10.30,60, Dry, N, Daylight, Rear End, Minor Injury, N, N
AUS,2,0,0,1,2017, November, Friday,10.30,60, Dry, N, Daylight, Right Angle, Minor Injury, N, N
AUS,2,0,0,0,2017, November, Wednesday,10.30,60, Dry, N, Daylight, Rear End, Not Injured, N, N
AUS,2,0,0,0,2017, November, Saturday,10.30,60, Dry, N, Daylight, Right Angle, Not Injured, N, N
AUS,4,0,0,0,2017, November, Saturday,10.30,60, Dry, N, Daylight, Rear End, Not Injured, N, N
AUS,2,0,0,0,2017, December, Wednesday,10.30,60, Dry, N, Daylight, Side Swipe, Not Injured, N, N
AUS,2,0,1,1,2017, December, Sunday,10.30,60, Dry, N, Daylight, Side Swipe, Major Injury, N, N
AUS,2,0,0,1,2017, December, Tuesday,10.30,60, Dry, N, Daylight, Right Angle, Minor Injury, N, N
AUS,2,0,0,0,2017, December, Tuesday,10.30,60, Dry, N, Daylight, Side Swipe, Not Injured, N, N
AUS,2,0,0,0,2017, December, Tuesday,10.30,60, Dry, N, Daylight, Rear End, Not Injured, N, N
AUS,4,0,0,0,2017, December, Saturday,10.30,60, Dry, N, Daylight, Hit Fixed Object, Not Injured, N, N
AUS,2,0,0,0,2017, December, Wednesday,10.30,60, Dry, N, Daylight, Right Angle, Not Injured, N, N
AUS,2,0,0,1,2017, December, Thursday,10.30,60, Dry, N, Daylight, Rear End, Minor Injury, N, N
US,2,0,0,0,2017, September, Wednesday,10.30,64, Dry, N, Daylight, Rear End, Not Injured, N, N
US,2,0,0,0,2017, November, Wednesday,10.30,64, Dry, N, Daylight, Right Angle, Not Injured, N, N
AUS,2,0,0,1,2017, September, Wednesday,10.30,70, Dry, N, Daylight, Right Angle, Minor Injury, N, N
AUS,2,0,0,0,2017, February, Saturday,10.30,80, Dry, N, Daylight, Side Swipe, Not Injured, N, N
AUS,2,0,0,1,2017, April, Wednesday,10.30,80, Dry, N, Daylight, Rear End, Minor Injury, N, N
AUS,2,0,0,1,2017, May, Friday,10.30,80, Dry, N, Daylight, Right Angle, Minor Injury, N, N
AUS,2,0,1,0,2017, June, Monday,10.30,80, Dry, N, Daylight, Side Swipe, Major Injury, N, N
AUS,2,0,0,0,2017, September, Tuesday,10.30,80, Dry, N, Daylight, Side Swipe, Not Injured, N, N
AUS,2,0,0,0,2017, October, Monday,10.30,80, Wet, Y, Daylight, Side Swipe, Not Injured, N, N
AUS,2,0,0,1,2017, November, Friday,10.30,80, Dry, N, Daylight, Hit Fixed Object, Minor Injury, N, N
AUS,2,0,0,0,2017, December, Thursday,10.30,80, Wet, Y, Daylight, Rear End, Not Injured, N, N
US,3,0,0,0,2017, January, Monday,10.30,89, Wet, N, Daylight, Right Angle, Not Injured, N, N
US,3,0,0,1,2017, July, Wednesday,10.30,89, Dry, N, Daylight, Rear End, Minor Injury, N, N
AUS,2,0,0,0,2017, March, Thursday,10.30,90, Dry, N, Daylight, Side Swipe, Not Injured, N, N
AUS,2,0,0,2,2017, August, Tuesday,10.30,90, Dry, N, Daylight, Rear End, Minor Injury, N, N
AUS,2,0,0,1,2017, March, Tuesday,10.30,100, Dry, N, Daylight, Hit Fixed Object, Minor Injury, N, N
AUS,2,0,1,0,2017, September, Sunday,10.30,100, Dry, N, Daylight, Hit Fixed Object, Major Injury, N, N
AUS,2,0,0,0,2017, November, Wednesday,10.30,100, Wet, Y, Daylight, Hit Fixed Object, Not Injured, N, N
US,4,0,1,0,2017, August, Tuesday,10.30,105, Dry, N, Daylight, Rear End, Major Injury, N, N
AUS,5,0,2,2,2017, July, Friday,10.30,110, Dry, N, Daylight, Rear End, Major Injury, N, N
AUS,2,0,0,1,2017, June, Friday,10.50,10, Dry, N, Daylight, Hit Pedestrian, Minor Injury, N, N
US,2,0,0,0,2017, June, Monday,10.50,16, Dry, N, Daylight, Rear End, Minor Injury, N, N
US,3,0,0,1,2017, September, Friday,10.50,24, Dry, N, Daylight, Right Angle, Minor Injury, N, N
AUS,2,0,0,0,2017, March, Saturday,10.50,25, Dry, N, Daylight, Side Swipe, Not Injured, N, N
AUS,2,0,0,0,2017, June, Wednesday,10.50,40, Dry, N, Daylight, Hit Fixed Object, Not Injured, N, N
US,2,0,0,0,2017, January, Friday,10.50,40, Wet, N, Daylight, Head On, Not Injured, N, N
US,3,0,0,0,2017, March, Friday,10.50,40, Dry, N, Daylight, Right Angle, Not Injured, N, N
US,2,0,0,0,2017, March, Tuesday,10.50,40, Dry, N, Daylight, Right Angle, Not Injured, N, N
US,2,0,0,0,2017, March, Thursday,10.50,40, Dry, N, Daylight, Right Angle, Not Injured, N, N
US,2,0,0,0,2017, March, Friday,10.50,40, Dry, N, Daylight, Right Angle, Not Injured, N, N
US,2,0,0,1,2017, March, Friday,10.50,40, Wet, Y, Daylight, Head On, Minor Injury, N, N
US,2,0,0,0,2017, April, Saturday,10.50,40, Dry, N, Daylight, Side Swipe, Not Injured, N, N
US,2,0,0,0,2017, April, Sunday,10.50,40, Dry, N, Daylight, Right Angle, Not Injured, N, N
US,2,0,0,1,2017, May, Thursday,10.50,40, Wet, Y, Daylight, Right Angle, Minor Injury, N, N
US,2,0,0,1,2017, May, Wednesday,10.50,40, Dry, N, Daylight, Head On, Minor Injury, N, N
US,2,0,0,0,2017, May, Saturday,10.50,40, Dry, N, Daylight, Head On, Not Injured, N, N
US,2,0,0,0,2017, May, Monday,10.50,40, Dry, N, Daylight, Right Angle, Not Injured, N, N
US,2,0,0,0,2017, May, Monday,10.50,40, Dry, N, Daylight, Side Swipe, Minor Injury, N, N
US,2,0,0,0,2017, June, Wednesday,10.50,40, Dry, N, Daylight, Right Angle, Not Injured, N, N
US,2,0,0,0,2017, June, Monday,10.50,40, Dry, N, Daylight, Right Angle, Not Injured, N, N
US,2,0,0,0,2017, June, Friday,10.50,40, Dry, N, Daylight, Rear End, Minor Injury, N, N
US,2,0,0,0,2017, July, Saturday,10.50,40, Dry, N, Daylight, Rear End, Minor Injury, N, N
US,2,0,0,0,2017, August, Saturday,10.50,40, Dry, N, Daylight, Right Angle, Minor Injury, N, N
US,2,0,0,0,2017, August, Friday,10.50,40, Dry, N, Daylight, Rear End, Minor Injury, N, N
US,2,0,0,3,2017, August, Monday,10.50,40, Dry, N, Daylight, Right Angle, Minor Injury, N, N
US,2,0,0,0,2017, September, Thursday,10.50,40, Dry, N, Daylight, Side Swipe, Not Injured, N, N
US,2,0,0,0,2017, September, Monday,10.50,40, Dry, N, Daylight, Right Angle, Minor Injury, N, N
US,2,0,0,0,2017, September, Monday,10.50,40, Dry, N, Daylight, Right Angle, Not Injured, N, N
US,2,0,0,0,2017, October, Tuesday,10.50,40, Dry, N, Daylight, Right Angle, Not Injured, N, N
US,2,0,0,0,2017, November, Thursday,10.50,40, Dry, N, Daylight, Rear End, Not Injured, N, N
US,3,0,0,0,2017, November, Wednesday,10.50,40, Dry, N, Daylight, Rear End, Minor Injury, N, N
US,2,0,0,0,2017, November, Tuesday,10.50,48, Dry, N, Daylight, Rear End, Not Injured, N, N
AUS,2,0,0,0,2017, January, Thursday,10.50,50, Dry, N, Daylight, Side Swipe, Not Injured, N, N
AUS,2,0,0,1,2017, January, Sunday,10.50,50, Dry, N, Daylight, Right Angle, Minor Injury, N, N
AUS,2,0,0,0,2017, January, Friday,10.50,50, Dry, N, Daylight, Right Angle, Not Injured, N, N
AUS,2,0,0,0,2017, February, Tuesday,10.50,50, Dry, N, Daylight, Hit Fixed Object, Not Injured, N, N
AUS,2,0,0,0,2017, February, Monday,10.50,50, Dry, N, Daylight, Rear End, Not Injured, N, N
AUS,2,0,0,1,2017, March, Friday,10.50,50, Dry, N, Daylight, Right Angle, Minor Injury, N, N
AUS,2,0,0,0,2017, May, Saturday,10.50,50, Dry, N, Daylight, Right Angle, Not Injured, N, N
AUS,2,0,0,0,2017, May, Saturday,10.50,50, Dry, N, Daylight, Side Swipe, Not Injured, N, N
AUS,2,0,0,0,2017, May, Saturday,10.50,50, Dry, N, Daylight, Hit Fixed Object, Not Injured, N, N
AUS,2,0,0,0,2017, May, Sunday,10.50,50, Dry, N, Daylight, Rear End, Not Injured, N, N
AUS,2,0,0,1,2017, June, Wednesday,10.50,50, Dry, N, Daylight, Hit Fixed Object, Minor Injury, N, N
AUS,3,0,0,1,2017, June, Sunday,10.50,50, Dry, N, Daylight, Hit Fixed Object, Minor Injury, N, Y
AUS,2,0,0,0,2017, August, Saturday,10.50,50, Dry, N, Daylight, Right Angle, Not Injured, N, N
AUS,2,0,0,0,2017, August, Saturday,10.50,50, Dry, N, Daylight, Rear End, Not Injured, N, N
AUS,2,0,0,1,2017, August, Monday,10.50,50, Wet, N, Daylight, Hit Fixed Object, Minor Injury, N, N
AUS,2,0,0,1,2017, September, Friday,10.50,50, Dry, N, Daylight, Rear End, Minor Injury, N, N
AUS,2,0,0,1,2017, September, Sunday,10.50,50, Dry, N, Daylight, Rear End, Minor Injury, N, N
AUS,3,0,0,0,2017, September, Sunday,10.50,50, Dry, N, Daylight, Right Angle, Not Injured, N, N
AUS,2,0,0,0,2017, October, Wednesday,10.50,50, Dry, N, Daylight, Hit Fixed Object, Not Injured, N, N
AUS,2,0,0,1,2017, October, Thursday,10.50,50, Wet, Y, Daylight, Right Angle, Minor Injury, N, N
AUS,2,0,0,0,2017, November, Wednesday,10.50,50, Dry, N, Daylight, Hit Fixed Object, Not Injured, N, N
AUS,2,0,0,0,2017, November, Wednesday,10.50,50, Dry, N, Daylight, Right Angle, Not Injured, N, N
AUS,3,0,0,0,2017, November, Sunday,10.50,50, Dry, N, Daylight, Hit Fixed Object, Not Injured, N, N
AUS,2,0,0,1,2017, December, Monday,10.50,50, Dry, N, Daylight, Hit Fixed Object, Minor Injury, N, N
AUS,2,0,0,0,2017, December, Tuesday,10.50,50, Dry, N, Daylight, Hit Fixed Object, Not Injured, N, N
AUS,2,0,0,2,2017, December, Saturday,10.50,50, Dry, N, Daylight, Head On, Minor Injury, N, N
US,2,0,0,0,2017, January, Monday,10.50,56, Wet, N, Daylight, Rear End, Not Injured, N, N
US,2,0,0,0,2017, April, Monday,10.50,56, Dry, N, Daylight, Right Angle, Not Injured, N, N
US,2,0,0,0,2017, April, Saturday,10.50,56, Wet, N, Daylight, Right Angle, Not Injured, N, N
US,2,0,0,0,2017, May, Tuesday,10.50,56, Wet, N, Daylight, Rear End, Not Injured, N, N
US,2,0,0,0,2017, May, Wednesday,10.50,56, Dry, N, Daylight, Head On, Minor Injury, N, N
US,2,0,0,0,2017, May, Wednesday,10.50,56, Dry, N, Daylight, Rear End, Not Injured, N, N
US,2,0,0,0,2017, June, Thursday,10.50,56, Dry, N, Daylight, Right Angle, Not Injured, N, N
US,2,0,0,1,2017, June, Tuesday,10.50,56, Dry, N, Daylight, Rear End, Minor Injury, N, N
US,2,0,0,0,2017, July, Thursday,10.50,56, Wet, Y, Daylight, Right Angle, Not Injured, N, N
US,2,0,0,0,2017, July, Saturday,10.50,56, Wet, Y, Daylight, Rear End, Not Injured, N, N
US,2,0,0,0,2017, September, Friday,10.50,56, Dry, N, Daylight, Right Angle, Minor Injury, N, N
US,2,0,0,0,2017, September, Tuesday,10.50,56, Dry, N, Daylight, Rear End, Not Injured, N, N
US,2,0,0,0,2017, October, Saturday,10.50,56, Dry, N, Daylight, Right Angle, Not Injured, N, N
US,2,0,0,1,2017, December, Wednesday,10.50,56, Dry, N, Daylight, Right Angle, Minor Injury, N, N
AUS,2,0,0,1,2017, January, Saturday,10.50,60, Dry, N, Daylight, Rear End, Minor Injury, N, N
AUS,2,0,0,0,2017, January, Thursday,10.50,60, Dry, N, Daylight, Right Angle, Not Injured, N, N
AUS,2,0,0,1,2017, February, Tuesday,10.50,60, Dry, N, Daylight, Rear End, Minor Injury, N, N
AUS,2,0,0,0,2017, February, Tuesday,10.50,60, Dry, N, Daylight, Side Swipe, Not Injured, N, N
AUS,2,0,0,0,2017, February, Saturday,10.50,60, Dry, N, Daylight, Side Swipe, Not Injured, N, N
AUS,2,0,0,0,2017, February, Monday,10.50,60, Dry, N, Daylight, Rear End, Not Injured, N, N
AUS,2,0,0,1,2017, February, Tuesday,10.50,60, Dry, N, Daylight, Hit Pedestrian, Minor Injury, N, N
AUS,2,0,0,0,2017, February, Wednesday,10.50,60, Dry, N, Daylight, Right Angle, Not Injured, N, N
AUS,2,0,0,1,2017, March, Thursday,10.50,60, Dry, N, Daylight, Rear End, Minor Injury, N, N
AUS,2,0,0,0,2017, March, Monday,10.50,60, Dry, N, Daylight, Right Angle, Not Injured, N, N
AUS,3,0,0,0,2017, March, Sunday,10.50,60, Dry, N, Daylight, Rear End, Not Injured, N, N
AUS,2,0,0,1,2017, March, Tuesday,10.50,60, Wet, Y, Daylight, Hit Fixed Object, Minor Injury, N, N
AUS,2,0,0,0,2017, April, Thursday,10.50,60, Dry, N, Daylight, Rear End, Not Injured, N, N
AUS,2,0,0,0,2017, April, Thursday,10.50,60, Dry, N, Daylight, Hit Fixed Object, Not Injured, N, N
AUS,2,0,0,0,2017, April, Saturday,10.50,60, Dry, N, Daylight, Right Angle, Not Injured, N, N
AUS,2,0,0,0,2017, April, Saturday,10.50,60, Dry, N, Daylight, Right Angle, Not Injured, N, N
AUS,3,0,0,0,2017, April, Wednesday,10.50,60, Dry, N, Daylight, Side Swipe, Not Injured, N, N
AUS,2,0,0,0,2017, April, Saturday,10.50,60, Dry, N, Daylight, Rear End, Not Injured, N, N
AUS,2,0,0,1,2017, April, Monday,10.50,60, Dry, N, Daylight, Hit Pedestrian, Minor Injury, N, N
AUS,2,0,0,0,2017, April, Sunday,10.50,60, Dry, N, Daylight, Side Swipe, Not Injured, N, N
AUS,2,0,0,0,2017, May, Thursday,10.50,60, Dry, N, Daylight, Rear End, Not Injured, N, N
AUS,2,0,0,1,2017, May, Saturday,10.50,60, Dry, N, Daylight, Rear End, Minor Injury, N, N
AUS,3,0,0,0,2017, May, Monday,10.50,60, Wet, Y, Daylight, Hit Fixed Object, Not Injured, Y, N
AUS,2,0,0,0,2017, May, Wednesday,10.50,60, Dry, N, Daylight, Right Angle, Not Injured, N, N
AUS,2,0,0,1,2017, June, Sunday,10.50,60, Dry, N, Daylight, Rear End, Minor Injury, N, N
AUS,2,0,0,0,2017, June, Sunday,10.50,60, Dry, N, Daylight, Right Angle, Not Injured, N, N