Nation,Total Units,Total Fatalities,Total Serious Injuries,Total Minor Injuries,Year,Month,Day,Time,Speed Limit,Moisture,Adverse Weather Conditions,DayNight,Crash Type,Crash Severity,Alcohol Related ,Drug Related
AUS,2,0,0,0,2017, June, Saturday,10.50,60, Dry, N, Daylight, Rear End, Not Injured, N, N
AUS,2,0,0,1,2017, June, Wednesday,10.50,60, Dry, N, Daylight, Rear End, Minor Injury, N, N
AUS,2,0,0,0,2017, June, Thursday,10.50,60, Dry, N, Daylight, Side Swipe, Not Injured, N, N
AUS,2,0,1,0,2017, July, Sunday,10.50,60, Dry, N, Daylight, Rear End, Major Injury, N, N
AUS,2,0,0,0,2017, July, Thursday,10.50,60, Dry, N, Daylight, Hit Fixed Object, Not Injured, N, N
AUS,2,0,0,0,2017, July, Thursday,10.50,60, Dry, N, Daylight, Right Angle, Not Injured, N, N
AUS,2,0,0,0,2017, July, Thursday,10.50,60, Dry, N, Daylight, Rear End, Not Injured, N, N
AUS,2,0,0,0,2017, July, Monday,10.50,60, Dry, N, Daylight, Side Swipe, Not Injured, N, N
AUS,2,0,0,1,2017, July, Monday,10.50,60, Wet, Y, Daylight, Right Angle, Minor Injury, N, N
AUS,3,0,0,0,2017, August, Friday,10.50,60, Dry, N, Daylight, Rear End, Not Injured, N, N
AUS,3,0,0,0,2017, August, Friday,10.50,60, Wet, N, Daylight, Rear End, Not Injured, N, N
AUS,2,0,0,0,2017, August, Monday,10.50,60, Dry, N, Daylight, Rear End, Not Injured, N, N
AUS,2,0,0,1,2017, August, Wednesday,10.50,60, Dry, N, Daylight, Hit Pedestrian, Minor Injury, N, N
AUS,2,0,0,0,2017, August, Sunday,10.50,60, Wet, Y, Daylight, Hit Fixed Object, Not Injured, N, N
AUS,2,0,0,0,2017, August, Wednesday,10.50,60, Dry, N, Daylight, Rear End, Not Injured, N, N
AUS,2,0,0,1,2017, August, Friday,10.50,60, Dry, N, Daylight, Rear End, Minor Injury, N, N
AUS,2,0,0,0,2017, August, Sunday,10.50,60, Dry, N, Daylight, Right Angle, Not Injured, N, N
AUS,2,0,0,0,2017, August, Friday,10.50,60, Dry, N, Daylight, Right Angle, Not Injured, N, N
AUS,2,0,0,0,2017, September, Saturday,10.50,60, Dry, N, Daylight, Side Swipe, Not Injured, N, N
AUS,2,0,0,0,2017, September, Tuesday,10.50,60, Dry, N, Daylight, Right Angle, Not Injured, N, N
AUS,2,0,2,0,2017, September, Wednesday,10.50,60, Dry, N, Daylight, Side Swipe, Major Injury, N, N
AUS,3,0,0,0,2017, September, Saturday,10.50,60, Dry, N, Daylight, Rear End, Not Injured, N, N
AUS,2,0,0,0,2017, September, Tuesday,10.50,60, Dry, N, Daylight, Side Swipe, Not Injured, N, N
AUS,2,0,0,0,2017, September, Wednesday,10.50,60, Dry, N, Daylight, Side Swipe, Not Injured, N, N
AUS,2,0,0,0,2017, October, Thursday,10.50,60, Dry, N, Daylight, Right Angle, Not Injured, N, N
AUS,2,0,0,0,2017, October, Monday,10.50,60, Dry, N, Daylight, Rear End, Not Injured, N, N
AUS,2,0,0,0,2017, October, Wednesday,10.50,60, Dry, N, Daylight, Right Angle, Not Injured, N, N
AUS,2,0,1,0,2017, October, Friday,10.50,60, Dry, N, Daylight, Hit Pedestrian, Major Injury, N, N
AUS,2,0,0,0,2017, October, Tuesday,10.50,60, Dry, N, Daylight, Right Angle, Not Injured, N, N
AUS,2,0,0,1,2017, November, Saturday,10.50,60, Dry, N, Daylight, Right Angle, Minor Injury, N, N
AUS,2,0,0,0,2017, November, Friday,10.50,60, Wet, Y, Daylight, Right Angle, Not Injured, N, N
AUS,2,0,0,1,2017, November, Tuesday,10.50,60, Dry, N, Daylight, Head On, Minor Injury, N, N
AUS,2,0,0,0,2017, November, Thursday,10.50,60, Wet, Y, Daylight, Hit Fixed Object, Not Injured, N, N
AUS,3,0,0,1,2017, December, Friday,10.50,60, Dry, N, Daylight, Hit Fixed Object, Minor Injury, N, N
AUS,2,0,0,0,2017, December, Wednesday,10.50,60, Dry, N, Daylight, Rear End, Not Injured, N, N
AUS,2,0,0,0,2017, December, Thursday,10.50,60, Dry, N, Daylight, Rear End, Not Injured, N, N
AUS,2,0,0,0,2017, December, Tuesday,10.50,60, Dry, N, Daylight, Side Swipe, Not Injured, N, N
AUS,2,0,1,0,2017, December, Thursday,10.50,60, Dry, N, Daylight, Hit Fixed Object, Major Injury, N, N
AUS,2,0,0,0,2017, December, Thursday,10.50,60, Wet, N, Daylight, Rear End, Not Injured, N, N
US,5,0,0,0,2017, March, Monday,10.50,64, Dry, N, Daylight, Right Angle, Minor Injury, N, N
US,2,0,0,1,2017, April, Monday,10.50,64, Dry, N, Daylight, Rear End, Minor Injury, N, N
US,2,0,0,0,2017, September, Friday,10.50,64, Dry, N, Daylight, Side Swipe, Minor Injury, N, N
US,3,0,0,2,2017, September, Tuesday,10.50,64, Dry, N, Daylight, Rear End, Minor Injury, N, N
US,3,0,0,0,2017, December, Friday,10.50,64, Dry, N, Daylight, Rear End, Not Injured, N, N
US,2,0,0,0,2017, December, Wednesday,10.50,64, Dry, N, Daylight, Right Angle, Not Injured, N, N
AUS,2,0,0,0,2017, February, Tuesday,10.50,70, Dry, N, Daylight, Rear End, Not Injured, N, N
AUS,3,0,1,0,2017, May, Monday,10.50,70, Wet, Y, Daylight, Right Angle, Major Injury, N, N
AUS,2,0,0,0,2017, August, Sunday,10.50,70, Dry, N, Daylight, Right Angle, Not Injured, N, N
AUS,2,0,0,0,2017, December, Monday,10.50,70, Dry, N, Daylight, Side Swipe, Not Injured, N, N
AUS,2,0,0,0,2017, December, Thursday,10.50,70, Dry, N, Daylight, Rear End, Not Injured, N, N
US,2,0,0,1,2017, June, Sunday,10.50,72, Dry, N, Daylight, Rear End, Minor Injury, N, N
US,2,0,0,0,2017, October, Friday,10.50,72, Dry, N, Daylight, Rear End, Minor Injury, N, N
AUS,2,0,0,0,2017, February, Wednesday,10.50,80, Dry, N, Daylight, Right Angle, Not Injured, N, N
AUS,2,0,1,0,2017, February, Saturday,10.50,80, Dry, N, Daylight, Side Swipe, Major Injury, N, N
AUS,2,0,0,0,2017, February, Monday,10.50,80, Dry, N, Daylight, Side Swipe, Not Injured, N, N
AUS,2,0,0,0,2017, May, Saturday,10.50,80, Dry, N, Daylight, Right Angle, Not Injured, N, N
AUS,2,0,0,0,2017, May, Sunday,10.50,80, Dry, N, Daylight, Side Swipe, Not Injured, N, N
AUS,2,0,0,0,2017, August, Thursday,10.50,80, Dry, N, Daylight, Right Angle, Not Injured, N, N
AUS,2,0,0,1,2017, September, Saturday,10.50,80, Dry, N, Daylight, Head On, Minor Injury, N, Y
AUS,2,0,0,0,2017, November, Monday,10.50,80, Dry, N, Daylight, Side Swipe, Not Injured, N, N
AUS,2,0,0,0,2017, December, Sunday,10.50,80, Dry, N, Daylight, Rear End, Not Injured, N, N
AUS,2,0,0,0,2017, December, Saturday,10.50,80, Dry, N, Daylight, Head On, Not Injured, N, N
US,3,0,0,0,2017, May, Friday,10.50,89, Wet, Y, Daylight, Rear End, Not Injured, N, N
AUS,2,0,0,0,2017, January, Tuesday,10.50,90, Dry, N, Daylight, Right Angle, Not Injured, N, N
AUS,2,0,0,1,2017, March, Tuesday,10.50,90, Dry, N, Daylight, Rear End, Minor Injury, N, N
AUS,2,0,0,0,2017, March, Wednesday,10.50,90, Dry, N, Daylight, Rear End, Not Injured, N, N
AUS,2,0,0,1,2017, January, Sunday,10.50,100, Dry, N, Daylight, Hit Fixed Object, Minor Injury, N, N
AUS,2,0,0,0,2017, April, Thursday,10.50,100, Dry, N, Daylight, Rear End, Not Injured, N, N
AUS,2,0,0,1,2017, May, Thursday,10.50,100, Dry, N, Daylight, Hit Fixed Object, Minor Injury, N, N
AUS,2,0,0,0,2017, June, Sunday,10.50,100, Dry, N, Daylight, Right Angle, Not Injured, N, N
AUS,2,0,0,0,2017, September, Monday,10.50,100, Dry, N, Daylight, Side Swipe, Not Injured, N, N
AUS,2,0,0,1,2017, November, Wednesday,10.50,100, Dry, N, Daylight, Hit Fixed Object, Minor Injury, N, Y
AUS,2,0,1,0,2017, February, Sunday,10.50,110, Wet, Y, Daylight, Rear End, Major Injury, N, N
AUS,2,0,0,1,2017, May, Wednesday,10.50,110, Wet, Y, Daylight, Head On, Minor Injury, N, N
AUS,2,0,0,0,2017, May, Sunday,10.50,110, Dry, N, Daylight, Hit Fixed Object, Not Injured, N, N
AUS,2,0,0,0,2017, January, Thursday,10.70,25, Dry, N, Daylight, Rear End, Not Injured, N, N
AUS,2,0,0,0,2017, May, Monday,10.70,40, Wet, Y, Daylight, Side Swipe, Not Injured, N, N
US,2,0,0,0,2017, February, Thursday,10.70,40, Dry, N, Daylight, Right Angle, Not Injured, N, N
US,2,0,0,0,2017, February, Sunday,10.70,40, Dry, N, Daylight, Right Angle, Not Injured, N, N
US,3,0,0,0,2017, April, Sunday,10.70,40, Dry, N, Daylight, Rear End, Not Injured, N, N
US,2,0,0,0,2017, May, Monday,10.70,40, Dry, N, Daylight, Right Angle, Not Injured, N, N
US,2,0,0,0,2017, June, Saturday,10.70,40, Dry, N, Daylight, Rear End, Not Injured, N, N
US,2,0,0,1,2017, June, Wednesday,10.70,40, Dry, N, Daylight, Rear End, Minor Injury, N, N
US,2,0,0,0,2017, June, Tuesday,10.70,40, Dry, N, Daylight, Right Angle, Minor Injury, N, N
US,2,0,0,0,2017, July, Friday,10.70,40, Wet, N, Daylight, Right Angle, Minor Injury, N, N
US,2,0,0,0,2017, July, Saturday,10.70,40, Wet, Y, Daylight, Right Angle, Minor Injury, N, N
US,2,0,0,0,2017, August, Monday,10.70,40, Wet, Y, Daylight, Rear End, Not Injured, N, N
US,2,0,0,0,2017, August, Wednesday,10.70,40, Dry, N, Daylight, Rear End, Not Injured, N, N
US,4,0,0,0,2017, August, Saturday,10.70,40, Dry, N, Daylight, Rear End, Not Injured, N, N
US,2,0,0,0,2017, September, Saturday,10.70,40, Dry, N, Daylight, Right Angle, Not Injured, N, N
US,2,0,0,0,2017, October, Monday,10.70,40, Dry, N, Daylight, Rear End, Minor Injury, N, N
US,2,0,0,4,2017, October, Thursday,10.70,40, Wet, Y, Daylight, Right Angle, Minor Injury, N, N
US,2,0,0,0,2017, December, Thursday,10.70,40, Dry, N, Daylight, Right Angle, Minor Injury, N, N
AUS,2,0,0,0,2017, January, Monday,10.70,50, Dry, N, Daylight, Hit Fixed Object, Not Injured, N, N
AUS,2,0,0,0,2017, January, Monday,10.70,50, Dry, N, Daylight, Hit Fixed Object, Not Injured, N, N
AUS,2,0,0,1,2017, January, Monday,10.70,50, Dry, N, Daylight, Hit Pedestrian, Minor Injury, N, N
AUS,2,0,0,1,2017, January, Tuesday,10.70,50, Dry, N, Daylight, Rear End, Minor Injury, N, N
AUS,2,0,0,1,2017, February, Tuesday,10.70,50, Dry, N, Daylight, Hit Pedestrian, Minor Injury, N, N
AUS,2,0,0,0,2017, February, Saturday,10.70,50, Dry, N, Daylight, Right Angle, Not Injured, N, N
AUS,2,0,0,1,2017, March, Thursday,10.70,50, Dry, N, Daylight, Hit Pedestrian, Minor Injury, N, N
AUS,2,0,0,0,2017, March, Sunday,10.70,50, Wet, Y, Daylight, Hit Fixed Object, Not Injured, N, N
AUS,2,0,0,1,2017, March, Monday,10.70,50, Dry, N, Daylight, Hit Fixed Object, Minor Injury, N, N
AUS,3,0,0,1,2017, March, Tuesday,10.70,50, Dry, N, Daylight, Hit Fixed Object, Minor Injury, N, N
AUS,2,0,0,1,2017, March, Wednesday,10.70,50, Dry, N, Daylight, Hit Fixed Object, Minor Injury, N, N
AUS,2,0,0,0,2017, April, Thursday,10.70,50, Wet, Y, Daylight, Rear End, Not Injured, N, N
AUS,2,0,0,0,2017, May, Friday,10.70,50, Dry, N, Daylight, Side Swipe, Not Injured, N, N
AUS,2,0,0,0,2017, May, Sunday,10.70,50, Dry, N, Daylight, Right Angle, Not Injured, N, N
AUS,2,0,0,0,2017, May, Wednesday,10.70,50, Dry, N, Daylight, Rear End, Not Injured, N, N
AUS,2,0,0,1,2017, June, Friday,10.70,50, Wet, N, Daylight, Hit Pedestrian, Minor Injury, N, N
AUS,2,0,1,0,2017, July, Friday,10.70,50, Dry, N, Daylight, Hit Pedestrian, Major Injury, N, N
AUS,2,0,0,0,2017, August, Friday,10.70,50, Wet, N, Daylight, Hit Fixed Object, Not Injured, N, N
AUS,2,0,0,0,2017, September, Tuesday,10.70,50, Wet, Y, Daylight, Rear End, Not Injured, N, N
AUS,2,0,0,0,2017, November, Friday,10.70,50, Dry, N, Daylight, Side Swipe, Not Injured, N, N
AUS,3,0,0,0,2017, November, Saturday,10.70,50, Dry, N, Daylight, Head On, Not Injured, N, N
AUS,2,0,0,1,2017, December, Friday,10.70,50, Dry, N, Daylight, Rear End, Minor Injury, N, N
AUS,2,0,0,0,2017, December, Friday,10.70,50, Dry, N, Daylight, Right Angle, Not Injured, N, N
US,2,0,0,0,2017, February, Saturday,10.70,56, Dry, N, Daylight, Rear End, Not Injured, N, N
US,2,0,0,0,2017, March, Saturday,10.70,56, Dry, N, Daylight, Right Angle, Not Injured, N, N
US,2,0,0,0,2017, April, Saturday,10.70,56, Dry, N, Daylight, Side Swipe, Not Injured, N, N
US,2,0,0,1,2017, April, Wednesday,10.70,56, Dry, N, Daylight, Right Angle, Minor Injury, N, N
US,4,0,0,1,2017, April, Thursday,10.70,56, Dry, N, Daylight, Rear End, Minor Injury, N, N
US,2,0,0,0,2017, June, Friday,10.70,56, Dry, N, Daylight, Side Swipe, Not Injured, N, N
US,2,0,0,0,2017, June, Thursday,10.70,56, Dry, N, Daylight, Right Angle, Not Injured, N, N
US,2,0,0,0,2017, June, Tuesday,10.70,56, Dry, N, Daylight, Right Angle, Not Injured, N, N
US,2,0,0,0,2017, August, Monday,10.70,56, Dry, N, Daylight, Right Angle, Not Injured, N, N
US,2,0,0,1,2017, September, Saturday,10.70,56, Dry, N, Daylight, Right Angle, Minor Injury, N, N
US,2,0,0,0,2017, November, Tuesday,10.70,56, Dry, N, Daylight, Side Swipe, Not Injured, N, N
AUS,2,0,0,0,2017, January, Thursday,10.70,60, Dry, N, Daylight, Rear End, Not Injured, N, N
AUS,2,0,0,1,2017, February, Sunday,10.70,60, Wet, Y, Daylight, Right Angle, Minor Injury, N, N
AUS,2,0,0,0,2017, February, Thursday,10.70,60, Dry, N, Daylight, Right Angle, Not Injured, N, N
AUS,2,0,0,0,2017, March, Wednesday,10.70,60, Dry, N, Daylight, Right Angle, Not Injured, N, N
AUS,3,0,0,1,2017, March, Saturday,10.70,60, Dry, N, Daylight, Rear End, Minor Injury, N, N
AUS,2,0,0,0,2017, March, Saturday,10.70,60, Dry, N, Daylight, Side Swipe, Not Injured, N, N
AUS,2,0,0,0,2017, April, Tuesday,10.70,60, Dry, N, Daylight, Side Swipe, Not Injured, N, N
AUS,2,0,0,1,2017, April, Thursday,10.70,60, Wet, Y, Daylight, Rear End, Minor Injury, N, N
AUS,2,0,0,0,2017, May, Saturday,10.70,60, Dry, N, Daylight, Rear End, Not Injured, N, N
AUS,2,0,0,0,2017, May, Thursday,10.70,60, Dry, N, Daylight, Right Angle, Not Injured, N, N
AUS,2,0,0,1,2017, June, Thursday,10.70,60, Dry, N, Daylight, Right Angle, Minor Injury, N, N
AUS,2,0,0,2,2017, June, Sunday,10.70,60, Dry, N, Daylight, Side Swipe, Minor Injury, N, N
AUS,2,0,0,0,2017, June, Monday,10.70,60, Dry, N, Daylight, Rear End, Not Injured, N, N
AUS,2,0,0,1,2017, June, Saturday,10.70,60, Dry, N, Daylight, Rear End, Minor Injury, N, N
AUS,2,0,0,0,2017, June, Tuesday,10.70,60, Dry, N, Daylight, Rear End, Not Injured, N, N
AUS,2,0,0,0,2017, June, Tuesday,10.70,60, Dry, N, Daylight, Side Swipe, Not Injured, N, N
AUS,2,0,0,0,2017, June, Friday,10.70,60, Dry, N, Daylight, Right Angle, Not Injured, N, N
AUS,2,0,0,0,2017, June, Monday,10.70,60, Dry, N, Daylight, Right Angle, Not Injured, N, N
AUS,2,0,0,0,2017, July, Wednesday,10.70,60, Wet, Y, Daylight, Hit Fixed Object, Not Injured, N, N
AUS,2,0,0,0,2017, July, Wednesday,10.70,60, Dry, N, Daylight, Side Swipe, Not Injured, N, N
AUS,3,0,0,0,2017, July, Wednesday,10.70,60, Dry, N, Daylight, Rear End, Not Injured, N, N
AUS,2,0,0,0,2017, August, Thursday,10.70,60, Dry, N, Daylight, Side Swipe, Not Injured, N, N
AUS,2,0,0,1,2017, August, Wednesday,10.70,60, Wet, N, Daylight, Rear End, Minor Injury, N, N
AUS,2,0,0,1,2017, September, Wednesday,10.70,60, Dry, N, Daylight, Right Angle, Minor Injury, N, N
AUS,3,0,0,1,2017, October, Wednesday,10.70,60, Dry, N, Daylight, Rear End, Minor Injury, N, N
AUS,2,0,0,0,2017, October, Wednesday,10.70,60, Dry, N, Daylight, Side Swipe, Not Injured, N, N
AUS,2,0,0,1,2017, October, Friday,10.70,60, Dry, N, Daylight, Right Angle, Minor Injury, N, N
AUS,2,0,0,1,2017, November, Saturday,10.70,60, Dry, N, Daylight, Side Swipe, Minor Injury, N, N
AUS,2,0,0,1,2017, November, Thursday,10.70,60, Dry, N, Daylight, Right Angle, Minor Injury, N, N
AUS,2,0,0,1,2017, November, Friday,10.70,60, Dry, N, Daylight, Rear End, Minor Injury, N, N
AUS,2,0,0,0,2017, November, Thursday,10.70,60, Dry, N, Daylight, Hit Fixed Object, Not Injured, N, N
AUS,2,0,0,0,2017, December, Wednesday,10.70,60, Dry, N, Daylight, Right Angle, Not Injured, N, N
AUS,3,0,0,0,2017, December, Wednesday,10.70,60, Dry, N, Daylight, Rear End, Not Injured, N, N
AUS,2,0,0,0,2017, December, Friday,10.70,60, Dry, N, Daylight, Right Angle, Not Injured, N, N
AUS,3,0,0,0,2017, December, Saturday,10.70,60, Dry, N, Daylight, Hit Fixed Object, Not Injured, N, N
US,2,0,0,1,2017, February, Saturday,10.70,64, Dry, N, Daylight, Rear End, Minor Injury, N, N
US,2,0,0,1,2017, April, Friday,10.70,64, Dry, N, Daylight, Rear End, Minor Injury, N, N
US,2,0,0,2,2017, May, Tuesday,10.70,64, Dry, N, Daylight, Rear End, Minor Injury, N, N
US,2,0,0,0,2017, June, Wednesday,10.70,64, Dry, N, Daylight, Rear End, Not Injured, N, N
US,2,0,0,1,2017, August, Saturday,10.70,64, Dry, N, Daylight, Rear End, Minor Injury, N, N
US,3,0,0,1,2017, September, Wednesday,10.70,64, Dry, N, Daylight, Rear End, Minor Injury, N, N
US,2,0,0,0,2017, September, Tuesday,10.70,64, Dry, N, Daylight, Rear End, Not Injured, N, N
US,2,0,0,0,2017, October, Wednesday,10.70,64, Dry, N, Daylight, Right Angle, Not Injured, N, N
US,2,0,0,2,2017, October, Friday,10.70,64, Dry, N, Daylight, Rear End, Minor Injury, N, N
US,2,0,0,0,2017, December, Friday,10.70,64, Wet, Y, Daylight, Rear End, Not Injured, N, N
AUS,3,0,1,1,2017, June, Friday,10.70,70, Dry, N, Daylight, Head On, Major Injury, N, N
AUS,2,0,0,0,2017, September, Monday,10.70,70, Dry, N, Daylight, Rear End, Not Injured, N, N
AUS,2,0,0,1,2017, October, Tuesday,10.70,70, Dry, N, Daylight, Rear End, Minor Injury, N, N
AUS,2,0,0,1,2017, November, Wednesday,10.70,70, Dry, N, Daylight, Hit Fixed Object, Minor Injury, N, N
AUS,3,0,0,0,2017, March, Thursday,10.70,80, Dry, N, Daylight, Rear End, Not Injured, N, N
AUS,2,0,0,0,2017, April, Saturday,10.70,80, Dry, N, Daylight, Right Angle, Not Injured, N, N
AUS,2,0,0,0,2017, August, Sunday,10.70,80, Dry, N, Daylight, Rear End, Not Injured, N, N
AUS,3,0,0,0,2017, October, Sunday,10.70,80, Dry, N, Daylight, Side Swipe, Not Injured, N, N
AUS,2,0,0,0,2017, October, Monday,10.70,80, Dry, N, Daylight, Side Swipe, Not Injured, N, N
AUS,2,0,0,0,2017, December, Saturday,10.70,80, Dry, N, Daylight, Hit Fixed Object, Not Injured, N, N
US,3,0,0,0,2017, January, Monday,10.70,89, Dry, N, Daylight, Rear End, Not Injured, N, N
US,2,0,0,0,2017, April, Sunday,10.70,89, Dry, N, Daylight, Rear End, Not Injured, N, N
US,3,0,0,1,2017, June, Thursday,10.70,89, Dry, N, Daylight, Right Angle, Minor Injury, N, N
AUS,3,0,0,6,2017, February, Saturday,10.70,90, Dry, N, Daylight, Rear End, Minor Injury, N, N
AUS,2,0,0,0,2017, November, Monday,10.70,90, Dry, N, Daylight, Right Angle, Not Injured, N, N
AUS,2,0,1,2,2017, March, Monday,10.70,100, Dry, N, Daylight, Head On, Major Injury, N, N
AUS,2,0,0,3,2017, April, Saturday,10.70,100, Dry, N, Daylight, Side Swipe, Minor Injury, N, N
AUS,2,0,1,1,2017, July, Monday,10.70,100, Dry, N, Daylight, Right Angle, Major Injury, N, N
AUS,2,0,0,0,2017, July, Friday,10.70,100, Dry, N, Daylight, Hit Fixed Object, Not Injured, N, N
AUS,2,0,0,0,2017, September, Sunday,10.70,100, Dry, N, Daylight, Hit Fixed Object, Not Injured, N, N
US,2,0,0,0,2017, October, Saturday,10.70,105, Wet, Y, Daylight, Side Swipe, Not Injured, N, N
AUS,2,1,0,0,2017, February, Wednesday,10.80,10, Dry, N, Daylight, Hit Fixed Object, Fatal, N, N
AUS,2,0,0,1,2017, December, Friday,10.80,20, Dry, N, Daylight, Right Angle, Minor Injury, N, N
US,2,0,0,1,2017, June, Friday,10.80,24, Dry, N, Daylight, Right Angle, Minor Injury, N, N
AUS,2,0,0,0,2017, June, Sunday,10.80,25, Dry, N, Daylight, Rear End, Not Injured, N, N
AUS,2,0,0,0,2017, January, Saturday,10.80,40, Dry, N, Daylight, Right Angle, Not Injured, N, N
AUS,2,0,0,1,2017, September, Wednesday,10.80,40, Wet, Y, Daylight, Rear End, Minor Injury, N, Y
US,2,0,0,0,2017, January, Friday,10.80,40, Wet, N, Daylight, Rear End, Minor Injury, N, N
US,2,0,0,0,2017, January, Saturday,10.80,40, Dry, N, Daylight, Right Angle, Not Injured, N, N
US,2,0,1,1,2017, January, Thursday,10.80,40, Dry, N, Daylight, Right Angle, Major Injury, Y, N
US,2,0,0,0,2017, January, Tuesday,10.80,40, Dry, N, Daylight, Rear End, Not Injured, N, N
US,2,0,0,0,2017, April, Monday,10.80,40, Dry, N, Daylight, Head On, Not Injured, N, N
US,2,0,0,1,2017, May, Saturday,10.80,40, Wet, Y, Daylight, Right Angle, Minor Injury, N, N
US,2,0,0,0,2017, May, Tuesday,10.80,40, Dry, N, Daylight, Rear End, Not Injured, N, N
US,2,0,0,1,2017, June, Tuesday,10.80,40, Dry, N, Daylight, Rear End, Minor Injury, N, N
US,2,0,0,1,2017, June, Sunday,10.80,40, Dry, N, Daylight, Right Angle, Minor Injury, N, N
US,2,0,0,0,2017, June, Friday,10.80,40, Wet, Y, Daylight, Right Angle, Not Injured, N, N
US,2,0,0,0,2017, June, Sunday,10.80,40, Dry, N, Daylight, Side Swipe, Not Injured, N, N
US,2,0,0,0,2017, July, Saturday,10.80,40, Wet, Y, Daylight, Side Swipe, Not Injured, N, N
US,2,0,0,2,2017, July, Wednesday,10.80,40, Dry, N, Daylight, Right Angle, Minor Injury, N, N
US,2,0,0,0,2017, July, Sunday,10.80,40, Dry, N, Daylight, Side Swipe, Not Injured, N, N
US,2,0,0,2,2017, July, Wednesday,10.80,40, Dry, N, Daylight, Rear End, Minor Injury, N, N
US,2,0,0,0,2017, August, Monday,10.80,40, Dry, N, Daylight, Right Angle, Not Injured, N, N
US,2,0,0,1,2017, September, Sunday,10.80,40, Dry, N, Daylight, Right Angle, Minor Injury, N, N
US,2,0,0,0,2017, October, Wednesday,10.80,40, Dry, N, Daylight, Right Angle, Not Injured, N, N
US,2,0,0,0,2017, October, Wednesday,10.80,40, Dry, N, Daylight, Rear End, Not Injured, N, N
US,2,0,0,0,2017, November, Saturday,10.80,40, Dry, N, Daylight, Right Angle, Not Injured, N, N
US,2,0,0,0,2017, November, Monday,10.80,40, Dry, N, Daylight, Rear End, Not Injured, N, N
US,2,0,0,0,2017, November, Wednesday,10.80,40, Dry, N, Daylight, Right Angle, Not Injured, N, N
US,2,0,0,0,2017, December, Friday,10.80,40, Dry, N, Daylight, Hit Pedestrian, Minor Injury, N, N
US,6,0,0,0,2017, August, Wednesday,10.80,48, Dry, N, Daylight, Right Angle, Not Injured, N, N
AUS,2,0,0,0,2017, January, Monday,10.80,50, Dry, N, Daylight, Rear End, Not Injured, N, N
AUS,2,0,0,0,2017, February, Tuesday,10.80,50, Dry, N, Daylight, Hit Fixed Object, Not Injured, N, N
AUS,2,0,0,0,2017, March, Thursday,10.80,50, Dry, N, Daylight, Right Angle, Not Injured, N, N
AUS,2,0,0,0,2017, April, Tuesday,10.80,50, Dry, N, Daylight, Right Angle, Not Injured, N, N
AUS,2,0,0,0,2017, May, Friday,10.80,50, Wet, Y, Daylight, Right Angle, Not Injured, N, N
AUS,2,0,0,0,2017, May, Wednesday,10.80,50, Dry, N, Daylight, Right Angle, Not Injured, N, N
AUS,2,0,0,0,2017, May, Wednesday,10.80,50, Dry, N, Daylight, Rear End, Not Injured, N, N
AUS,2,0,0,1,2017, June, Thursday,10.80,50, Dry, N, Daylight, Hit Pedestrian, Minor Injury, N, N
AUS,3,0,3,0,2017, June, Monday,10.80,50, Dry, N, Daylight, Hit Fixed Object, Major Injury, N, N
AUS,2,0,0,1,2017, June, Friday,10.80,50, Dry, N, Daylight, Right Angle, Minor Injury, N, N
AUS,2,0,0,0,2017, September, Saturday,10.80,50, Dry, N, Daylight, Rear End, Not Injured, N, N
AUS,2,0,0,0,2017, September, Wednesday,10.80,50, Wet, Y, Daylight, Right Angle, Not Injured, N, N
AUS,2,0,0,0,2017, September, Saturday,10.80,50, Dry, N, Daylight, Rear End, Not Injured, N, Y
AUS,3,0,0,2,2017, October, Tuesday,10.80,50, Dry, N, Daylight, Rear End, Minor Injury, N, N
AUS,4,0,0,0,2017, November, Saturday,10.80,50, Dry, N, Daylight, Rear End, Not Injured, N, N
US,2,0,0,2,2017, February, Saturday,10.80,56, Dry, N, Daylight, Rear End, Minor Injury, N, N
US,2,0,0,0,2017, February, Sunday,10.80,56, Dry, N, Daylight, Right Angle, Not Injured, N, N
US,2,0,0,0,2017, March, Saturday,10.80,56, Wet, N, Daylight, Head On, Not Injured, N, N
US,2,0,0,0,2017, March, Saturday,10.80,56, Wet, N, Daylight, Right Angle, Not Injured, N, N
US,2,0,0,0,2017, March, Monday,10.80,56, Dry, N, Daylight, Rear End, Minor Injury, N, N
US,2,0,0,0,2017, May, Thursday,10.80,56, Dry, N, Daylight, Rear End, Not Injured, N, N
US,2,0,0,0,2017, May, Thursday,10.80,56, Dry, N, Daylight, Right Angle, Not Injured, N, N
US,2,0,0,0,2017, September, Monday,10.80,56, Dry, N, Daylight, Head On, Not Injured, N, N
US,2,0,0,1,2017, September, Thursday,10.80,56, Dry, N, Daylight, Right Angle, Minor Injury, N, N
US,2,0,0,0,2017, October, Saturday,10.80,56, Dry, N, Daylight, Rear End, Not Injured, N, N
US,2,0,0,1,2017, October, Friday,10.80,56, Dry, N, Daylight, Right Angle, Minor Injury, N, N
US,2,0,0,0,2017, November, Friday,10.80,56, Dry, N, Daylight, Right Angle, Not Injured, N, N
US,2,0,0,0,2017, November, Friday,10.80,56, Dry, N, Daylight, Right Angle, Not Injured, N, N