Nation,Total Units,Total Fatalities,Total Serious Injuries,Total Minor Injuries,Year,Month,Day,Time,Speed Limit,Moisture,Adverse Weather Conditions,DayNight,Crash Type,Crash Severity,Alcohol Related ,Drug Related
US,2,0,0,0,2017, May, Saturday,11.00,64, Wet, Y, Daylight, Right Angle, Not Injured, N, N
US,2,0,0,0,2017, August, Sunday,11.00,64, Dry, N, Daylight, Side Swipe, Not Injured, N, N
US,2,0,0,0,2017, October, Wednesday,11.00,64, Dry, N, Daylight, Right Angle, Not Injured, N, N
US,2,0,0,0,2017, October, Tuesday,11.00,64, Dry, N, Daylight, Right Angle, Not Injured, N, N
US,2,0,0,0,2017, December, Sunday,11.00,64, Dry, N, Daylight, Right Angle, Minor Injury, N, N
AUS,2,0,0,0,2017, April, Saturday,11.00,70, Dry, N, Daylight, Side Swipe, Not Injured, N, N
AUS,2,0,0,0,2017, May, Monday,11.00,70, Dry, N, Daylight, Side Swipe, Not Injured, N, N
AUS,2,0,0,1,2017, June, Friday,11.00,70, Dry, N, Daylight, Rear End, Minor Injury, N, N
US,2,0,0,0,2017, March, Saturday,11.00,72, Dry, N, Daylight, Right Angle, Not Injured, N, N
US,5,0,0,2,2017, April, Tuesday,11.00,72, Dry, N, Daylight, Rear End, Minor Injury, N, N
US,2,0,0,0,2017, October, Monday,11.00,72, Dry, N, Daylight, Rear End, Not Injured, N, N
AUS,2,0,0,1,2017, February, Wednesday,11.00,80, Dry, N, Daylight, Right Angle, Minor Injury, N, N
AUS,2,0,0,0,2017, March, Sunday,11.00,80, Dry, N, Daylight, Hit Fixed Object, Not Injured, N, N
AUS,2,0,0,0,2017, March, Sunday,11.00,80, Dry, N, Daylight, Hit Fixed Object, Not Injured, N, N
AUS,2,1,0,0,2017, May, Tuesday,11.00,80, Dry, N, Daylight, Hit Fixed Object, Fatal, N, N
AUS,3,0,0,1,2017, June, Thursday,11.00,80, Dry, N, Daylight, Rear End, Minor Injury, N, N
AUS,2,0,0,0,2017, July, Thursday,11.00,80, Dry, N, Daylight, Right Angle, Not Injured, N, N
AUS,2,0,0,1,2017, August, Wednesday,11.00,80, Dry, N, Daylight, Hit Fixed Object, Minor Injury, N, N
AUS,2,0,0,0,2017, October, Friday,11.00,80, Dry, N, Daylight, Hit Fixed Object, Not Injured, N, N
AUS,2,0,0,0,2017, November, Saturday,11.00,80, Dry, N, Daylight, Right Angle, Not Injured, N, N
AUS,2,0,0,0,2017, November, Thursday,11.00,80, Wet, Y, Daylight, Rear End, Not Injured, N, N
AUS,4,0,0,3,2017, December, Saturday,11.00,80, Dry, N, Daylight, Rear End, Minor Injury, N, N
US,3,0,0,0,2017, June, Thursday,11.00,89, Dry, N, Daylight, Rear End, Not Injured, N, N
US,2,0,0,0,2017, July, Wednesday,11.00,89, Dry, N, Daylight, Rear End, Not Injured, N, N
AUS,2,0,0,1,2017, June, Thursday,11.00,90, Dry, N, Daylight, Rear End, Minor Injury, N, N
AUS,2,0,0,0,2017, September, Tuesday,11.00,90, Wet, N, Daylight, Rear End, Not Injured, N, N
AUS,2,0,0,0,2017, February, Wednesday,11.00,100, Dry, N, Daylight, Hit Fixed Object, Not Injured, N, N
AUS,2,0,0,0,2017, April, Tuesday,11.00,100, Dry, N, Daylight, Right Angle, Not Injured, N, N
AUS,2,0,0,0,2017, April, Sunday,11.00,100, Dry, N, Daylight, Right Angle, Not Injured, N, N
AUS,2,0,0,0,2017, July, Monday,11.00,100, Wet, Y, Daylight, Hit Fixed Object, Not Injured, N, N
AUS,2,0,2,2,2017, November, Monday,11.00,100, Dry, N, Daylight, Head On, Major Injury, N, N
AUS,2,0,1,1,2017, December, Friday,11.00,100, Dry, N, Daylight, Hit Fixed Object, Major Injury, N, N
AUS,2,0,0,1,2017, February, Friday,11.00,110, Dry, N, Daylight, Hit Fixed Object, Minor Injury, N, N
AUS,2,0,0,0,2017, April, Thursday,11.00,110, Dry, N, Daylight, Side Swipe, Not Injured, N, N
AUS,2,0,0,0,2017, March, Friday,11.00,110, Dry, N, Daylight, Right Angle, Not Injured, N, N
AUS,2,0,0,1,2017, August, Tuesday,11.00,110, Dry, N, Daylight, Head On, Minor Injury, N, N
AUS,2,0,0,1,2017, August, Sunday,11.00,110, Dry, N, Daylight, Hit Fixed Object, Minor Injury, N, N
AUS,2,0,0,0,2017, September, Tuesday,11.00,110, Dry, N, Daylight, Hit Fixed Object, Not Injured, N, N
US,3,0,0,0,2017, March, Tuesday,11.20,24, Wet, Y, Daylight, Right Angle, Not Injured, N, N
AUS,2,0,0,0,2017, May, Thursday,11.20,25, Dry, N, Daylight, Side Swipe, Not Injured, N, N
AUS,2,0,0,0,2017, December, Tuesday,11.20,25, Dry, N, Daylight, Rear End, Not Injured, N, N
US,2,0,0,0,2017, January, Friday,11.20,40, Wet, N, Daylight, Right Angle, Not Injured, N, N
US,2,0,0,0,2017, January, Friday,11.20,40, Wet, Y, Daylight, Rear End, Not Injured, N, N
US,2,0,0,1,2017, February, Thursday,11.20,40, Dry, Y, Daylight, Rear End, Minor Injury, N, N
US,2,0,0,0,2017, February, Saturday,11.20,40, Wet, N, Daylight, Right Angle, Not Injured, N, N
US,2,0,0,0,2017, February, Monday,11.20,40, Dry, N, Daylight, Side Swipe, Minor Injury, N, N
US,3,0,0,1,2017, February, Wednesday,11.20,40, Dry, N, Daylight, Right Angle, Minor Injury, N, N
US,3,0,0,0,2017, March, Saturday,11.20,40, Dry, N, Daylight, Right Angle, Not Injured, N, N
US,2,0,0,0,2017, April, Saturday,11.20,40, Dry, N, Daylight, Right Angle, Not Injured, N, N
US,2,0,0,0,2017, July, Thursday,11.20,40, Dry, N, Daylight, Right Angle, Not Injured, N, N
US,2,0,1,0,2017, August, Thursday,11.20,40, Dry, N, Daylight, Right Angle, Major Injury, N, N
US,2,0,1,0,2017, August, Wednesday,11.20,40, Dry, N, Daylight, Head On, Major Injury, N, N
US,2,0,0,0,2017, September, Friday,11.20,40, Dry, N, Daylight, Right Angle, Not Injured, N, N
US,2,0,0,0,2017, September, Wednesday,11.20,40, Dry, N, Daylight, Side Swipe, Not Injured, N, N
US,2,0,0,0,2017, October, Saturday,11.20,40, Dry, N, Daylight, Right Angle, Not Injured, N, N
US,2,0,0,0,2017, November, Saturday,11.20,40, Wet, Y, Daylight, Right Angle, Not Injured, N, N
US,3,0,0,0,2017, December, Sunday,11.20,40, Dry, N, Daylight, Right Angle, Not Injured, N, N
US,2,0,0,0,2017, March, Saturday,11.20,48, Dry, N, Daylight, Right Angle, Not Injured, N, N
US,2,0,0,1,2017, October, Saturday,11.20,48, Dry, N, Daylight, Right Angle, Minor Injury, N, N
AUS,2,0,0,0,2017, January, Wednesday,11.20,50, Dry, N, Daylight, Side Swipe, Not Injured, N, N
AUS,2,0,0,1,2017, January, Saturday,11.20,50, Dry, N, Daylight, Rear End, Minor Injury, N, N
AUS,2,0,0,1,2017, January, Friday,11.20,50, Wet, Y, Daylight, Hit Pedestrian, Minor Injury, N, N
AUS,2,0,0,0,2017, February, Thursday,11.20,50, Dry, N, Daylight, Rear End, Not Injured, N, N
AUS,2,0,0,1,2017, February, Sunday,11.20,50, Dry, N, Daylight, Right Angle, Minor Injury, N, N
AUS,2,0,0,1,2017, March, Monday,11.20,50, Dry, N, Daylight, Hit Fixed Object, Minor Injury, N, N
AUS,2,0,0,2,2017, March, Monday,11.20,50, Dry, N, Daylight, Head On, Minor Injury, N, N
AUS,3,0,0,0,2017, March, Tuesday,11.20,50, Dry, N, Daylight, Rear End, Not Injured, N, N
AUS,2,0,0,0,2017, March, Friday,11.20,50, Dry, N, Daylight, Side Swipe, Not Injured, N, N
AUS,2,0,0,0,2017, April, Monday,11.20,50, Dry, N, Daylight, Right Angle, Not Injured, N, N
AUS,2,0,0,0,2017, June, Sunday,11.20,50, Dry, N, Daylight, Rear End, Not Injured, N, N
AUS,2,0,0,0,2017, September, Saturday,11.20,50, Dry, N, Daylight, Right Angle, Not Injured, N, N
AUS,2,0,0,0,2017, October, Friday,11.20,50, Dry, N, Daylight, Hit Fixed Object, Not Injured, N, N
AUS,2,0,0,1,2017, October, Friday,11.20,50, Dry, N, Daylight, Right Angle, Minor Injury, N, N
AUS,3,0,0,1,2017, November, Thursday,11.20,50, Dry, N, Daylight, Right Angle, Minor Injury, N, N
AUS,3,0,0,1,2017, November, Saturday,11.20,50, Dry, N, Daylight, Hit Fixed Object, Minor Injury, N, N
AUS,2,0,0,1,2017, December, Monday,11.20,50, Dry, N, Daylight, Side Swipe, Minor Injury, N, N
AUS,2,0,0,0,2017, December, Saturday,11.20,50, Dry, N, Daylight, Right Angle, Not Injured, N, N
US,2,0,1,0,2017, January, Friday,11.20,56, Dry, N, Daylight, Rear End, Major Injury, N, N
US,2,0,0,0,2017, January, Sunday,11.20,56, Dry, N, Daylight, Right Angle, Not Injured, N, N
US,3,0,0,1,2017, February, Tuesday,11.20,56, Wet, Y, Daylight, Rear End, Minor Injury, N, N
US,2,0,0,2,2017, May, Wednesday,11.20,56, Dry, N, Daylight, Right Angle, Minor Injury, N, N
US,2,0,0,1,2017, June, Sunday,11.20,56, Dry, N, Daylight, Rear End, Minor Injury, N, N
US,2,0,0,0,2017, July, Sunday,11.20,56, Dry, N, Daylight, Rear End, Not Injured, N, N
US,2,0,0,0,2017, October, Friday,11.20,56, Dry, N, Daylight, Head On, Not Injured, N, N
US,3,0,0,0,2017, November, Friday,11.20,56, Dry, N, Daylight, Rear End, Not Injured, N, N
US,2,0,0,0,2017, November, Wednesday,11.20,56, Dry, N, Daylight, Right Angle, Minor Injury, N, N
AUS,2,0,0,0,2017, March, Sunday,11.20,60, Wet, Y, Daylight, Rear End, Not Injured, N, N
AUS,2,0,0,0,2017, April, Monday,11.20,60, Dry, N, Daylight, Rear End, Not Injured, N, N
AUS,2,0,0,0,2017, April, Wednesday,11.20,60, Dry, N, Daylight, Right Angle, Not Injured, N, N
AUS,2,0,0,0,2017, April, Friday,11.20,60, Wet, Y, Daylight, Right Angle, Not Injured, N, N
AUS,2,0,0,1,2017, May, Monday,11.20,60, Dry, N, Daylight, Hit Pedestrian, Minor Injury, N, N
AUS,2,0,0,0,2017, May, Friday,11.20,60, Dry, N, Daylight, Side Swipe, Not Injured, N, N
AUS,2,0,0,2,2017, May, Wednesday,11.20,60, Dry, N, Daylight, Hit Fixed Object, Minor Injury, N, N
AUS,4,0,0,0,2017, May, Saturday,11.20,60, Dry, N, Daylight, Hit Fixed Object, Not Injured, N, N
AUS,2,0,0,0,2017, June, Thursday,11.20,60, Dry, N, Daylight, Rear End, Not Injured, N, N
AUS,2,0,0,0,2017, June, Monday,11.20,60, Dry, N, Daylight, Right Angle, Not Injured, N, N
AUS,2,0,0,0,2017, June, Sunday,11.20,60, Dry, N, Daylight, Right Angle, Not Injured, N, N
AUS,2,0,1,0,2017, June, Saturday,11.20,60, Dry, N, Daylight, Side Swipe, Major Injury, N, N
AUS,2,0,0,1,2017, August, Monday,11.20,60, Dry, N, Daylight, Rear End, Minor Injury, N, N
AUS,2,0,0,1,2017, August, Tuesday,11.20,60, Wet, Y, Daylight, Hit Fixed Object, Minor Injury, N, N
AUS,2,0,0,0,2017, September, Monday,11.20,60, Wet, Y, Daylight, Rear End, Not Injured, N, N
AUS,3,0,0,0,2017, October, Wednesday,11.20,60, Dry, N, Daylight, Rear End, Not Injured, N, N
AUS,2,0,0,1,2017, October, Friday,11.20,60, Dry, N, Daylight, Right Angle, Minor Injury, N, N
AUS,4,0,0,0,2017, October, Thursday,11.20,60, Dry, N, Daylight, Hit Fixed Object, Not Injured, N, Y
AUS,2,0,0,0,2017, December, Wednesday,11.20,60, Dry, N, Daylight, Rear End, Not Injured, N, N
AUS,2,0,0,0,2017, December, Sunday,11.20,60, Dry, N, Daylight, Side Swipe, Not Injured, N, N
AUS,2,0,0,1,2017, December, Thursday,11.20,60, Dry, N, Daylight, Right Angle, Minor Injury, N, N
US,2,0,0,0,2017, January, Monday,11.20,64, Wet, Y, Daylight, Right Angle, Not Injured, N, N
US,2,0,0,0,2017, February, Sunday,11.20,64, Dry, N, Daylight, Rear End, Not Injured, N, N
US,2,0,0,2,2017, August, Thursday,11.20,64, Dry, N, Daylight, Rear End, Minor Injury, N, N
US,2,0,0,1,2017, September, Thursday,11.20,64, Dry, N, Daylight, Right Angle, Minor Injury, N, N
US,3,0,0,1,2017, September, Saturday,11.20,64, Dry, N, Daylight, Rear End, Minor Injury, N, N
US,2,0,0,1,2017, October, Sunday,11.20,64, Dry, N, Daylight, Rear End, Minor Injury, N, N
AUS,2,0,0,0,2017, May, Monday,11.20,70, Dry, N, Daylight, Right Angle, Not Injured, N, N
AUS,2,0,0,1,2017, May, Saturday,11.20,70, Dry, N, Daylight, Side Swipe, Minor Injury, N, N
AUS,2,0,0,2,2017, August, Wednesday,11.20,70, Dry, N, Daylight, Rear End, Minor Injury, N, N
US,2,0,0,0,2017, May, Thursday,11.20,72, Dry, N, Daylight, Rear End, Minor Injury, N, N
US,2,0,0,0,2017, September, Tuesday,11.20,72, Wet, Y, Daylight, Right Angle, Not Injured, N, N
AUS,3,0,0,0,2017, January, Thursday,11.20,80, Dry, N, Daylight, Rear End, Not Injured, N, N
AUS,2,0,0,1,2017, June, Thursday,11.20,80, Dry, N, Daylight, Rear End, Minor Injury, N, N
AUS,2,0,1,0,2017, July, Friday,11.20,80, Dry, N, Daylight, Hit Fixed Object, Major Injury, N, N
AUS,2,0,0,2,2017, August, Monday,11.20,80, Dry, N, Daylight, Right Angle, Minor Injury, N, N
AUS,2,0,0,2,2017, August, Tuesday,11.20,80, Wet, Y, Daylight, Rear End, Minor Injury, N, N
AUS,2,0,0,0,2017, November, Monday,11.20,80, Dry, N, Daylight, Head On, Not Injured, N, N
AUS,2,0,0,1,2017, December, Thursday,11.20,80, Dry, N, Daylight, Hit Fixed Object, Minor Injury, N, N
US,2,0,0,0,2017, May, Sunday,11.20,89, Dry, N, Daylight, Rear End, Not Injured, N, N
AUS,2,0,0,2,2017, February, Thursday,11.20,100, Dry, N, Daylight, Right Angle, Minor Injury, N, Y
AUS,2,0,1,0,2017, May, Friday,11.20,100, Dry, N, Daylight, Hit Fixed Object, Major Injury, N, N
AUS,2,0,0,1,2017, September, Sunday,11.20,110, Wet, Y, Daylight, Hit Fixed Object, Minor Injury, N, N
AUS,2,0,0,0,2017, October, Wednesday,11.20,110, Dry, N, Daylight, Hit Fixed Object, Not Injured, N, N
AUS,2,0,0,1,2017, December, Thursday,11.20,110, Dry, N, Daylight, Side Swipe, Minor Injury, N, N
AUS,2,0,0,1,2017, December, Friday,11.20,110, Dry, N, Daylight, Head On, Minor Injury, N, N
US,2,0,0,0,2017, May, Sunday,11.30,32, Dry, N, Daylight, Side Swipe, Not Injured, N, N
US,2,0,0,0,2017, October, Saturday,11.30,32, Dry, N, Daylight, Rear End, Not Injured, N, N
AUS,2,0,0,0,2017, June, Tuesday,11.30,40, Dry, N, Daylight, Side Swipe, Not Injured, N, N
US,2,0,0,0,2017, January, Saturday,11.30,40, Dry, N, Daylight, Right Angle, Not Injured, N, N
US,2,0,0,0,2017, February, Thursday,11.30,40, Dry, Y, Daylight, Rear End, Not Injured, N, N
US,2,0,0,0,2017, March, Friday,11.30,40, Dry, N, Daylight, Right Angle, Not Injured, N, N
US,2,0,0,0,2017, March, Monday,11.30,40, Dry, N, Daylight, Right Angle, Not Injured, N, N
US,2,0,0,0,2017, April, Saturday,11.30,40, Dry, N, Daylight, Right Angle, Not Injured, N, N
US,2,0,0,0,2017, May, Monday,11.30,40, Dry, N, Daylight, Right Angle, Not Injured, N, N
US,3,0,0,0,2017, May, Wednesday,11.30,40, Dry, N, Daylight, Right Angle, Not Injured, N, N
US,2,0,0,0,2017, May, Thursday,11.30,40, Wet, Y, Daylight, Rear End, Not Injured, N, N
US,2,0,0,0,2017, May, Monday,11.30,40, Dry, N, Daylight, Right Angle, Not Injured, N, N
US,3,0,0,0,2017, May, Sunday,11.30,40, Dry, N, Daylight, Rear End, Not Injured, N, N
US,3,0,0,0,2017, June, Friday,11.30,40, Dry, N, Daylight, Rear End, Minor Injury, N, N
US,2,0,0,1,2017, August, Saturday,11.30,40, Dry, N, Daylight, Right Angle, Minor Injury, N, N
US,2,0,0,0,2017, August, Friday,11.30,40, Dry, N, Daylight, Rear End, Not Injured, N, N
US,4,0,0,0,2017, August, Tuesday,11.30,40, Dry, N, Daylight, Side Swipe, Not Injured, N, N
US,2,0,0,0,2017, August, Sunday,11.30,40, Dry, N, Daylight, Side Swipe, Not Injured, N, N
US,2,0,0,0,2017, October, Friday,11.30,40, Dry, N, Daylight, Right Angle, Not Injured, N, N
US,2,0,0,0,2017, October, Tuesday,11.30,40, Dry, N, Daylight, Right Angle, Not Injured, N, N
US,2,0,0,0,2017, December, Sunday,11.30,40, Dry, N, Daylight, Head On, Not Injured, N, N
US,2,0,0,1,2017, December, Sunday,11.30,40, Dry, N, Daylight, Right Angle, Minor Injury, N, N
US,2,0,0,0,2017, December, Tuesday,11.30,40, Dry, N, Daylight, Side Swipe, Not Injured, N, N
US,2,0,0,0,2017, August, Friday,11.30,48, Dry, N, Daylight, Rear End, Not Injured, N, N
AUS,2,0,0,0,2017, February, Wednesday,11.30,50, Dry, N, Daylight, Rear End, Not Injured, N, N
AUS,3,0,0,0,2017, January, Tuesday,11.30,50, Dry, N, Daylight, Right Angle, Not Injured, N, N
AUS,2,0,0,1,2017, February, Friday,11.30,50, Dry, N, Daylight, Right Angle, Minor Injury, N, N
AUS,2,0,0,1,2017, February, Saturday,11.30,50, Dry, N, Daylight, Right Angle, Minor Injury, N, N
AUS,2,0,0,0,2017, March, Sunday,11.30,50, Dry, N, Daylight, Hit Fixed Object, Not Injured, N, N
AUS,2,0,1,0,2017, March, Thursday,11.30,50, Dry, N, Daylight, Side Swipe, Major Injury, N, N
AUS,2,0,0,0,2017, April, Monday,11.30,50, Dry, N, Daylight, Right Angle, Not Injured, N, N
AUS,2,0,0,0,2017, April, Friday,11.30,50, Dry, N, Daylight, Side Swipe, Not Injured, N, N
AUS,2,0,0,1,2017, April, Sunday,11.30,50, Dry, N, Daylight, Right Angle, Minor Injury, N, N
AUS,2,0,0,0,2017, April, Monday,11.30,50, Dry, N, Daylight, Right Angle, Not Injured, N, N
AUS,2,0,0,0,2017, April, Thursday,11.30,50, Dry, N, Daylight, Rear End, Not Injured, N, N
AUS,2,0,0,0,2017, May, Thursday,11.30,50, Dry, N, Daylight, Right Angle, Not Injured, N, N
AUS,3,0,0,1,2017, June, Sunday,11.30,50, Dry, N, Daylight, Rear End, Minor Injury, N, N
AUS,2,0,0,0,2017, July, Thursday,11.30,50, Dry, N, Daylight, Right Angle, Not Injured, N, N
AUS,2,1,0,0,2017, July, Friday,11.30,50, Wet, Y, Daylight, Hit Pedestrian, Fatal, N, N
AUS,2,0,0,0,2017, July, Saturday,11.30,50, Dry, N, Daylight, Side Swipe, Not Injured, N, N
AUS,3,0,0,2,2017, July, Tuesday,11.30,50, Wet, Y, Daylight, Hit Pedestrian, Minor Injury, N, N
AUS,2,0,0,0,2017, July, Saturday,11.30,50, Dry, N, Daylight, Hit Pedestrian, Not Injured, N, N
AUS,2,0,0,0,2017, August, Wednesday,11.30,50, Dry, N, Daylight, Rear End, Not Injured, N, N
AUS,2,0,0,1,2017, August, Friday,11.30,50, Dry, N, Daylight, Right Angle, Minor Injury, N, N
AUS,2,0,0,0,2017, August, Wednesday,11.30,50, Dry, N, Daylight, Rear End, Not Injured, N, N
AUS,2,0,0,1,2017, September, Friday,11.30,50, Dry, N, Daylight, Right Angle, Minor Injury, N, N
AUS,2,0,0,1,2017, September, Wednesday,11.30,50, Dry, N, Daylight, Side Swipe, Minor Injury, N, N
AUS,2,0,0,0,2017, September, Friday,11.30,50, Dry, N, Daylight, Hit Fixed Object, Not Injured, N, N
AUS,2,0,0,0,2017, November, Wednesday,11.30,50, Dry, N, Daylight, Hit Fixed Object, Not Injured, N, N
AUS,2,0,0,0,2017, December, Monday,11.30,50, Dry, N, Daylight, Right Angle, Not Injured, N, N
AUS,2,0,0,0,2017, December, Friday,11.30,50, Dry, N, Daylight, Rear End, Not Injured, N, N
AUS,2,0,0,1,2017, December, Monday,11.30,50, Dry, N, Daylight, Rear End, Minor Injury, N, N
US,2,0,0,1,2017, January, Monday,11.30,56, Dry, N, Daylight, Right Angle, Minor Injury, N, N
US,2,0,0,0,2017, February, Saturday,11.30,56, Dry, N, Daylight, Right Angle, Not Injured, N, N
US,2,0,0,0,2017, March, Thursday,11.30,56, Dry, N, Daylight, Right Angle, Minor Injury, N, N
US,2,0,0,0,2017, May, Wednesday,11.30,56, Dry, N, Daylight, Side Swipe, Not Injured, N, N
US,2,0,0,1,2017, June, Monday,11.30,56, Wet, N, Daylight, Rear End, Minor Injury, N, N
US,2,0,0,1,2017, July, Wednesday,11.30,56, Dry, N, Daylight, Rear End, Minor Injury, N, N
US,2,0,0,0,2017, August, Wednesday,11.30,56, Dry, N, Daylight, Right Angle, Not Injured, N, N
US,2,0,0,0,2017, November, Tuesday,11.30,56, Dry, N, Daylight, Rear End, Not Injured, N, N
US,2,0,0,1,2017, December, Thursday,11.30,56, Wet, Y, Daylight, Right Angle, Minor Injury, N, N
AUS,2,0,0,0,2017, January, Tuesday,11.30,60, Dry, N, Daylight, Rear End, Not Injured, N, N
AUS,2,0,0,0,2017, January, Wednesday,11.30,60, Dry, N, Daylight, Side Swipe, Not Injured, N, N
AUS,2,0,0,0,2017, January, Saturday,11.30,60, Dry, N, Daylight, Rear End, Not Injured, N, N
AUS,3,0,0,0,2017, January, Sunday,11.30,60, Dry, N, Daylight, Rear End, Not Injured, N, N
AUS,2,0,0,0,2017, January, Wednesday,11.30,60, Dry, N, Daylight, Rear End, Not Injured, N, N
AUS,2,0,0,0,2017, January, Tuesday,11.30,60, Dry, N, Daylight, Side Swipe, Not Injured, N, N
AUS,2,0,0,0,2017, January, Tuesday,11.30,60, Dry, N, Daylight, Side Swipe, Not Injured, N, N
AUS,2,0,0,0,2017, January, Friday,11.30,60, Dry, N, Daylight, Side Swipe, Not Injured, N, N
AUS,3,0,0,0,2017, January, Sunday,11.30,60, Dry, N, Daylight, Rear End, Not Injured, N, N
AUS,3,0,0,1,2017, January, Tuesday,11.30,60, Dry, N, Daylight, Rear End, Minor Injury, N, N
AUS,2,0,0,0,2017, February, Wednesday,11.30,60, Dry, N, Daylight, Side Swipe, Not Injured, N, N
AUS,2,0,0,0,2017, February, Friday,11.30,60, Dry, N, Daylight, Rear End, Not Injured, N, N
AUS,2,0,0,0,2017, February, Sunday,11.30,60, Dry, N, Daylight, Right Angle, Not Injured, N, N
AUS,2,0,0,1,2017, February, Friday,11.30,60, Dry, N, Daylight, Rear End, Minor Injury, N, N
AUS,4,0,0,0,2017, February, Saturday,11.30,60, Dry, N, Daylight, Right Angle, Not Injured, N, N
AUS,2,0,0,0,2017, February, Friday,11.30,60, Dry, N, Daylight, Right Angle, Not Injured, N, N
AUS,2,0,0,0,2017, February, Sunday,11.30,60, Dry, N, Daylight, Side Swipe, Not Injured, N, N
AUS,2,0,0,0,2017, March, Wednesday,11.30,60, Dry, N, Daylight, Right Angle, Not Injured, N, N
AUS,2,0,0,0,2017, March, Wednesday,11.30,60, Dry, N, Daylight, Side Swipe, Not Injured, N, N
AUS,2,0,1,0,2017, March, Friday,11.30,60, Dry, N, Daylight, Hit Fixed Object, Major Injury, N, N
AUS,2,0,1,0,2017, March, Monday,11.30,60, Dry, N, Daylight, Right Angle, Major Injury, N, N
AUS,2,0,0,0,2017, March, Wednesday,11.30,60, Dry, N, Daylight, Side Swipe, Not Injured, N, N
AUS,3,0,0,0,2017, April, Saturday,11.30,60, Dry, N, Daylight, Side Swipe, Not Injured, N, N
AUS,2,0,0,3,2017, May, Tuesday,11.30,60, Dry, N, Daylight, Right Angle, Minor Injury, N, N
AUS,2,0,0,0,2017, May, Wednesday,11.30,60, Dry, N, Daylight, Rear End, Not Injured, N, N
AUS,2,0,0,1,2017, June, Saturday,11.30,60, Dry, N, Daylight, Side Swipe, Minor Injury, N, N
AUS,2,0,0,0,2017, June, Wednesday,11.30,60, Dry, N, Daylight, Rear End, Not Injured, N, N
AUS,2,0,0,1,2017, June, Sunday,11.30,60, Wet, Y, Daylight, Rear End, Minor Injury, N, N
AUS,2,0,0,1,2017, June, Tuesday,11.30,60, Dry, N, Daylight, Hit Fixed Object, Minor Injury, N, N
AUS,4,0,0,1,2017, July, Friday,11.30,60, Wet, Y, Daylight, Rear End, Minor Injury, N, N
AUS,2,0,0,0,2017, July, Friday,11.30,60, Wet, N, Daylight, Side Swipe, Not Injured, N, N
AUS,3,0,0,1,2017, July, Saturday,11.30,60, Dry, N, Daylight, Rear End, Minor Injury, N, N
AUS,2,0,0,1,2017, July, Tuesday,11.30,60, Wet, Y, Daylight, Rear End, Minor Injury, N, N
AUS,2,0,0,1,2017, July, Monday,11.30,60, Dry, N, Daylight, Rear End, Minor Injury, N, N
AUS,2,0,0,0,2017, August, Saturday,11.30,60, Dry, N, Daylight, Rear End, Not Injured, N, N
AUS,2,0,0,0,2017, August, Monday,11.30,60, Dry, N, Daylight, Side Swipe, Not Injured, N, N
AUS,2,0,0,1,2017, August, Tuesday,11.30,60, Dry, N, Daylight, Hit Pedestrian, Minor Injury, N, N
AUS,3,0,2,2,2017, August, Tuesday,11.30,60, Dry, N, Daylight, Right Angle, Major Injury, N, N
AUS,2,0,0,2,2017, August, Wednesday,11.30,60, Dry, N, Daylight, Right Angle, Minor Injury, N, N
AUS,2,0,0,0,2017, September, Thursday,11.30,60, Dry, N, Daylight, Rear End, Not Injured, N, N
AUS,2,0,0,1,2017, September, Monday,11.30,60, Wet, Y, Daylight, Right Angle, Minor Injury, N, N
AUS,2,0,0,0,2017, September, Sunday,11.30,60, Dry, N, Daylight, Right Angle, Not Injured, N, N
AUS,3,0,0,1,2017, October, Sunday,11.30,60, Dry, N, Daylight, Rear End, Minor Injury, N, N
AUS,3,0,0,0,2017, October, Monday,11.30,60, Dry, N, Daylight, Rear End, Not Injured, N, N
AUS,2,0,0,0,2017, October, Thursday,11.30,60, Dry, N, Daylight, Side Swipe, Not Injured, N, N
AUS,2,0,0,1,2017, October, Tuesday,11.30,60, Dry, N, Daylight, Hit Pedestrian, Minor Injury, N, N
AUS,2,0,0,1,2017, October, Tuesday,11.30,60, Dry, N, Daylight, Right Angle, Minor Injury, N, N
AUS,2,0,0,1,2017, October, Tuesday,11.30,60, Dry, N, Daylight, Side Swipe, Minor Injury, N, N
AUS,2,0,0,0,2017, November, Saturday,11.30,60, Dry, N, Daylight, Side Swipe, Not Injured, N, N
AUS,2,0,0,0,2017, November, Tuesday,11.30,60, Dry, N, Daylight, Right Angle, Not Injured, N, N
AUS,2,0,0,2,2017, November, Saturday,11.30,60, Dry, N, Daylight, Rear End, Minor Injury, N, N
AUS,2,0,0,1,2017, November, Monday,11.30,60, Dry, N, Daylight, Rear End, Minor Injury, N, N
AUS,2,0,0,0,2017, November, Wednesday,11.30,60, Dry, N, Daylight, Head On, Not Injured, N, N
AUS,3,0,0,1,2017, November, Thursday,11.30,60, Wet, Y, Daylight, Rear End, Minor Injury, N, N
US,2,0,0,0,2017, February, Saturday,11.30,64, Dry, N, Daylight, Rear End, Not Injured, N, N
US,2,0,0,0,2017, March, Wednesday,11.30,64, Dry, N, Daylight, Side Swipe, Not Injured, N, N
US,2,0,0,0,2017, April, Wednesday,11.30,64, Dry, N, Daylight, Rear End, Not Injured, N, N
US,2,0,0,0,2017, June, Thursday,11.30,64, Dry, N, Daylight, Right Angle, Not Injured, N, N
US,2,0,0,0,2017, October, Tuesday,11.30,64, Dry, N, Daylight, Right Angle, Not Injured, N, N