Nation,Total Units,Total Fatalities,Total Serious Injuries,Total Minor Injuries,Year,Month,Day,Time,Speed Limit,Moisture,Adverse Weather Conditions,DayNight,Crash Type,Crash Severity,Alcohol Related ,Drug Related
US,2,0,0,3,2017, December, Tuesday,11.70,56, Dry, N, Daylight, Right Angle, Minor Injury, N, N
AUS,2,0,0,1,2017, January, Tuesday,11.70,60, Dry, N, Daylight, Hit Fixed Object, Minor Injury, N, N
AUS,3,0,0,0,2017, January, Friday,11.70,60, Dry, N, Daylight, Side Swipe, Not Injured, N, N
AUS,2,0,0,0,2017, January, Sunday,11.70,60, Dry, N, Daylight, Rear End, Not Injured, N, N
AUS,2,0,0,0,2017, January, Monday,11.70,60, Dry, N, Daylight, Right Angle, Not Injured, N, N
AUS,2,0,0,0,2017, January, Friday,11.70,60, Dry, N, Daylight, Rear End, Not Injured, N, N
AUS,2,0,0,0,2017, January, Saturday,11.70,60, Dry, N, Daylight, Side Swipe, Not Injured, N, N
AUS,2,0,0,0,2017, January, Monday,11.70,60, Dry, N, Daylight, Rear End, Not Injured, N, N
AUS,2,0,0,0,2017, April, Saturday,11.70,60, Dry, N, Daylight, Rear End, Not Injured, N, N
AUS,2,0,0,0,2017, April, Friday,11.70,60, Dry, N, Daylight, Side Swipe, Not Injured, N, N
AUS,2,0,0,0,2017, April, Friday,11.70,60, Dry, N, Daylight, Side Swipe, Not Injured, N, N
AUS,2,0,0,0,2017, May, Thursday,11.70,60, Dry, N, Daylight, Right Angle, Not Injured, N, N
AUS,2,0,0,1,2017, May, Wednesday,11.70,60, Dry, N, Daylight, Right Angle, Minor Injury, N, N
AUS,2,0,0,0,2017, June, Saturday,11.70,60, Dry, N, Daylight, Rear End, Not Injured, N, N
AUS,2,0,0,1,2017, June, Sunday,11.70,60, Dry, N, Daylight, Right Angle, Minor Injury, N, N
AUS,2,0,0,0,2017, June, Sunday,11.70,60, Dry, N, Daylight, Right Angle, Not Injured, N, N
AUS,2,0,0,0,2017, June, Wednesday,11.70,60, Dry, N, Daylight, Rear End, Not Injured, N, N
AUS,2,0,0,0,2017, June, Friday,11.70,60, Dry, N, Daylight, Side Swipe, Not Injured, N, N
AUS,2,0,0,0,2017, June, Tuesday,11.70,60, Dry, N, Daylight, Right Angle, Not Injured, N, N
AUS,2,0,0,0,2017, June, Tuesday,11.70,60, Dry, N, Daylight, Side Swipe, Not Injured, N, N
AUS,2,0,0,1,2017, June, Friday,11.70,60, Dry, N, Daylight, Right Angle, Minor Injury, N, N
AUS,3,0,1,0,2017, July, Friday,11.70,60, Wet, N, Daylight, Hit Pedestrian, Major Injury, N, N
AUS,2,0,0,0,2017, July, Sunday,11.70,60, Dry, N, Daylight, Rear End, Not Injured, N, N
AUS,2,0,0,0,2017, August, Saturday,11.70,60, Dry, N, Daylight, Hit Fixed Object, Not Injured, N, N
AUS,2,0,0,2,2017, August, Sunday,11.70,60, Dry, N, Daylight, Rear End, Minor Injury, N, N
AUS,2,0,0,0,2017, August, Thursday,11.70,60, Dry, N, Daylight, Hit Fixed Object, Not Injured, N, N
AUS,3,0,0,2,2017, September, Monday,11.70,60, Dry, N, Daylight, Rear End, Minor Injury, N, N
AUS,2,0,0,0,2017, September, Saturday,11.70,60, Dry, N, Daylight, Right Angle, Not Injured, N, N
AUS,2,0,0,0,2017, October, Monday,11.70,60, Dry, N, Daylight, Rear End, Not Injured, N, N
AUS,2,0,0,0,2017, October, Saturday,11.70,60, Dry, N, Daylight, Rear End, Not Injured, N, N
AUS,2,0,0,1,2017, October, Tuesday,11.70,60, Dry, N, Daylight, Hit Pedestrian, Minor Injury, N, N
AUS,2,0,0,1,2017, November, Sunday,11.70,60, Dry, N, Daylight, Right Angle, Minor Injury, N, N
AUS,2,0,0,1,2017, November, Thursday,11.70,60, Dry, N, Daylight, Rear End, Minor Injury, N, N
AUS,2,0,0,0,2017, November, Tuesday,11.70,60, Dry, N, Daylight, Right Angle, Not Injured, N, N
AUS,2,0,0,2,2017, December, Sunday,11.70,60, Wet, Y, Daylight, Right Angle, Minor Injury, N, N
AUS,2,0,0,0,2017, December, Thursday,11.70,60, Dry, N, Daylight, Rear End, Not Injured, N, N
AUS,2,0,0,1,2017, December, Friday,11.70,60, Dry, N, Daylight, Hit Pedestrian, Minor Injury, N, N
AUS,3,0,0,1,2017, December, Friday,11.70,60, Dry, N, Daylight, Rear End, Minor Injury, N, N
AUS,2,0,0,0,2017, December, Monday,11.70,60, Dry, N, Daylight, Rear End, Not Injured, N, N
AUS,2,0,0,0,2017, December, Monday,11.70,60, Dry, N, Daylight, Rear End, Not Injured, N, N
US,3,0,0,0,2017, April, Monday,11.70,64, Dry, N, Daylight, Rear End, Not Injured, N, N
US,3,0,0,0,2017, September, Sunday,11.70,64, Dry, N, Daylight, Rear End, Not Injured, N, N
AUS,2,0,0,1,2017, April, Thursday,11.70,70, Dry, N, Daylight, Side Swipe, Minor Injury, N, N
US,2,0,0,0,2017, July, Thursday,11.70,72, Wet, Y, Daylight, Rear End, Not Injured, N, N
AUS,3,0,0,2,2017, March, Wednesday,11.70,80, Dry, N, Daylight, Rear End, Minor Injury, N, N
AUS,2,0,0,0,2017, June, Saturday,11.70,80, Dry, N, Daylight, Rear End, Not Injured, N, N
AUS,2,0,0,2,2017, July, Tuesday,11.70,80, Wet, Y, Daylight, Rear End, Minor Injury, N, N
AUS,3,0,0,1,2017, July, Friday,11.70,80, Wet, N, Daylight, Hit Fixed Object, Minor Injury, N, Y
AUS,2,0,0,0,2017, October, Friday,11.70,80, Dry, N, Daylight, Hit Fixed Object, Not Injured, N, N
AUS,2,0,0,0,2017, December, Tuesday,11.70,80, Dry, N, Daylight, Head On, Not Injured, N, N
AUS,2,0,0,0,2017, December, Friday,11.70,80, Dry, N, Daylight, Hit Fixed Object, Not Injured, N, N
US,2,0,0,0,2017, November, Thursday,11.70,80, Dry, N, Daylight, Rear End, Not Injured, N, N
US,2,0,0,0,2017, March, Friday,11.70,89, Wet, Y, Daylight, Right Angle, Not Injured, N, N
US,2,0,0,0,2017, May, Thursday,11.70,89, Dry, N, Daylight, Rear End, Not Injured, N, N
US,2,0,0,0,2017, May, Tuesday,11.70,89, Dry, N, Daylight, Right Angle, Not Injured, N, N
US,2,0,0,0,2017, August, Sunday,11.70,89, Dry, N, Daylight, Rear End, Not Injured, N, N
US,2,0,0,3,2017, September, Saturday,11.70,89, Dry, N, Daylight, Rear End, Minor Injury, N, N
US,2,0,0,0,2017, September, Sunday,11.70,89, Dry, N, Daylight, Rear End, Not Injured, N, N
US,2,0,0,0,2017, October, Wednesday,11.70,89, Dry, N, Daylight, Right Angle, Not Injured, N, N
AUS,2,0,0,1,2017, June, Friday,11.70,90, Dry, N, Daylight, Side Swipe, Minor Injury, N, N
AUS,2,0,0,0,2017, August, Sunday,11.70,90, Dry, N, Daylight, Rear End, Not Injured, N, N
AUS,2,0,0,1,2017, February, Saturday,11.70,100, Dry, N, Daylight, Hit Fixed Object, Minor Injury, N, N
AUS,2,0,0,1,2017, April, Saturday,11.70,100, Dry, N, Daylight, Hit Fixed Object, Minor Injury, N, N
AUS,2,0,0,0,2017, June, Wednesday,11.70,100, Dry, N, Daylight, Right Angle, Not Injured, N, N
US,2,0,0,0,2017, February, Thursday,11.70,105, Dry, Y, Daylight, Rear End, Not Injured, N, N
AUS,2,0,0,0,2017, May, Monday,11.70,110, Dry, N, Daylight, Hit Fixed Object, Not Injured, N, N
AUS,2,0,0,1,2017, May, Sunday,11.70,110, Wet, Y, Daylight, Right Angle, Minor Injury, N, N
US,2,0,0,0,2017, February, Friday,11.80,24, Dry, N, Daylight, Head On, Not Injured, N, N
US,2,0,1,0,2017, September, Sunday,11.80,24, Dry, N, Daylight, Head On, Major Injury, N, N
US,2,0,0,1,2017, August, Thursday,11.80,32, Dry, N, Daylight, Hit Pedestrian, Minor Injury, N, N
AUS,2,0,0,0,2017, June, Friday,11.80,40, Dry, N, Daylight, Hit Fixed Object, Not Injured, N, N
AUS,2,0,0,0,2017, August, Tuesday,11.80,40, Wet, Y, Daylight, Right Angle, Not Injured, N, N
US,3,0,0,0,2017, January, Tuesday,11.80,40, Wet, Y, Daylight, Side Swipe, Not Injured, N, N
US,2,0,0,0,2017, January, Thursday,11.80,40, Dry, N, Daylight, Right Angle, Not Injured, N, N
US,3,0,1,2,2017, February, Saturday,11.80,40, Dry, N, Daylight, Rear End, Major Injury, N, N
US,2,0,0,0,2017, February, Wednesday,11.80,40, Dry, N, Daylight, Side Swipe, Not Injured, N, N
US,2,0,0,0,2017, March, Saturday,11.80,40, Dry, N, Daylight, Right Angle, Not Injured, N, N
US,2,0,0,0,2017, March, Monday,11.80,40, Dry, N, Daylight, Right Angle, Minor Injury, N, N
US,2,0,0,0,2017, April, Monday,11.80,40, Dry, N, Daylight, Side Swipe, Not Injured, N, N
US,2,0,0,0,2017, April, Tuesday,11.80,40, Wet, Y, Daylight, Hit Pedestrian, Minor Injury, N, N
US,2,0,0,0,2017, May, Friday,11.80,40, Dry, N, Daylight, Right Angle, Not Injured, N, N
US,2,0,0,0,2017, June, Saturday,11.80,40, Dry, N, Daylight, Rear End, Not Injured, N, N
US,2,0,0,0,2017, June, Tuesday,11.80,40, Dry, N, Daylight, Rear End, Not Injured, N, N
US,2,0,0,0,2017, June, Wednesday,11.80,40, Dry, N, Daylight, Right Angle, Not Injured, N, N
US,2,0,0,0,2017, June, Saturday,11.80,40, Dry, N, Daylight, Right Angle, Not Injured, N, N
US,2,0,0,0,2017, June, Sunday,11.80,40, Dry, N, Daylight, Rear End, Not Injured, N, N
US,2,0,0,0,2017, July, Friday,11.80,40, Dry, N, Daylight, Side Swipe, Minor Injury, N, N
US,2,0,0,1,2017, July, Wednesday,11.80,40, Dry, N, Daylight, Right Angle, Minor Injury, N, N
US,2,0,0,0,2017, August, Wednesday,11.80,40, Dry, N, Daylight, Side Swipe, Minor Injury, N, N
US,2,0,0,0,2017, August, Tuesday,11.80,40, Dry, N, Daylight, Hit Pedestrian, Minor Injury, N, N
US,2,0,0,0,2017, September, Friday,11.80,40, Dry, N, Daylight, Side Swipe, Not Injured, N, N
US,2,0,0,0,2017, September, Friday,11.80,40, Dry, N, Daylight, Right Angle, Not Injured, N, N
US,3,0,0,0,2017, September, Friday,11.80,40, Dry, N, Daylight, Rear End, Not Injured, N, N
US,2,0,0,0,2017, October, Wednesday,11.80,40, Dry, N, Daylight, Right Angle, Not Injured, N, N
US,2,0,0,0,2017, October, Wednesday,11.80,40, Dry, N, Daylight, Right Angle, Not Injured, N, N
US,3,0,0,0,2017, October, Sunday,11.80,40, Wet, Y, Daylight, Right Angle, Not Injured, N, N
US,2,0,0,0,2017, November, Wednesday,11.80,40, Wet, Y, Daylight, Right Angle, Minor Injury, N, N
US,2,0,0,0,2017, November, Monday,11.80,40, Dry, N, Daylight, Right Angle, Not Injured, N, N
US,2,0,0,0,2017, December, Saturday,11.80,40, Dry, Y, Daylight, Rear End, Not Injured, N, N
US,2,0,0,0,2017, May, Monday,11.80,48, Dry, N, Daylight, Head On, Not Injured, N, N
US,2,0,0,1,2017, June, Friday,11.80,48, Dry, N, Daylight, Rear End, Minor Injury, N, N
US,3,0,0,0,2017, September, Saturday,11.80,48, Dry, N, Daylight, Rear End, Minor Injury, N, N
AUS,2,0,0,0,2017, January, Thursday,11.80,50, Dry, N, Daylight, Side Swipe, Not Injured, N, N
AUS,4,0,0,1,2017, January, Tuesday,11.80,50, Dry, N, Daylight, Right Angle, Minor Injury, N, N
AUS,2,0,0,0,2017, January, Sunday,11.80,50, Dry, N, Daylight, Right Angle, Not Injured, N, N
AUS,2,0,0,0,2017, May, Wednesday,11.80,50, Dry, N, Daylight, Right Angle, Not Injured, N, N
AUS,3,0,0,2,2017, June, Tuesday,11.80,50, Dry, N, Daylight, Right Angle, Minor Injury, N, N
AUS,2,0,0,0,2017, June, Tuesday,11.80,50, Dry, N, Daylight, Hit Fixed Object, Not Injured, N, N
AUS,2,0,0,0,2017, August, Tuesday,11.80,50, Dry, N, Daylight, Right Angle, Not Injured, N, N
AUS,2,0,0,2,2017, September, Monday,11.80,50, Dry, N, Daylight, Right Angle, Minor Injury, N, N
AUS,2,0,0,0,2017, September, Tuesday,11.80,50, Dry, N, Daylight, Hit Fixed Object, Not Injured, N, N
AUS,2,0,0,1,2017, September, Thursday,11.80,50, Dry, N, Daylight, Hit Fixed Object, Minor Injury, N, N
AUS,2,0,0,1,2017, September, Wednesday,11.80,50, Dry, N, Daylight, Rear End, Minor Injury, N, N
AUS,3,0,0,0,2017, September, Friday,11.80,50, Dry, N, Daylight, Hit Fixed Object, Not Injured, N, N
AUS,2,0,0,0,2017, October, Friday,11.80,50, Dry, N, Daylight, Hit Fixed Object, Not Injured, N, N
AUS,2,0,0,1,2017, October, Friday,11.80,50, Dry, N, Daylight, Side Swipe, Minor Injury, N, N
AUS,2,0,0,0,2017, October, Monday,11.80,50, Dry, N, Daylight, Right Angle, Not Injured, N, N
AUS,2,0,0,1,2017, November, Monday,11.80,50, Dry, N, Daylight, Hit Pedestrian, Minor Injury, N, N
AUS,2,0,0,0,2017, November, Saturday,11.80,50, Dry, N, Daylight, Hit Fixed Object, Not Injured, N, N
AUS,2,0,0,1,2017, November, Monday,11.80,50, Dry, N, Daylight, Hit Pedestrian, Minor Injury, N, N
AUS,2,0,0,0,2017, December, Sunday,11.80,50, Dry, N, Daylight, Hit Fixed Object, Not Injured, Y, N
AUS,2,0,0,0,2017, December, Wednesday,11.80,50, Dry, N, Daylight, Side Swipe, Not Injured, N, N
US,3,0,0,0,2017, March, Saturday,11.80,56, Dry, N, Daylight, Right Angle, Not Injured, N, N
US,2,0,0,1,2017, March, Friday,11.80,56, Wet, Y, Daylight, Side Swipe, Minor Injury, N, N
US,2,0,0,0,2017, April, Sunday,11.80,56, Dry, N, Daylight, Right Angle, Minor Injury, N, N
US,2,0,0,0,2017, April, Monday,11.80,56, Dry, N, Daylight, Rear End, Not Injured, N, N
US,2,0,0,0,2017, April, Saturday,11.80,56, Dry, N, Daylight, Rear End, Not Injured, N, N
US,2,0,0,0,2017, June, Saturday,11.80,56, Dry, N, Daylight, Right Angle, Not Injured, N, N
US,3,0,0,0,2017, June, Thursday,11.80,56, Dry, N, Daylight, Rear End, Not Injured, N, N
US,2,0,0,0,2017, June, Tuesday,11.80,56, Dry, N, Daylight, Right Angle, Minor Injury, N, N
US,2,0,0,0,2017, June, Sunday,11.80,56, Dry, N, Daylight, Right Angle, Not Injured, N, N
US,2,0,0,1,2017, June, Wednesday,11.80,56, Dry, N, Daylight, Right Angle, Minor Injury, N, N
US,3,0,0,0,2017, July, Sunday,11.80,56, Dry, N, Daylight, Right Angle, Not Injured, N, N
US,3,0,0,0,2017, August, Saturday,11.80,56, Dry, N, Daylight, Right Angle, Not Injured, N, N
US,2,0,0,0,2017, August, Sunday,11.80,56, Dry, N, Daylight, Right Angle, Not Injured, N, N
US,2,0,0,0,2017, August, Monday,11.80,56, Dry, N, Daylight, Head On, Not Injured, N, N
US,2,0,0,0,2017, September, Wednesday,11.80,56, Dry, N, Daylight, Right Angle, Not Injured, N, N
US,2,0,0,0,2017, October, Wednesday,11.80,56, Dry, N, Daylight, Side Swipe, Not Injured, N, N
US,2,0,1,0,2017, September, Thursday,11.80,56, Dry, N, Daylight, Rear End, Major Injury, N, N
US,2,0,0,0,2017, November, Saturday,11.80,56, Dry, N, Daylight, Rear End, Minor Injury, N, N
US,2,0,1,0,2017, November, Saturday,11.80,56, Dry, N, Daylight, Rear End, Major Injury, N, N
US,3,0,0,0,2017, November, Saturday,11.80,56, Dry, N, Daylight, Rear End, Not Injured, N, N
US,2,0,0,1,2017, December, Saturday,11.80,56, Dry, N, Daylight, Right Angle, Minor Injury, N, N
US,2,0,1,0,2017, December, Friday,11.80,56, Dry, N, Daylight, Rear End, Major Injury, N, N
AUS,2,0,0,0,2017, January, Tuesday,11.80,60, Dry, N, Daylight, Side Swipe, Not Injured, N, N
AUS,2,0,0,0,2017, January, Friday,11.80,60, Wet, Y, Daylight, Hit Fixed Object, Not Injured, N, N
AUS,2,0,0,0,2017, January, Friday,11.80,60, Wet, Y, Daylight, Rear End, Not Injured, N, N
AUS,2,0,0,1,2017, January, Tuesday,11.80,60, Dry, N, Daylight, Right Angle, Minor Injury, N, N
AUS,2,0,0,0,2017, January, Saturday,11.80,60, Dry, N, Daylight, Hit Fixed Object, Not Injured, N, N
AUS,2,0,0,1,2017, January, Sunday,11.80,60, Dry, N, Daylight, Right Angle, Minor Injury, N, N
AUS,2,0,0,1,2017, February, Wednesday,11.80,60, Dry, N, Daylight, Rear End, Minor Injury, N, N
AUS,2,0,0,0,2017, February, Saturday,11.80,60, Dry, N, Daylight, Right Angle, Not Injured, N, N
AUS,3,0,0,0,2017, February, Monday,11.80,60, Dry, N, Daylight, Rear End, Not Injured, N, N
AUS,2,0,0,0,2017, February, Tuesday,11.80,60, Dry, N, Daylight, Right Angle, Not Injured, N, N
AUS,2,0,0,1,2017, February, Wednesday,11.80,60, Dry, N, Daylight, Right Angle, Minor Injury, N, Y
AUS,3,0,0,0,2017, February, Monday,11.80,60, Dry, N, Daylight, Rear End, Not Injured, N, N
AUS,2,0,0,0,2017, February, Wednesday,11.80,60, Dry, N, Daylight, Rear End, Not Injured, N, N
AUS,2,0,0,0,2017, February, Tuesday,11.80,60, Dry, N, Daylight, Rear End, Not Injured, N, N
AUS,2,0,0,0,2017, March, Thursday,11.80,60, Dry, N, Daylight, Right Angle, Not Injured, N, N
AUS,3,0,0,1,2017, March, Monday,11.80,60, Dry, N, Daylight, Rear End, Minor Injury, N, N
AUS,2,0,0,0,2017, March, Tuesday,11.80,60, Dry, N, Daylight, Hit Fixed Object, Not Injured, N, N
AUS,2,0,0,0,2017, March, Thursday,11.80,60, Dry, N, Daylight, Side Swipe, Not Injured, N, N
AUS,2,0,0,0,2017, March, Thursday,11.80,60, Wet, Y, Daylight, Hit Fixed Object, Not Injured, N, N
AUS,2,0,0,1,2017, April, Saturday,11.80,60, Dry, N, Daylight, Side Swipe, Minor Injury, N, N
AUS,2,0,0,0,2017, April, Tuesday,11.80,60, Dry, N, Daylight, Right Angle, Not Injured, N, N
AUS,2,0,0,0,2017, April, Saturday,11.80,60, Dry, N, Daylight, Hit Fixed Object, Not Injured, N, Y
AUS,2,0,0,2,2017, April, Saturday,11.80,60, Dry, N, Daylight, Rear End, Minor Injury, N, N
AUS,3,0,0,0,2017, May, Thursday,11.80,60, Dry, N, Daylight, Rear End, Not Injured, N, N
AUS,2,0,0,0,2017, May, Monday,11.80,60, Wet, Y, Daylight, Rear End, Not Injured, N, N
AUS,2,0,0,0,2017, May, Wednesday,11.80,60, Dry, N, Daylight, Rear End, Not Injured, N, N
AUS,2,0,0,0,2017, June, Wednesday,11.80,60, Dry, N, Daylight, Right Angle, Not Injured, N, N
AUS,2,0,0,1,2017, June, Thursday,11.80,60, Dry, N, Daylight, Side Swipe, Minor Injury, N, Y
AUS,2,0,0,0,2017, June, Monday,11.80,60, Dry, N, Daylight, Side Swipe, Not Injured, N, N
AUS,2,0,0,1,2017, July, Thursday,11.80,60, Dry, N, Daylight, Right Angle, Minor Injury, N, N
AUS,2,0,0,0,2017, July, Friday,11.80,60, Wet, Y, Daylight, Right Angle, Not Injured, N, N
AUS,2,0,0,0,2017, July, Friday,11.80,60, Wet, N, Daylight, Rear End, Not Injured, N, N
AUS,2,0,0,0,2017, July, Sunday,11.80,60, Dry, N, Daylight, Head On, Not Injured, N, N
AUS,2,0,0,1,2017, August, Sunday,11.80,60, Dry, N, Daylight, Rear End, Minor Injury, N, N
AUS,2,0,0,1,2017, August, Wednesday,11.80,60, Dry, N, Daylight, Rear End, Minor Injury, N, N
AUS,2,0,0,0,2017, August, Saturday,11.80,60, Dry, N, Daylight, Right Angle, Not Injured, N, N
AUS,2,0,0,0,2017, August, Sunday,11.80,60, Dry, N, Daylight, Hit Fixed Object, Not Injured, N, N
AUS,4,0,0,0,2017, August, Wednesday,11.80,60, Dry, N, Daylight, Hit Fixed Object, Not Injured, N, N
AUS,4,0,0,0,2017, August, Saturday,11.80,60, Dry, N, Daylight, Side Swipe, Not Injured, N, N
AUS,3,0,0,0,2017, September, Monday,11.80,60, Dry, N, Daylight, Rear End, Not Injured, N, N
AUS,2,0,0,0,2017, September, Wednesday,11.80,60, Dry, N, Daylight, Right Angle, Not Injured, N, N
AUS,3,0,0,1,2017, September, Thursday,11.80,60, Dry, N, Daylight, Rear End, Minor Injury, N, N
AUS,2,0,0,0,2017, September, Saturday,11.80,60, Dry, N, Daylight, Rear End, Not Injured, N, N
AUS,2,0,0,1,2017, September, Tuesday,11.80,60, Dry, N, Daylight, Right Angle, Minor Injury, N, N
AUS,3,0,0,1,2017, September, Tuesday,11.80,60, Dry, N, Daylight, Rear End, Minor Injury, N, N
AUS,2,0,0,0,2017, October, Tuesday,11.80,60, Dry, N, Daylight, Side Swipe, Not Injured, N, N
AUS,2,0,0,1,2017, October, Wednesday,11.80,60, Dry, N, Daylight, Hit Pedestrian, Minor Injury, N, N
AUS,2,0,0,1,2017, October, Monday,11.80,60, Dry, N, Daylight, Right Angle, Minor Injury, N, N
AUS,2,0,0,0,2017, October, Friday,11.80,60, Wet, Y, Daylight, Rear End, Not Injured, N, N
AUS,2,0,0,0,2017, October, Saturday,11.80,60, Dry, N, Daylight, Rear End, Not Injured, N, N
AUS,2,0,0,0,2017, October, Tuesday,11.80,60, Dry, N, Daylight, Side Swipe, Not Injured, N, N
AUS,2,1,0,0,2017, October, Thursday,11.80,60, Dry, N, Daylight, Hit Pedestrian, Fatal, N, N
AUS,2,0,0,1,2017, October, Friday,11.80,60, Dry, N, Daylight, Side Swipe, Minor Injury, N, N
AUS,2,0,0,0,2017, October, Monday,11.80,60, Dry, N, Daylight, Right Angle, Not Injured, N, N
AUS,2,0,0,0,2017, November, Thursday,11.80,60, Dry, N, Daylight, Side Swipe, Not Injured, N, N
AUS,2,0,0,0,2017, November, Friday,11.80,60, Dry, N, Daylight, Rear End, Not Injured, N, N
AUS,2,0,0,1,2017, November, Wednesday,11.80,60, Wet, Y, Daylight, Rear End, Minor Injury, N, N
AUS,2,0,0,0,2017, November, Thursday,11.80,60, Dry, N, Daylight, Side Swipe, Not Injured, N, N
AUS,2,0,0,1,2017, November, Sunday,11.80,60, Dry, N, Daylight, Right Angle, Minor Injury, N, N
AUS,2,0,0,1,2017, December, Monday,11.80,60, Dry, N, Daylight, Rear End, Minor Injury, N, N
AUS,2,0,0,3,2017, December, Tuesday,11.80,60, Dry, N, Daylight, Rear End, Minor Injury, N, N
AUS,2,0,0,1,2017, December, Monday,11.80,60, Dry, N, Daylight, Rear End, Minor Injury, N, N
AUS,2,0,0,0,2017, December, Tuesday,11.80,60, Dry, N, Daylight, Rear End, Not Injured, N, N
US,2,0,0,0,2017, March, Tuesday,11.80,64, Dry, N, Daylight, Rear End, Not Injured, N, N
US,3,0,0,2,2017, March, Thursday,11.80,64, Dry, N, Daylight, Rear End, Minor Injury, N, N
US,4,0,0,0,2017, April, Monday,11.80,64, Dry, N, Daylight, Rear End, Minor Injury, N, N
US,2,0,0,0,2017, May, Monday,11.80,64, Dry, N, Daylight, Right Angle, Not Injured, N, N
US,2,0,0,0,2017, September, Thursday,11.80,64, Dry, N, Daylight, Right Angle, Not Injured, N, N
US,2,0,0,4,2017, December, Thursday,11.80,64, Dry, N, Daylight, Right Angle, Minor Injury, N, N
AUS,2,0,0,0,2017, September, Monday,11.80,70, Dry, N, Daylight, Right Angle, Not Injured, N, N
AUS,2,0,0,0,2017, September, Tuesday,11.80,70, Dry, N, Daylight, Hit Fixed Object, Not Injured, N, N
AUS,2,0,0,1,2017, December, Sunday,11.80,70, Dry, N, Daylight, Rear End, Minor Injury, N, N
US,3,0,1,0,2017, December, Thursday,11.80,72, Dry, N, Daylight, Rear End, Major Injury, N, N
AUS,3,0,0,0,2017, June, Tuesday,11.80,80, Dry, N, Daylight, Rear End, Not Injured, N, N
AUS,3,0,0,1,2017, September, Friday,11.80,80, Dry, N, Daylight, Rear End, Minor Injury, N, N
AUS,2,0,0,2,2017, September, Sunday,11.80,80, Dry, N, Daylight, Right Angle, Minor Injury, N, N
AUS,3,0,0,0,2017, November, Friday,11.80,80, Dry, N, Daylight, Right Angle, Not Injured, N, N
US,2,0,0,1,2017, September, Saturday,11.80,80, Dry, N, Daylight, Rear End, Minor Injury, N, N
US,4,0,1,0,2017, May, Wednesday,11.80,89, Dry, N, Daylight, Rear End, Major Injury, N, N
US,3,0,0,0,2017, May, Friday,11.80,89, Dry, N, Daylight, Rear End, Minor Injury, N, N
US,2,0,0,0,2017, July, Sunday,11.80,89, Dry, N, Daylight, Side Swipe, Not Injured, N, N
US,3,0,0,0,2017, November, Saturday,11.80,89, Dry, Y, Daylight, Rear End, Not Injured, N, N
AUS,2,0,0,0,2017, February, Saturday,11.80,90, Dry, N, Daylight, Hit Pedestrian, Not Injured, N, N
AUS,3,0,0,0,2017, June, Saturday,11.80,90, Dry, N, Daylight, Rear End, Not Injured, N, N
AUS,2,0,1,0,2017, January, Friday,11.80,100, Dry, N, Daylight, Head On, Major Injury, N, N
AUS,2,0,0,1,2017, November, Saturday,11.80,100, Dry, N, Daylight, Rear End, Minor Injury, N, N
AUS,2,0,0,1,2017, January, Sunday,11.80,110, Dry, N, Daylight, Rear End, Minor Injury, N, N
AUS,2,0,0,0,2017, March, Monday,11.80,110, Dry, N, Daylight, Hit Fixed Object, Not Injured, N, N
AUS,2,0,0,1,2017, June, Sunday,11.80,110, Dry, N, Daylight, Hit Fixed Object, Minor Injury, N, N
AUS,2,0,0,0,2017, June, Tuesday,11.80,110, Dry, N, Daylight, Hit Fixed Object, Not Injured, N, N
AUS,2,0,0,1,2017, March, Wednesday,12.00,15, Dry, N, Daylight, Hit Fixed Object, Minor Injury, N, N
AUS,2,0,0,0,2017, March, Tuesday,12.00,25, Dry, N, Daylight, Side Swipe, Not Injured, N, N
US,2,0,0,0,2017, April, Sunday,12.00,32, Dry, N, Daylight, Side Swipe, Minor Injury, N, N
US,2,0,0,0,2017, November, Thursday,12.00,32, Dry, N, Daylight, Right Angle, Not Injured, N, N
AUS,4,0,0,1,2017, May, Saturday,12.00,40, Dry, N, Daylight, Rear End, Minor Injury, N, N
AUS,2,0,0,0,2017, June, Tuesday,12.00,40, Dry, N, Daylight, Right Angle, Not Injured, N, N
AUS,2,0,0,0,2017, June, Monday,12.00,40, Dry, N, Daylight, Rear End, Not Injured, N, N
AUS,2,0,0,0,2017, October, Friday,12.00,40, Dry, N, Daylight, Rear End, Not Injured, N, N
AUS,2,0,0,1,2017, October, Thursday,12.00,40, Dry, N, Daylight, Hit Fixed Object, Minor Injury, N, N
US,3,0,0,2,2017, January, Tuesday,12.00,40, Wet, Y, Daylight, Rear End, Minor Injury, N, Y
US,2,0,0,0,2017, January, Sunday,12.00,40, Dry, N, Daylight, Right Angle, Minor Injury, N, N
US,2,0,0,0,2017, February, Saturday,12.00,40, Dry, N, Daylight, Side Swipe, Not Injured, N, N
US,2,0,0,0,2017, March, Wednesday,12.00,40, Wet, Y, Daylight, Rear End, Not Injured, Y, N
US,2,0,0,0,2017, March, Saturday,12.00,40, Dry, N, Daylight, Rear End, Not Injured, N, N
US,2,0,0,0,2017, June, Monday,12.00,40, Dry, N, Daylight, Right Angle, Not Injured, N, N
US,2,0,0,0,2017, June, Wednesday,12.00,40, Dry, N, Daylight, Right Angle, Not Injured, N, N
US,2,0,0,1,2017, June, Thursday,12.00,40, Dry, N, Daylight, Rear End, Minor Injury, Y, N