Nation,Total Units,Total Fatalities,Total Serious Injuries,Total Minor Injuries,Year,Month,Day,Time,Speed Limit,Moisture,Adverse Weather Conditions,DayNight,Crash Type,Crash Severity,Alcohol Related ,Drug Related
US,2,0,0,0,2017, September, Tuesday,13.50,64, Dry, N, Daylight, Side Swipe, Not Injured, N, N
US,2,0,0,0,2017, October, Saturday,13.50,64, Dry, N, Daylight, Right Angle, Not Injured, N, N
US,2,0,0,1,2017, December, Sunday,13.50,64, Dry, N, Daylight, Right Angle, Minor Injury, N, N
US,2,0,0,1,2017, December, Friday,13.50,64, Dry, N, Daylight, Rear End, Minor Injury, N, N
AUS,2,0,0,0,2017, June, Monday,13.50,70, Dry, N, Daylight, Hit Fixed Object, Not Injured, N, N
AUS,3,0,0,0,2017, March, Wednesday,13.50,80, Dry, N, Daylight, Right Angle, Not Injured, N, N
AUS,2,0,0,0,2017, March, Tuesday,13.50,80, Dry, N, Daylight, Rear End, Not Injured, N, N
AUS,2,0,0,0,2017, April, Friday,13.50,80, Dry, N, Daylight, Rear End, Not Injured, N, N
AUS,2,0,0,2,2017, May, Friday,13.50,80, Dry, N, Daylight, Right Angle, Minor Injury, N, N
AUS,3,0,0,0,2017, June, Friday,13.50,80, Dry, N, Daylight, Head On, Not Injured, N, N
AUS,2,0,0,1,2017, July, Sunday,13.50,80, Dry, N, Daylight, Rear End, Minor Injury, N, N
AUS,3,0,0,0,2017, August, Wednesday,13.50,80, Dry, N, Daylight, Hit Fixed Object, Not Injured, N, N
AUS,2,0,0,0,2017, October, Wednesday,13.50,80, Wet, Y, Daylight, Side Swipe, Not Injured, N, N
US,2,0,0,0,2017, February, Friday,13.50,89, Dry, N, Daylight, Rear End, Not Injured, N, N
US,2,0,0,0,2017, February, Wednesday,13.50,89, Dry, N, Daylight, Rear End, Not Injured, N, N
US,5,0,0,0,2017, April, Saturday,13.50,89, Dry, N, Daylight, Rear End, Not Injured, N, N
US,2,0,0,1,2017, March, Friday,13.50,89, Wet, Y, Daylight, Rear End, Minor Injury, N, N
US,3,0,0,0,2017, October, Tuesday,13.50,89, Dry, N, Daylight, Right Angle, Minor Injury, N, N
US,4,0,0,0,2017, October, Friday,13.50,89, Dry, N, Daylight, Rear End, Minor Injury, N, N
US,3,0,0,0,2017, December, Wednesday,13.50,89, Dry, N, Daylight, Rear End, Not Injured, N, N
AUS,2,0,0,1,2017, July, Saturday,13.50,90, Dry, N, Daylight, Hit Fixed Object, Minor Injury, N, Y
AUS,2,0,0,1,2017, October, Friday,13.50,90, Dry, N, Daylight, Rear End, Minor Injury, N, N
AUS,2,0,0,2,2017, February, Saturday,13.50,100, Dry, N, Daylight, Hit Fixed Object, Minor Injury, N, N
AUS,2,0,0,0,2017, March, Friday,13.50,100, Dry, N, Daylight, Head On, Not Injured, N, N
AUS,2,0,2,0,2017, May, Friday,13.50,100, Dry, N, Daylight, Right Angle, Major Injury, N, N
AUS,2,0,0,0,2017, September, Friday,13.50,100, Dry, N, Daylight, Hit Fixed Object, Not Injured, N, N
AUS,2,0,0,1,2017, October, Sunday,13.50,100, Dry, N, Daylight, Side Swipe, Minor Injury, N, N
AUS,2,0,0,1,2017, November, Sunday,13.50,100, Dry, N, Daylight, Side Swipe, Minor Injury, N, N
AUS,3,0,0,1,2017, March, Saturday,13.50,110, Dry, N, Daylight, Side Swipe, Minor Injury, N, N
AUS,2,0,0,0,2017, April, Monday,13.50,110, Wet, Y, Daylight, Rear End, Not Injured, N, N
AUS,2,0,0,0,2017, May, Sunday,13.50,110, Dry, N, Daylight, Hit Fixed Object, Not Injured, N, N
AUS,2,0,0,0,2017, June, Thursday,13.50,110, Dry, N, Daylight, Hit Fixed Object, Not Injured, N, N
AUS,2,0,0,2,2017, July, Tuesday,13.50,110, Wet, Y, Daylight, Rear End, Minor Injury, N, N
AUS,2,1,0,0,2017, September, Tuesday,13.50,110, Dry, N, Daylight, Right Angle, Fatal, N, N
US,2,0,0,0,2017, June, Wednesday,13.70,24, Dry, N, Daylight, Right Angle, Not Injured, N, N
US,2,0,0,1,2017, June, Wednesday,13.70,24, Dry, N, Daylight, Rear End, Minor Injury, N, N
AUS,2,0,0,0,2017, April, Friday,13.70,25, Dry, N, Daylight, Right Angle, Not Injured, N, N
US,3,0,1,0,2017, January, Sunday,13.70,40, Dry, N, Daylight, Rear End, Major Injury, N, N
US,2,0,0,0,2017, January, Sunday,13.70,40, Wet, Y, Daylight, Right Angle, Not Injured, N, N
US,2,0,0,0,2017, January, Monday,13.70,40, Wet, Y, Daylight, Right Angle, Not Injured, N, N
US,2,0,0,0,2017, January, Friday,13.70,40, Wet, N, Daylight, Head On, Not Injured, N, N
US,2,0,0,1,2017, January, Monday,13.70,40, Dry, N, Daylight, Rear End, Minor Injury, N, N
US,2,0,0,0,2017, February, Tuesday,13.70,40, Wet, Y, Daylight, Right Angle, Not Injured, N, N
US,2,0,0,0,2017, February, Sunday,13.70,40, Dry, N, Daylight, Right Angle, Not Injured, N, N
US,2,0,0,0,2017, March, Thursday,13.70,40, Dry, N, Daylight, Rear End, Minor Injury, Y, N
US,2,0,0,0,2017, April, Wednesday,13.70,40, Dry, N, Daylight, Side Swipe, Not Injured, N, N
US,2,0,0,0,2017, April, Wednesday,13.70,40, Dry, N, Daylight, Right Angle, Not Injured, N, N
US,2,0,0,0,2017, April, Saturday,13.70,40, Wet, Y, Daylight, Hit Pedestrian, Minor Injury, N, N
US,2,0,0,0,2017, May, Sunday,13.70,40, Dry, N, Daylight, Side Swipe, Not Injured, N, N
US,2,0,0,0,2017, May, Saturday,13.70,40, Dry, N, Daylight, Hit Pedestrian, Minor Injury, N, N
US,2,0,0,2,2017, May, Tuesday,13.70,40, Dry, N, Daylight, Rear End, Minor Injury, N, N
US,2,0,0,0,2017, June, Tuesday,13.70,40, Dry, N, Daylight, Right Angle, Not Injured, N, N
US,2,0,0,0,2017, July, Thursday,13.70,40, Dry, N, Daylight, Side Swipe, Not Injured, N, N
US,2,0,0,0,2017, July, Monday,13.70,40, Dry, N, Daylight, Right Angle, Not Injured, N, N
US,3,0,0,1,2017, August, Sunday,13.70,40, Dry, N, Daylight, Rear End, Minor Injury, N, N
US,3,0,0,0,2017, August, Monday,13.70,40, Dry, N, Daylight, Right Angle, Minor Injury, N, N
US,2,0,0,0,2017, September, Tuesday,13.70,40, Dry, N, Daylight, Rear End, Not Injured, N, N
US,2,0,0,0,2017, October, Thursday,13.70,40, Wet, Y, Daylight, Hit Pedestrian, Minor Injury, N, N
US,2,0,0,0,2017, October, Thursday,13.70,40, Dry, N, Daylight, Right Angle, Not Injured, N, N
US,2,0,0,0,2017, October, Sunday,13.70,40, Wet, Y, Daylight, Right Angle, Minor Injury, N, N
US,2,0,0,0,2017, October, Sunday,13.70,40, Wet, Y, Daylight, Right Angle, Not Injured, N, N
US,2,0,0,0,2017, November, Sunday,13.70,40, Dry, N, Daylight, Rear End, Minor Injury, N, N
US,2,0,0,0,2017, November, Friday,13.70,40, Dry, N, Daylight, Rear End, Not Injured, N, N
US,2,0,0,0,2017, December, Friday,13.70,40, Dry, N, Daylight, Rear End, Not Injured, N, N
US,2,0,0,0,2017, December, Friday,13.70,40, Dry, N, Daylight, Rear End, Not Injured, N, N
US,2,0,0,0,2017, October, Friday,13.70,48, Dry, N, Daylight, Right Angle, Minor Injury, N, N
AUS,2,0,0,0,2017, January, Thursday,13.70,50, Dry, N, Daylight, Hit Fixed Object, Not Injured, N, N
AUS,2,0,0,1,2017, April, Thursday,13.70,50, Dry, N, Daylight, Right Angle, Minor Injury, N, N
AUS,2,0,0,0,2017, June, Wednesday,13.70,50, Dry, N, Daylight, Right Angle, Not Injured, N, N
AUS,2,0,0,1,2017, July, Monday,13.70,50, Dry, N, Daylight, Rear End, Minor Injury, N, N
AUS,2,0,0,0,2017, August, Saturday,13.70,50, Dry, N, Daylight, Right Angle, Not Injured, N, N
AUS,2,0,0,0,2017, October, Tuesday,13.70,50, Dry, N, Daylight, Side Swipe, Not Injured, N, N
AUS,2,0,0,0,2017, October, Thursday,13.70,50, Dry, N, Daylight, Rear End, Not Injured, N, N
AUS,2,0,0,1,2017, December, Monday,13.70,50, Dry, N, Daylight, Rear End, Minor Injury, N, N
AUS,2,0,0,0,2017, December, Friday,13.70,50, Dry, N, Daylight, Hit Fixed Object, Not Injured, Y, N
AUS,2,0,0,0,2017, December, Saturday,13.70,50, Dry, N, Daylight, Right Angle, Not Injured, N, N
US,3,0,0,1,2017, January, Saturday,13.70,56, Dry, N, Daylight, Rear End, Minor Injury, N, N
US,2,0,0,0,2017, February, Thursday,13.70,56, Dry, N, Daylight, Right Angle, Not Injured, N, N
US,2,0,0,0,2017, February, Tuesday,13.70,56, Dry, N, Daylight, Rear End, Not Injured, N, N
US,3,0,0,0,2017, March, Thursday,13.70,56, Dry, N, Daylight, Rear End, Not Injured, N, N
US,3,0,0,0,2017, May, Friday,13.70,56, Dry, N, Daylight, Head On, Minor Injury, N, N
US,2,0,0,0,2017, May, Saturday,13.70,56, Dry, N, Daylight, Rear End, Not Injured, N, N
US,2,0,0,0,2017, June, Monday,13.70,56, Dry, N, Daylight, Side Swipe, Not Injured, N, N
US,3,0,0,0,2017, June, Monday,13.70,56, Dry, N, Daylight, Head On, Minor Injury, N, N
US,2,0,0,1,2017, July, Thursday,13.70,56, Dry, N, Daylight, Right Angle, Minor Injury, N, N
US,2,0,0,0,2017, July, Saturday,13.70,56, Dry, N, Daylight, Rear End, Minor Injury, N, N
US,2,0,0,0,2017, August, Tuesday,13.70,56, Dry, N, Daylight, Right Angle, Not Injured, N, N
US,2,0,0,0,2017, September, Tuesday,13.70,56, Dry, N, Daylight, Side Swipe, Not Injured, N, N
US,2,0,0,0,2017, October, Tuesday,13.70,56, Dry, N, Daylight, Rear End, Not Injured, N, N
US,2,0,0,0,2017, November, Wednesday,13.70,56, Dry, N, Daylight, Rear End, Not Injured, N, N
US,2,0,2,0,2017, November, Monday,13.70,56, Dry, N, Daylight, Right Angle, Major Injury, N, N
US,2,0,1,0,2017, December, Friday,13.70,56, Dry, N, Daylight, Head On, Major Injury, N, N
US,2,0,0,1,2017, December, Sunday,13.70,56, Wet, N, Daylight, Rear End, Minor Injury, N, N
AUS,2,0,0,0,2017, January, Wednesday,13.70,60, Dry, N, Daylight, Rear End, Not Injured, N, N
AUS,2,0,0,0,2017, January, Sunday,13.70,60, Dry, N, Daylight, Hit Fixed Object, Not Injured, N, N
AUS,2,0,0,0,2017, January, Monday,13.70,60, Wet, N, Daylight, Right Angle, Not Injured, N, N
AUS,2,0,0,0,2017, January, Monday,13.70,60, Dry, N, Daylight, Right Angle, Not Injured, N, N
AUS,2,0,0,1,2017, March, Monday,13.70,60, Dry, N, Daylight, Rear End, Minor Injury, N, N
AUS,2,0,1,0,2017, April, Thursday,13.70,60, Dry, N, Daylight, Rear End, Major Injury, N, N
AUS,3,1,0,0,2017, April, Monday,13.70,60, Wet, Y, Daylight, Side Swipe, Fatal, N, N
AUS,2,0,0,0,2017, May, Saturday,13.70,60, Dry, N, Daylight, Side Swipe, Not Injured, N, N
AUS,2,0,0,0,2017, May, Wednesday,13.70,60, Dry, N, Daylight, Rear End, Not Injured, N, N
AUS,2,0,0,0,2017, June, Sunday,13.70,60, Dry, N, Daylight, Right Angle, Not Injured, N, N
AUS,2,0,0,2,2017, June, Thursday,13.70,60, Dry, N, Daylight, Right Angle, Minor Injury, N, N
AUS,2,0,0,0,2017, June, Thursday,13.70,60, Dry, N, Daylight, Hit Pedestrian, Not Injured, N, N
AUS,2,0,0,0,2017, July, Friday,13.70,60, Dry, N, Daylight, Rear End, Not Injured, N, N
AUS,2,0,0,0,2017, July, Wednesday,13.70,60, Dry, N, Daylight, Right Angle, Not Injured, N, N
AUS,2,0,0,1,2017, August, Tuesday,13.70,60, Dry, N, Daylight, Rear End, Minor Injury, N, N
AUS,2,0,0,0,2017, August, Wednesday,13.70,60, Dry, N, Daylight, Rear End, Not Injured, N, N
AUS,2,0,0,2,2017, September, Saturday,13.70,60, Wet, Y, Daylight, Hit Fixed Object, Minor Injury, N, N
AUS,2,0,0,1,2017, September, Wednesday,13.70,60, Dry, N, Daylight, Rear End, Minor Injury, N, N
AUS,2,0,0,2,2017, September, Friday,13.70,60, Dry, N, Daylight, Rear End, Minor Injury, N, N
AUS,2,0,0,0,2017, October, Monday,13.70,60, Dry, N, Daylight, Right Angle, Not Injured, N, N
AUS,2,0,0,0,2017, November, Sunday,13.70,60, Dry, N, Daylight, Rear End, Not Injured, N, N
AUS,2,0,0,2,2017, November, Sunday,13.70,60, Dry, N, Daylight, Right Angle, Minor Injury, N, N
AUS,2,0,0,0,2017, November, Saturday,13.70,60, Dry, N, Daylight, Side Swipe, Not Injured, N, N
AUS,2,0,0,0,2017, November, Thursday,13.70,60, Dry, N, Daylight, Hit Fixed Object, Not Injured, N, N
AUS,3,0,0,0,2017, December, Monday,13.70,60, Dry, N, Daylight, Hit Fixed Object, Not Injured, N, N
AUS,2,0,0,0,2017, December, Friday,13.70,60, Dry, N, Daylight, Rear End, Not Injured, N, N
AUS,2,0,0,1,2017, December, Saturday,13.70,60, Dry, N, Daylight, Hit Pedestrian, Minor Injury, N, N
AUS,3,0,0,0,2017, December, Sunday,13.70,60, Dry, N, Daylight, Rear End, Not Injured, N, N
AUS,2,0,0,0,2017, December, Tuesday,13.70,60, Dry, N, Daylight, Rear End, Not Injured, N, N
AUS,3,0,0,0,2017, December, Friday,13.70,60, Dry, N, Daylight, Side Swipe, Not Injured, N, N
US,2,0,0,0,2017, March, Tuesday,13.70,64, Wet, Y, Daylight, Rear End, Not Injured, N, N
US,4,0,0,0,2017, May, Saturday,13.70,64, Dry, N, Daylight, Rear End, Minor Injury, N, N
US,2,0,0,0,2017, June, Thursday,13.70,64, Dry, N, Daylight, Right Angle, Not Injured, N, N
US,2,0,0,0,2017, July, Monday,13.70,64, Dry, N, Daylight, Rear End, Not Injured, N, N
US,2,0,0,0,2017, October, Thursday,13.70,64, Wet, Y, Daylight, Right Angle, Not Injured, N, N
US,3,0,0,0,2017, October, Friday,13.70,64, Dry, N, Daylight, Rear End, Not Injured, N, N
US,2,0,0,0,2017, December, Friday,13.70,64, Dry, N, Daylight, Rear End, Not Injured, N, N
AUS,2,0,1,0,2017, April, Sunday,13.70,70, Dry, N, Daylight, Hit Fixed Object, Major Injury, N, N
US,2,0,0,0,2017, May, Tuesday,13.70,72, Dry, N, Daylight, Right Angle, Not Injured, N, N
US,3,0,0,0,2017, April, Saturday,13.70,72, Wet, Y, Daylight, Rear End, Not Injured, N, N
US,2,0,0,1,2017, November, Wednesday,13.70,72, Dry, N, Daylight, Right Angle, Minor Injury, N, N
AUS,2,0,2,0,2017, January, Tuesday,13.70,80, Dry, N, Daylight, Hit Fixed Object, Major Injury, N, N
AUS,2,0,0,1,2017, February, Sunday,13.70,80, Dry, N, Daylight, Rear End, Minor Injury, N, N
AUS,2,0,0,0,2017, April, Tuesday,13.70,80, Dry, N, Daylight, Side Swipe, Not Injured, N, N
AUS,2,0,0,0,2017, May, Thursday,13.70,80, Dry, N, Daylight, Rear End, Not Injured, N, N
AUS,2,0,0,1,2017, July, Friday,13.70,80, Dry, N, Daylight, Rear End, Minor Injury, N, N
AUS,2,0,0,0,2017, September, Wednesday,13.70,80, Dry, N, Daylight, Side Swipe, Not Injured, N, N
AUS,2,0,0,2,2017, November, Friday,13.70,80, Dry, N, Daylight, Right Angle, Minor Injury, N, N
US,3,0,0,0,2017, September, Wednesday,13.70,80, Dry, N, Daylight, Rear End, Minor Injury, N, N
US,3,0,0,0,2017, June, Friday,13.70,89, Dry, N, Daylight, Side Swipe, Minor Injury, N, N
US,2,0,0,3,2017, May, Sunday,13.70,89, Wet, Y, Daylight, Right Angle, Minor Injury, N, N
US,3,0,0,0,2017, July, Wednesday,13.70,89, Dry, N, Daylight, Rear End, Not Injured, N, N
US,2,0,0,1,2017, September, Friday,13.70,89, Dry, N, Daylight, Rear End, Minor Injury, N, N
US,4,0,0,0,2017, November, Thursday,13.70,89, Dry, N, Daylight, Rear End, Minor Injury, N, N
AUS,2,0,0,1,2017, August, Monday,13.70,90, Dry, N, Daylight, Rear End, Minor Injury, N, N
AUS,3,0,0,0,2017, October, Monday,13.70,90, Dry, N, Daylight, Rear End, Not Injured, N, N
AUS,2,0,0,0,2017, November, Thursday,13.70,90, Dry, N, Daylight, Rear End, Not Injured, N, N
AUS,2,0,2,1,2017, January, Wednesday,13.70,100, Dry, N, Daylight, Hit Fixed Object, Major Injury, N, N
AUS,2,0,0,0,2017, April, Sunday,13.70,100, Dry, N, Daylight, Rear End, Not Injured, N, N
AUS,2,0,0,0,2017, May, Sunday,13.70,100, Wet, Y, Daylight, Hit Fixed Object, Not Injured, N, N
AUS,2,0,0,1,2017, July, Friday,13.70,100, Dry, N, Daylight, Hit Fixed Object, Minor Injury, N, N
AUS,2,0,0,1,2017, December, Monday,13.70,100, Dry, N, Daylight, Rear End, Minor Injury, N, N
AUS,2,0,0,0,2017, March, Thursday,13.70,110, Dry, N, Daylight, Hit Fixed Object, Not Injured, N, N
AUS,2,0,0,0,2017, March, Tuesday,13.80,25, Dry, N, Daylight, Side Swipe, Not Injured, N, N
AUS,2,0,0,0,2017, May, Tuesday,13.80,25, Dry, N, Daylight, Right Angle, Not Injured, N, N
US,2,0,0,0,2017, October, Sunday,13.80,32, Dry, N, Daylight, Right Angle, Minor Injury, N, N
AUS,2,0,0,0,2017, March, Thursday,13.80,40, Dry, N, Daylight, Hit Fixed Object, Not Injured, N, N
AUS,2,0,0,0,2017, July, Thursday,13.80,40, Dry, N, Daylight, Side Swipe, Not Injured, N, N
AUS,2,0,0,0,2017, August, Wednesday,13.80,40, Dry, N, Daylight, Side Swipe, Not Injured, N, N
US,2,0,0,0,2017, January, Sunday,13.80,40, Dry, N, Daylight, Right Angle, Not Injured, N, N
US,2,0,0,0,2017, January, Saturday,13.80,40, Dry, N, Daylight, Side Swipe, Minor Injury, N, N
US,3,0,0,0,2017, January, Monday,13.80,40, Wet, Y, Daylight, Rear End, Not Injured, N, N
US,2,0,0,0,2017, February, Monday,13.80,40, Dry, N, Daylight, Rear End, Minor Injury, N, N
US,3,0,0,0,2017, February, Friday,13.80,40, Dry, N, Daylight, Side Swipe, Not Injured, N, N
US,3,0,0,1,2017, March, Tuesday,13.80,40, Wet, N, Daylight, Rear End, Minor Injury, N, N
US,3,0,0,0,2017, March, Wednesday,13.80,40, Dry, N, Daylight, Right Angle, Not Injured, N, N
US,2,0,0,0,2017, April, Monday,13.80,40, Dry, N, Daylight, Rear End, Not Injured, N, N
US,2,0,0,0,2017, April, Wednesday,13.80,40, Dry, N, Daylight, Rear End, Not Injured, N, N
US,2,0,0,0,2017, May, Monday,13.80,40, Dry, N, Daylight, Right Angle, Not Injured, N, N
US,2,0,0,0,2017, June, Saturday,13.80,40, Dry, N, Daylight, Right Angle, Not Injured, N, N
US,2,0,0,1,2017, June, Friday,13.80,40, Dry, N, Daylight, Right Angle, Minor Injury, N, N
US,2,0,0,0,2017, May, Tuesday,13.80,40, Dry, N, Daylight, Right Angle, Not Injured, N, N
US,2,1,0,0,2017, July, Thursday,13.80,40, Dry, N, Daylight, Right Angle, Fatal, N, N
US,2,0,0,0,2017, July, Monday,13.80,40, Dry, N, Daylight, Right Angle, Not Injured, N, N
US,2,0,0,0,2017, August, Friday,13.80,40, Dry, N, Daylight, Right Angle, Not Injured, N, N
US,2,0,0,0,2017, August, Wednesday,13.80,40, Dry, N, Daylight, Right Angle, Not Injured, N, N
US,2,0,0,1,2017, August, Sunday,13.80,40, Dry, N, Daylight, Rear End, Minor Injury, N, N
US,2,0,0,0,2017, August, Friday,13.80,40, Dry, N, Daylight, Right Angle, Not Injured, N, N
US,2,0,0,0,2017, August, Tuesday,13.80,40, Dry, N, Daylight, Right Angle, Not Injured, N, N
US,2,0,0,1,2017, August, Friday,13.80,40, Dry, N, Daylight, Right Angle, Minor Injury, N, N
US,2,0,0,0,2017, September, Sunday,13.80,40, Dry, N, Daylight, Side Swipe, Not Injured, N, N
US,2,0,0,0,2017, September, Monday,13.80,40, Dry, N, Daylight, Side Swipe, Not Injured, N, N
US,2,0,0,0,2017, September, Monday,13.80,40, Dry, N, Daylight, Rear End, Minor Injury, N, N
US,2,0,0,0,2017, September, Saturday,13.80,40, Dry, N, Daylight, Right Angle, Not Injured, N, N
US,3,0,0,0,2017, October, Friday,13.80,40, Dry, N, Daylight, Side Swipe, Minor Injury, N, N
US,2,0,0,0,2017, October, Thursday,13.80,40, Dry, N, Daylight, Right Angle, Not Injured, N, N
US,2,0,0,2,2017, October, Sunday,13.80,40, Wet, Y, Daylight, Right Angle, Minor Injury, N, N
US,2,0,0,0,2017, November, Tuesday,13.80,40, Dry, N, Daylight, Right Angle, Not Injured, N, N
US,2,0,0,1,2017, December, Saturday,13.80,40, Dry, N, Daylight, Side Swipe, Minor Injury, N, N
US,2,0,0,0,2017, December, Friday,13.80,40, Dry, N, Daylight, Right Angle, Not Injured, N, N
US,4,0,0,0,2017, December, Sunday,13.80,40, Dry, N, Daylight, Side Swipe, Not Injured, Y, N
US,2,0,0,0,2017, January, Monday,13.80,48, Dry, N, Daylight, Right Angle, Not Injured, N, N
US,3,0,0,0,2017, April, Monday,13.80,48, Dry, N, Daylight, Right Angle, Minor Injury, N, N
US,2,0,0,0,2017, December, Wednesday,13.80,48, Dry, N, Daylight, Rear End, Not Injured, N, N
AUS,2,0,0,1,2017, January, Sunday,13.80,50, Dry, N, Daylight, Rear End, Minor Injury, N, N
AUS,2,0,0,0,2017, January, Tuesday,13.80,50, Dry, N, Daylight, Right Angle, Not Injured, N, N
AUS,2,0,0,1,2017, January, Monday,13.80,50, Dry, N, Daylight, Side Swipe, Minor Injury, N, Y
AUS,2,0,0,1,2017, January, Saturday,13.80,50, Dry, N, Daylight, Side Swipe, Minor Injury, N, N
AUS,2,0,0,0,2017, January, Friday,13.80,50, Dry, N, Daylight, Rear End, Not Injured, N, N
AUS,2,0,0,1,2017, January, Thursday,13.80,50, Dry, N, Daylight, Right Angle, Minor Injury, N, N
AUS,3,0,0,0,2017, February, Tuesday,13.80,50, Dry, N, Daylight, Hit Fixed Object, Not Injured, N, N
AUS,2,0,0,0,2017, February, Saturday,13.80,50, Dry, N, Daylight, Rear End, Not Injured, N, N
AUS,2,0,0,0,2017, February, Tuesday,13.80,50, Dry, N, Daylight, Right Angle, Not Injured, N, N
AUS,2,0,0,1,2017, February, Tuesday,13.80,50, Dry, N, Daylight, Hit Fixed Object, Minor Injury, N, N
AUS,2,0,0,1,2017, March, Thursday,13.80,50, Dry, N, Daylight, Side Swipe, Minor Injury, N, N
AUS,2,0,0,0,2017, April, Monday,13.80,50, Dry, N, Daylight, Right Angle, Not Injured, N, N
AUS,5,0,0,1,2017, April, Wednesday,13.80,50, Dry, N, Daylight, Side Swipe, Minor Injury, N, N
AUS,2,0,0,0,2017, April, Tuesday,13.80,50, Dry, N, Daylight, Right Angle, Not Injured, N, N
AUS,2,0,0,0,2017, May, Friday,13.80,50, Dry, N, Daylight, Right Angle, Not Injured, N, N
AUS,2,0,0,0,2017, May, Saturday,13.80,50, Dry, N, Daylight, Right Angle, Not Injured, N, Y
AUS,2,0,0,1,2017, May, Wednesday,13.80,50, Dry, N, Daylight, Rear End, Minor Injury, N, N
AUS,2,0,0,1,2017, May, Wednesday,13.80,50, Dry, N, Daylight, Right Angle, Minor Injury, N, N
AUS,2,0,0,1,2017, June, Saturday,13.80,50, Dry, N, Daylight, Right Angle, Minor Injury, N, N
AUS,2,0,0,0,2017, June, Monday,13.80,50, Dry, N, Daylight, Rear End, Not Injured, N, N
AUS,3,0,0,1,2017, June, Tuesday,13.80,50, Dry, N, Daylight, Hit Fixed Object, Minor Injury, N, N
AUS,2,0,0,0,2017, July, Saturday,13.80,50, Dry, N, Daylight, Hit Fixed Object, Not Injured, N, N
AUS,2,0,0,0,2017, July, Tuesday,13.80,50, Dry, N, Daylight, Hit Pedestrian, Not Injured, N, N
AUS,2,0,0,0,2017, August, Friday,13.80,50, Dry, N, Daylight, Rear End, Not Injured, Y, N
AUS,2,0,0,0,2017, August, Sunday,13.80,50, Dry, N, Daylight, Right Angle, Not Injured, N, N
AUS,2,0,0,0,2017, September, Sunday,13.80,50, Dry, N, Daylight, Right Angle, Not Injured, N, N
AUS,2,0,0,1,2017, September, Friday,13.80,50, Dry, N, Daylight, Right Angle, Minor Injury, N, N
AUS,2,0,0,0,2017, October, Tuesday,13.80,50, Dry, N, Daylight, Hit Fixed Object, Not Injured, N, N
AUS,2,0,0,0,2017, December, Thursday,13.80,50, Dry, N, Daylight, Rear End, Not Injured, N, N
US,2,0,0,0,2017, January, Wednesday,13.80,56, Dry, N, Daylight, Rear End, Not Injured, N, N
US,2,0,0,0,2017, February, Sunday,13.80,56, Dry, N, Daylight, Side Swipe, Not Injured, N, N
US,2,0,0,0,2017, March, Friday,13.80,56, Dry, N, Daylight, Right Angle, Not Injured, N, N
US,2,0,0,0,2017, March, Tuesday,13.80,56, Dry, N, Daylight, Rear End, Not Injured, N, N
US,2,0,0,0,2017, May, Thursday,13.80,56, Dry, N, Daylight, Right Angle, Not Injured, N, N
US,2,0,0,0,2017, May, Sunday,13.80,56, Dry, N, Daylight, Side Swipe, Not Injured, N, N
US,2,0,0,0,2017, May, Friday,13.80,56, Dry, N, Daylight, Right Angle, Not Injured, N, N
US,2,0,0,0,2017, June, Sunday,13.80,56, Dry, N, Daylight, Rear End, Not Injured, N, N
US,2,0,0,1,2017, June, Saturday,13.80,56, Dry, N, Daylight, Right Angle, Minor Injury, N, N
US,2,0,0,0,2017, August, Thursday,13.80,56, Dry, N, Daylight, Side Swipe, Not Injured, N, N
US,3,0,0,1,2017, August, Monday,13.80,56, Dry, N, Daylight, Rear End, Minor Injury, N, N
US,2,0,0,0,2017, September, Saturday,13.80,56, Dry, N, Daylight, Right Angle, Not Injured, N, N
US,2,0,0,0,2017, October, Tuesday,13.80,56, Dry, N, Daylight, Hit Pedestrian, Minor Injury, N, N
US,2,0,0,0,2017, October, Monday,13.80,56, Dry, N, Daylight, Right Angle, Not Injured, N, N
US,2,0,0,2,2017, November, Friday,13.80,56, Dry, N, Daylight, Rear End, Minor Injury, N, N
US,2,0,0,0,2017, November, Friday,13.80,56, Dry, N, Daylight, Right Angle, Not Injured, N, N
US,2,0,0,3,2017, December, Wednesday,13.80,56, Dry, N, Daylight, Right Angle, Minor Injury, N, N
US,2,0,0,1,2017, December, Monday,13.80,56, Dry, Y, Daylight, Right Angle, Minor Injury, N, N
AUS,4,0,0,0,2017, January, Sunday,13.80,60, Dry, N, Daylight, Rear End, Not Injured, N, N
AUS,2,0,0,2,2017, January, Friday,13.80,60, Dry, N, Daylight, Rear End, Minor Injury, N, N
AUS,2,0,0,0,2017, January, Wednesday,13.80,60, Dry, N, Daylight, Hit Fixed Object, Not Injured, N, N
AUS,3,0,0,0,2017, February, Thursday,13.80,60, Dry, N, Daylight, Rear End, Not Injured, N, N
AUS,2,0,0,1,2017, February, Sunday,13.80,60, Dry, N, Daylight, Rear End, Minor Injury, N, N
AUS,2,0,0,1,2017, January, Saturday,13.80,60, Dry, N, Daylight, Rear End, Minor Injury, N, N
AUS,2,0,0,1,2017, March, Friday,13.80,60, Dry, N, Daylight, Side Swipe, Minor Injury, N, N
AUS,2,0,0,0,2017, April, Thursday,13.80,60, Dry, N, Daylight, Side Swipe, Not Injured, N, N
AUS,2,0,0,3,2017, April, Saturday,13.80,60, Dry, N, Daylight, Side Swipe, Minor Injury, N, N