Nation,Total Units,Total Fatalities,Total Serious Injuries,Total Minor Injuries,Year,Month,Day,Time,Speed Limit,Moisture,Adverse Weather Conditions,DayNight,Crash Type,Crash Severity,Alcohol Related ,Drug Related
AUS,4,0,0,0,2017, July, Saturday,14.30,60, Dry, N, Daylight, Side Swipe, Not Injured, N, N
AUS,2,0,0,0,2017, July, Monday,14.30,60, Dry, N, Daylight, Rear End, Not Injured, N, N
AUS,2,0,0,1,2017, July, Wednesday,14.30,60, Dry, N, Daylight, Hit Pedestrian, Minor Injury, N, N
AUS,2,0,0,0,2017, August, Wednesday,14.30,60, Dry, N, Daylight, Rear End, Not Injured, N, N
AUS,2,0,0,0,2017, August, Monday,14.30,60, Dry, N, Daylight, Hit Fixed Object, Not Injured, N, N
AUS,2,0,0,0,2017, August, Tuesday,14.30,60, Wet, Y, Daylight, Right Angle, Not Injured, N, N
AUS,3,0,0,1,2017, August, Thursday,14.30,60, Dry, N, Daylight, Rear End, Minor Injury, N, N
AUS,2,0,0,1,2017, August, Monday,14.30,60, Dry, N, Daylight, Rear End, Minor Injury, N, N
AUS,2,0,0,0,2017, September, Monday,14.30,60, Dry, N, Daylight, Rear End, Not Injured, N, N
AUS,2,0,0,1,2017, September, Thursday,14.30,60, Dry, N, Daylight, Hit Fixed Object, Minor Injury, N, N
AUS,2,0,0,1,2017, September, Tuesday,14.30,60, Dry, N, Daylight, Rear End, Minor Injury, N, N
AUS,2,0,0,0,2017, September, Saturday,14.30,60, Dry, N, Daylight, Rear End, Not Injured, N, N
AUS,2,0,0,2,2017, September, Friday,14.30,60, Dry, N, Daylight, Rear End, Minor Injury, N, N
AUS,2,0,0,0,2017, October, Tuesday,14.30,60, Dry, N, Daylight, Rear End, Not Injured, N, N
AUS,2,0,0,0,2017, October, Thursday,14.30,60, Dry, N, Daylight, Side Swipe, Not Injured, N, N
AUS,2,0,0,0,2017, October, Tuesday,14.30,60, Dry, N, Daylight, Side Swipe, Not Injured, N, N
AUS,2,0,0,0,2017, October, Wednesday,14.30,60, Wet, Y, Daylight, Rear End, Not Injured, N, N
AUS,2,0,0,0,2017, October, Tuesday,14.30,60, Wet, Y, Daylight, Rear End, Not Injured, N, N
AUS,2,0,0,0,2017, October, Tuesday,14.30,60, Wet, N, Daylight, Side Swipe, Not Injured, N, N
AUS,2,0,0,0,2017, October, Monday,14.30,60, Dry, N, Daylight, Right Angle, Not Injured, N, N
AUS,2,0,0,0,2017, November, Monday,14.30,60, Dry, N, Daylight, Right Angle, Not Injured, N, N
AUS,2,0,0,0,2017, November, Tuesday,14.30,60, Dry, N, Daylight, Right Angle, Not Injured, N, N
AUS,2,0,0,0,2017, November, Friday,14.30,60, Dry, N, Daylight, Rear End, Not Injured, N, N
AUS,2,0,0,0,2017, November, Wednesday,14.30,60, Dry, N, Daylight, Rear End, Not Injured, N, N
AUS,2,0,0,0,2017, November, Thursday,14.30,60, Wet, Y, Daylight, Side Swipe, Not Injured, N, N
AUS,2,0,0,0,2017, November, Friday,14.30,60, Dry, N, Daylight, Side Swipe, Not Injured, N, N
AUS,2,0,0,1,2017, November, Saturday,14.30,60, Dry, N, Daylight, Side Swipe, Minor Injury, N, N
AUS,2,0,0,1,2017, November, Wednesday,14.30,60, Dry, N, Daylight, Head On, Minor Injury, N, N
AUS,2,0,0,1,2017, December, Saturday,14.30,60, Dry, N, Daylight, Right Angle, Minor Injury, N, N
AUS,2,0,0,0,2017, December, Sunday,14.30,60, Dry, N, Daylight, Rear End, Not Injured, N, N
AUS,2,0,0,0,2017, December, Thursday,14.30,60, Wet, N, Daylight, Rear End, Not Injured, N, N
AUS,2,0,0,0,2017, December, Thursday,14.30,60, Wet, Y, Daylight, Rear End, Not Injured, N, N
AUS,2,0,0,1,2017, December, Friday,14.30,60, Dry, N, Daylight, Rear End, Minor Injury, N, N
AUS,2,0,0,0,2017, December, Friday,14.30,60, Dry, N, Daylight, Side Swipe, Not Injured, N, N
AUS,2,0,0,1,2017, December, Monday,14.30,60, Dry, N, Daylight, Hit Pedestrian, Minor Injury, N, N
AUS,4,0,0,1,2017, December, Tuesday,14.30,60, Dry, N, Daylight, Rear End, Minor Injury, N, N
AUS,2,0,0,0,2017, December, Wednesday,14.30,60, Dry, N, Daylight, Side Swipe, Not Injured, N, N
AUS,2,0,0,0,2017, December, Thursday,14.30,60, Dry, N, Daylight, Hit Fixed Object, Not Injured, N, N
US,2,0,0,0,2017, March, Wednesday,14.30,64, Dry, N, Daylight, Rear End, Not Injured, N, N
US,3,0,0,3,2017, April, Saturday,14.30,64, Dry, N, Daylight, Rear End, Minor Injury, N, N
US,2,0,0,1,2017, April, Wednesday,14.30,64, Dry, N, Daylight, Right Angle, Minor Injury, N, N
US,3,0,0,0,2017, May, Saturday,14.30,64, Wet, Y, Daylight, Head On, Minor Injury, N, N
US,3,0,0,0,2017, May, Friday,14.30,64, Dry, N, Daylight, Rear End, Not Injured, N, N
US,2,0,0,0,2017, June, Wednesday,14.30,64, Wet, Y, Daylight, Right Angle, Minor Injury, N, N
US,3,0,0,1,2017, July, Thursday,14.30,64, Dry, N, Daylight, Rear End, Minor Injury, N, N
US,2,0,0,0,2017, July, Saturday,14.30,64, Dry, N, Daylight, Right Angle, Minor Injury, N, N
US,3,0,0,1,2017, August, Wednesday,14.30,64, Dry, N, Daylight, Side Swipe, Minor Injury, N, N
AUS,2,0,0,0,2017, April, Tuesday,14.30,70, Dry, N, Daylight, Side Swipe, Not Injured, N, N
AUS,2,0,0,1,2017, August, Thursday,14.30,70, Dry, N, Daylight, Rear End, Minor Injury, N, N
AUS,2,0,0,0,2017, October, Tuesday,14.30,70, Dry, N, Daylight, Side Swipe, Not Injured, N, N
US,3,0,0,1,2017, November, Wednesday,14.30,72, Dry, N, Daylight, Head On, Minor Injury, N, N
AUS,2,0,0,0,2017, April, Thursday,14.30,80, Wet, Y, Daylight, Hit Fixed Object, Not Injured, N, N
AUS,2,0,0,1,2017, April, Wednesday,14.30,80, Dry, N, Daylight, Hit Fixed Object, Minor Injury, N, N
AUS,2,0,0,0,2017, June, Wednesday,14.30,80, Dry, N, Daylight, Rear End, Not Injured, N, N
AUS,2,0,0,0,2017, June, Wednesday,14.30,80, Wet, Y, Daylight, Hit Fixed Object, Not Injured, N, N
AUS,2,0,0,0,2017, July, Sunday,14.30,80, Dry, N, Daylight, Rear End, Not Injured, N, N
AUS,2,0,0,0,2017, July, Saturday,14.30,80, Dry, N, Daylight, Rear End, Not Injured, N, N
AUS,2,0,0,0,2017, August, Sunday,14.30,80, Dry, N, Daylight, Hit Fixed Object, Not Injured, N, N
AUS,2,0,0,1,2017, September, Monday,14.30,80, Wet, Y, Daylight, Hit Fixed Object, Minor Injury, N, N
AUS,2,0,0,0,2017, October, Wednesday,14.30,80, Wet, Y, Daylight, Hit Fixed Object, Not Injured, N, N
AUS,2,0,1,0,2017, October, Friday,14.30,80, Dry, N, Daylight, Hit Fixed Object, Major Injury, N, N
AUS,2,0,0,0,2017, December, Friday,14.30,80, Dry, N, Daylight, Hit Fixed Object, Not Injured, N, N
US,3,0,0,1,2017, December, Friday,14.30,80, Dry, N, Daylight, Rear End, Minor Injury, N, N
US,3,0,0,0,2017, March, Thursday,14.30,89, Dry, N, Daylight, Rear End, Not Injured, N, N
US,2,0,0,0,2017, March, Friday,14.30,89, Wet, Y, Daylight, Side Swipe, Not Injured, N, N
US,3,0,0,0,2017, April, Tuesday,14.30,89, Dry, N, Daylight, Rear End, Not Injured, N, N
US,2,0,0,0,2017, August, Monday,14.30,89, Dry, N, Daylight, Hit Pedestrian, Minor Injury, N, N
US,3,0,0,0,2017, September, Sunday,14.30,89, Dry, N, Daylight, Rear End, Not Injured, N, N
US,3,0,0,8,2017, November, Friday,14.30,89, Dry, N, Daylight, Rear End, Minor Injury, N, N
AUS,2,0,0,0,2017, June, Friday,14.30,90, Dry, N, Daylight, Rear End, Not Injured, N, N
AUS,2,0,0,0,2017, August, Tuesday,14.30,90, Wet, Y, Daylight, Rear End, Not Injured, N, N
AUS,2,0,0,0,2017, January, Thursday,14.30,100, Dry, N, Daylight, Rear End, Not Injured, N, N
AUS,2,0,1,0,2017, January, Sunday,14.30,100, Dry, N, Daylight, Rear End, Major Injury, N, N
AUS,2,0,0,0,2017, January, Saturday,14.30,100, Dry, N, Daylight, Hit Fixed Object, Not Injured, N, N
AUS,2,0,0,2,2017, May, Saturday,14.30,100, Dry, N, Daylight, Head On, Minor Injury, N, N
AUS,2,0,0,0,2017, May, Monday,14.30,100, Wet, Y, Daylight, Rear End, Not Injured, N, N
AUS,2,0,0,1,2017, June, Friday,14.30,100, Dry, N, Daylight, Side Swipe, Minor Injury, N, N
AUS,2,0,0,0,2017, August, Wednesday,14.30,100, Dry, N, Daylight, Hit Fixed Object, Not Injured, N, N
US,2,0,0,0,2017, February, Friday,14.30,105, Dry, N, Daylight, Rear End, Not Injured, N, N
AUS,2,0,0,1,2017, May, Wednesday,14.30,110, Dry, N, Daylight, Side Swipe, Minor Injury, N, N
AUS,2,0,0,1,2017, October, Sunday,14.30,110, Dry, N, Daylight, Side Swipe, Minor Injury, N, N
AUS,2,0,0,3,2017, December, Friday,14.30,110, Dry, N, Daylight, Right Angle, Minor Injury, N, N
US,2,0,0,1,2017, May, Friday,14.50,24, Dry, N, Daylight, Right Angle, Minor Injury, N, N
US,2,0,0,0,2017, August, Wednesday,14.50,24, Dry, N, Daylight, Rear End, Not Injured, N, N
US,3,0,0,0,2017, August, Thursday,14.50,24, Dry, N, Daylight, Rear End, Not Injured, N, N
US,2,0,0,0,2017, December, Tuesday,14.50,32, Dry, Y, Daylight, Rear End, Minor Injury, N, N
AUS,2,0,0,0,2017, June, Friday,14.50,40, Dry, N, Daylight, Right Angle, Not Injured, N, N
AUS,2,0,0,0,2017, December, Thursday,14.50,40, Dry, N, Daylight, Rear End, Not Injured, N, N
US,3,0,0,0,2017, January, Friday,14.50,40, Dry, N, Daylight, Rear End, Not Injured, Y, N
US,2,0,0,1,2017, January, Thursday,14.50,40, Wet, Y, Daylight, Right Angle, Minor Injury, N, N
US,2,0,0,0,2017, January, Sunday,14.50,40, Dry, N, Daylight, Right Angle, Not Injured, N, N
US,2,0,0,0,2017, February, Saturday,14.50,40, Dry, N, Daylight, Rear End, Not Injured, N, N
US,3,0,0,0,2017, February, Wednesday,14.50,40, Dry, N, Daylight, Rear End, Not Injured, N, N
US,2,0,0,0,2017, February, Friday,14.50,40, Dry, N, Daylight, Rear End, Minor Injury, N, N
US,2,0,0,1,2017, March, Friday,14.50,40, Dry, N, Daylight, Head On, Minor Injury, N, N
US,2,0,0,0,2017, March, Thursday,14.50,40, Dry, N, Daylight, Side Swipe, Not Injured, N, N
US,2,0,0,0,2017, March, Wednesday,14.50,40, Dry, N, Daylight, Right Angle, Not Injured, N, N
US,2,0,0,0,2017, April, Sunday,14.50,40, Dry, N, Daylight, Right Angle, Minor Injury, N, N
US,3,0,0,0,2017, April, Sunday,14.50,40, Dry, N, Daylight, Side Swipe, Minor Injury, N, Y
US,2,0,0,0,2017, March, Friday,14.50,40, Wet, Y, Daylight, Side Swipe, Minor Injury, N, N
US,2,0,0,0,2017, April, Sunday,14.50,40, Dry, N, Daylight, Right Angle, Not Injured, N, N
US,2,0,1,0,2017, April, Tuesday,14.50,40, Dry, N, Daylight, Head On, Major Injury, N, N
US,3,0,0,0,2017, April, Thursday,14.50,40, Dry, N, Daylight, Right Angle, Not Injured, N, N
US,2,0,0,0,2017, May, Wednesday,14.50,40, Dry, N, Daylight, Rear End, Not Injured, N, N
US,4,0,0,0,2017, June, Wednesday,14.50,40, Dry, N, Daylight, Rear End, Not Injured, N, N
US,2,0,0,0,2017, June, Thursday,14.50,40, Dry, N, Daylight, Rear End, Not Injured, N, N
US,2,0,0,3,2017, June, Wednesday,14.50,40, Dry, N, Daylight, Right Angle, Minor Injury, N, N
US,2,0,2,0,2017, June, Saturday,14.50,40, Dry, N, Daylight, Head On, Major Injury, N, N
US,2,0,0,0,2017, June, Monday,14.50,40, Dry, N, Daylight, Right Angle, Not Injured, N, N
US,2,0,0,1,2017, July, Tuesday,14.50,40, Dry, N, Daylight, Right Angle, Minor Injury, N, N
US,2,0,1,0,2017, July, Monday,14.50,40, Dry, N, Daylight, Right Angle, Major Injury, N, N
US,2,0,0,0,2017, August, Wednesday,14.50,40, Dry, N, Daylight, Right Angle, Not Injured, N, N
US,2,0,1,0,2017, August, Wednesday,14.50,40, Dry, N, Daylight, Hit Pedestrian, Major Injury, N, N
US,2,0,0,0,2017, August, Friday,14.50,40, Dry, N, Daylight, Rear End, Not Injured, N, N
US,2,0,0,0,2017, August, Tuesday,14.50,40, Dry, N, Daylight, Right Angle, Not Injured, N, N
US,2,0,0,0,2017, August, Tuesday,14.50,40, Wet, Y, Daylight, Right Angle, Minor Injury, N, N
US,2,0,0,0,2017, August, Thursday,14.50,40, Dry, N, Daylight, Right Angle, Not Injured, N, N
US,2,0,0,0,2017, September, Friday,14.50,40, Dry, N, Daylight, Rear End, Minor Injury, N, N
US,2,0,0,0,2017, September, Wednesday,14.50,40, Dry, N, Daylight, Rear End, Minor Injury, N, N
US,2,0,0,1,2017, September, Tuesday,14.50,40, Dry, N, Daylight, Right Angle, Minor Injury, N, N
US,2,0,0,0,2017, October, Saturday,14.50,40, Wet, Y, Daylight, Rear End, Not Injured, N, N
US,2,0,0,0,2017, November, Wednesday,14.50,40, Dry, N, Daylight, Rear End, Not Injured, N, N
US,2,0,0,0,2017, November, Wednesday,14.50,40, Dry, N, Daylight, Head On, Not Injured, N, N
US,2,0,0,0,2017, June, Monday,14.50,48, Dry, N, Daylight, Right Angle, Not Injured, N, N
AUS,2,0,0,1,2017, January, Tuesday,14.50,50, Dry, N, Daylight, Hit Fixed Object, Minor Injury, N, N
AUS,2,0,0,0,2017, January, Saturday,14.50,50, Dry, N, Daylight, Hit Fixed Object, Not Injured, N, N
AUS,2,0,0,1,2017, February, Wednesday,14.50,50, Dry, N, Daylight, Hit Pedestrian, Minor Injury, N, N
AUS,2,0,1,0,2017, March, Thursday,14.50,50, Dry, N, Daylight, Hit Fixed Object, Major Injury, N, N
AUS,2,0,0,0,2017, April, Tuesday,14.50,50, Dry, N, Daylight, Side Swipe, Not Injured, N, N
AUS,2,0,0,1,2017, April, Monday,14.50,50, Dry, N, Daylight, Hit Pedestrian, Minor Injury, N, N
AUS,2,0,0,0,2017, April, Friday,14.50,50, Dry, N, Daylight, Hit Fixed Object, Not Injured, N, N
AUS,2,0,0,0,2017, May, Wednesday,14.50,50, Dry, N, Daylight, Right Angle, Not Injured, N, N
AUS,2,0,0,1,2017, May, Monday,14.50,50, Dry, N, Daylight, Right Angle, Minor Injury, N, N
AUS,2,0,0,0,2017, May, Saturday,14.50,50, Dry, N, Daylight, Right Angle, Not Injured, N, N
AUS,2,0,0,0,2017, May, Saturday,14.50,50, Dry, N, Daylight, Hit Fixed Object, Not Injured, N, N
AUS,2,0,0,0,2017, June, Monday,14.50,50, Dry, N, Daylight, Rear End, Not Injured, N, N
AUS,2,0,0,1,2017, June, Tuesday,14.50,50, Dry, N, Daylight, Hit Fixed Object, Minor Injury, N, Y
AUS,2,0,0,1,2017, June, Sunday,14.50,50, Dry, N, Daylight, Head On, Minor Injury, N, N
AUS,2,0,0,0,2017, June, Monday,14.50,50, Dry, N, Daylight, Rear End, Not Injured, N, N
AUS,2,0,0,0,2017, June, Wednesday,14.50,50, Wet, N, Daylight, Rear End, Not Injured, N, N
AUS,2,0,0,0,2017, July, Sunday,14.50,50, Dry, N, Daylight, Hit Pedestrian, Not Injured, N, N
AUS,2,0,0,0,2017, July, Thursday,14.50,50, Wet, Y, Daylight, Hit Fixed Object, Not Injured, N, N
AUS,2,0,0,0,2017, August, Sunday,14.50,50, Dry, N, Daylight, Head On, Not Injured, N, N
AUS,2,0,0,0,2017, August, Saturday,14.50,50, Dry, N, Daylight, Right Angle, Not Injured, N, N
AUS,2,0,0,1,2017, September, Friday,14.50,50, Dry, N, Daylight, Hit Pedestrian, Minor Injury, N, N
AUS,2,0,0,0,2017, October, Friday,14.50,50, Dry, N, Daylight, Rear End, Not Injured, N, N
AUS,2,0,0,1,2017, October, Tuesday,14.50,50, Wet, Y, Daylight, Right Angle, Minor Injury, N, N
AUS,2,0,0,0,2017, October, Monday,14.50,50, Dry, N, Daylight, Hit Fixed Object, Not Injured, N, N
AUS,2,0,0,1,2017, November, Sunday,14.50,50, Dry, N, Daylight, Right Angle, Minor Injury, N, N
AUS,3,0,0,0,2017, November, Thursday,14.50,50, Dry, N, Daylight, Hit Fixed Object, Not Injured, N, N
AUS,2,0,0,0,2017, December, Friday,14.50,50, Dry, N, Daylight, Right Angle, Not Injured, N, N
AUS,2,0,0,1,2017, December, Thursday,14.50,50, Wet, N, Daylight, Rear End, Minor Injury, N, N
AUS,2,0,0,0,2017, December, Saturday,14.50,50, Dry, N, Daylight, Side Swipe, Not Injured, N, N
AUS,2,0,0,0,2017, December, Sunday,14.50,50, Dry, N, Daylight, Rear End, Not Injured, N, N
AUS,2,0,0,1,2017, December, Tuesday,14.50,50, Dry, N, Daylight, Side Swipe, Minor Injury, N, N
AUS,2,0,0,1,2017, December, Saturday,14.50,50, Dry, N, Daylight, Hit Pedestrian, Minor Injury, N, N
AUS,2,0,0,0,2017, December, Sunday,14.50,50, Dry, N, Daylight, Right Angle, Not Injured, N, N
US,2,0,2,1,2017, January, Friday,14.50,56, Dry, N, Daylight, Head On, Major Injury, N, N
US,2,0,0,0,2017, January, Thursday,14.50,56, Dry, N, Daylight, Right Angle, Not Injured, N, N
US,2,0,0,0,2017, February, Thursday,14.50,56, Dry, N, Daylight, Right Angle, Not Injured, N, N
US,2,0,0,0,2017, February, Tuesday,14.50,56, Dry, N, Daylight, Side Swipe, Not Injured, N, N
US,2,0,0,0,2017, April, Friday,14.50,56, Dry, Y, Daylight, Head On, Not Injured, N, N
US,2,0,0,0,2017, May, Friday,14.50,56, Dry, N, Daylight, Side Swipe, Not Injured, N, N
US,3,0,0,1,2017, May, Sunday,14.50,56, Dry, N, Daylight, Right Angle, Minor Injury, N, N
US,2,0,0,0,2017, May, Thursday,14.50,56, Dry, N, Daylight, Rear End, Not Injured, N, N
US,2,0,0,0,2017, May, Saturday,14.50,56, Dry, N, Daylight, Rear End, Not Injured, N, N
US,2,0,0,0,2017, June, Wednesday,14.50,56, Dry, N, Daylight, Right Angle, Not Injured, N, N
US,2,0,1,1,2017, June, Saturday,14.50,56, Dry, N, Daylight, Head On, Major Injury, Y, N
US,3,0,0,3,2017, June, Wednesday,14.50,56, Dry, N, Daylight, Rear End, Minor Injury, N, N
US,2,0,0,0,2017, July, Tuesday,14.50,56, Dry, N, Daylight, Head On, Not Injured, N, N
US,2,0,0,0,2017, October, Monday,14.50,56, Dry, N, Daylight, Side Swipe, Not Injured, N, N
US,2,0,0,2,2017, November, Sunday,14.50,56, Dry, N, Daylight, Rear End, Minor Injury, N, N
US,2,0,0,0,2017, November, Saturday,14.50,56, Dry, N, Daylight, Right Angle, Not Injured, N, N
US,2,0,0,0,2017, November, Saturday,14.50,56, Dry, N, Daylight, Rear End, Minor Injury, N, N
AUS,2,0,0,0,2017, January, Monday,14.50,60, Dry, N, Daylight, Rear End, Not Injured, N, N
AUS,3,0,0,0,2017, January, Tuesday,14.50,60, Dry, N, Daylight, Rear End, Not Injured, N, N
AUS,2,0,0,0,2017, January, Saturday,14.50,60, Dry, N, Daylight, Side Swipe, Not Injured, N, N
AUS,2,0,0,0,2017, January, Thursday,14.50,60, Dry, N, Daylight, Right Angle, Not Injured, N, N
AUS,2,0,0,0,2017, January, Friday,14.50,60, Dry, N, Daylight, Hit Fixed Object, Not Injured, N, N
AUS,2,0,0,0,2017, February, Wednesday,14.50,60, Dry, N, Daylight, Right Angle, Not Injured, N, N
AUS,2,0,0,0,2017, February, Thursday,14.50,60, Dry, N, Daylight, Rear End, Not Injured, N, N
AUS,2,0,0,0,2017, February, Tuesday,14.50,60, Dry, N, Daylight, Right Angle, Not Injured, N, N
AUS,2,0,0,2,2017, February, Tuesday,14.50,60, Dry, N, Daylight, Right Angle, Minor Injury, N, N
AUS,2,0,0,0,2017, February, Wednesday,14.50,60, Dry, N, Daylight, Rear End, Not Injured, N, N
AUS,2,0,0,0,2017, February, Thursday,14.50,60, Dry, N, Daylight, Side Swipe, Not Injured, N, N
AUS,2,0,0,0,2017, February, Tuesday,14.50,60, Dry, N, Daylight, Side Swipe, Not Injured, N, N
AUS,2,0,0,0,2017, March, Thursday,14.50,60, Dry, N, Daylight, Side Swipe, Not Injured, N, N
AUS,2,0,0,2,2017, March, Friday,14.50,60, Dry, N, Daylight, Right Angle, Minor Injury, N, N
AUS,3,0,0,1,2017, March, Saturday,14.50,60, Dry, N, Daylight, Rear End, Minor Injury, N, N
AUS,2,0,0,0,2017, March, Sunday,14.50,60, Dry, N, Daylight, Rear End, Not Injured, N, N
AUS,2,0,0,1,2017, March, Tuesday,14.50,60, Dry, N, Daylight, Rear End, Minor Injury, N, N
AUS,2,0,0,0,2017, March, Wednesday,14.50,60, Wet, Y, Daylight, Side Swipe, Not Injured, N, N
AUS,2,0,0,1,2017, March, Friday,14.50,60, Dry, N, Daylight, Hit Pedestrian, Minor Injury, N, N
AUS,2,0,0,0,2017, March, Friday,14.50,60, Dry, N, Daylight, Right Angle, Not Injured, N, N
AUS,2,0,1,0,2017, April, Monday,14.50,60, Wet, Y, Daylight, Hit Fixed Object, Major Injury, N, N
AUS,3,0,0,0,2017, April, Friday,14.50,60, Wet, N, Daylight, Rear End, Not Injured, N, N
AUS,2,0,0,0,2017, May, Monday,14.50,60, Dry, N, Daylight, Rear End, Not Injured, N, N
AUS,2,0,0,0,2017, May, Friday,14.50,60, Dry, N, Daylight, Hit Fixed Object, Not Injured, N, N
AUS,2,0,0,1,2017, May, Friday,14.50,60, Dry, N, Daylight, Rear End, Minor Injury, N, N
AUS,4,0,0,1,2017, May, Saturday,14.50,60, Dry, N, Daylight, Rear End, Minor Injury, N, N
AUS,2,0,0,0,2017, May, Monday,14.50,60, Dry, N, Daylight, Rear End, Not Injured, N, N
AUS,3,0,0,0,2017, May, Friday,14.50,60, Dry, N, Daylight, Side Swipe, Not Injured, N, N
AUS,2,0,0,0,2017, May, Wednesday,14.50,60, Dry, N, Daylight, Right Angle, Not Injured, N, N
AUS,3,0,0,0,2017, May, Wednesday,14.50,60, Wet, Y, Daylight, Rear End, Not Injured, N, N
AUS,2,0,0,0,2017, May, Thursday,14.50,60, Wet, N, Daylight, Hit Fixed Object, Not Injured, N, N
AUS,2,0,0,0,2017, May, Wednesday,14.50,60, Dry, N, Daylight, Right Angle, Not Injured, N, N
AUS,3,1,0,1,2017, May, Sunday,14.50,60, Dry, N, Daylight, Side Swipe, Fatal, N, Y
AUS,2,0,0,0,2017, May, Wednesday,14.50,60, Dry, N, Daylight, Rear End, Not Injured, N, N
AUS,2,0,0,1,2017, June, Saturday,14.50,60, Dry, N, Daylight, Rear End, Minor Injury, N, N
AUS,4,0,0,2,2017, June, Saturday,14.50,60, Dry, N, Daylight, Rear End, Minor Injury, N, N
AUS,2,0,0,1,2017, June, Tuesday,14.50,60, Dry, N, Daylight, Rear End, Minor Injury, N, N
AUS,2,0,0,0,2017, June, Monday,14.50,60, Dry, N, Daylight, Side Swipe, Not Injured, N, N
AUS,2,0,0,0,2017, June, Wednesday,14.50,60, Dry, N, Daylight, Right Angle, Not Injured, N, N
AUS,2,0,0,0,2017, June, Friday,14.50,60, Dry, N, Daylight, Rear End, Not Injured, N, N
AUS,2,0,0,1,2017, June, Monday,14.50,60, Dry, N, Daylight, Rear End, Minor Injury, N, N
AUS,2,0,0,1,2017, May, Saturday,14.50,60, Dry, N, Daylight, Right Angle, Minor Injury, N, N
AUS,2,0,0,0,2017, July, Sunday,14.50,60, Dry, N, Daylight, Rear End, Not Injured, N, N
AUS,3,0,0,1,2017, July, Sunday,14.50,60, Dry, N, Daylight, Rear End, Minor Injury, N, N
AUS,3,0,2,1,2017, July, Thursday,14.50,60, Wet, Y, Daylight, Head On, Major Injury, N, N
AUS,2,0,0,0,2017, July, Tuesday,14.50,60, Dry, N, Daylight, Side Swipe, Not Injured, N, N
AUS,2,0,0,0,2017, July, Friday,14.50,60, Dry, N, Daylight, Side Swipe, Not Injured, N, N
AUS,2,0,0,0,2017, July, Sunday,14.50,60, Dry, N, Daylight, Right Angle, Not Injured, N, N
AUS,2,0,0,1,2017, July, Monday,14.50,60, Wet, Y, Daylight, Rear End, Minor Injury, N, N
AUS,2,0,0,1,2017, August, Thursday,14.50,60, Wet, Y, Daylight, Rear End, Minor Injury, N, N
AUS,2,0,0,0,2017, August, Friday,14.50,60, Dry, N, Daylight, Rear End, Not Injured, N, N
AUS,3,0,0,2,2017, September, Sunday,14.50,60, Dry, N, Daylight, Rear End, Minor Injury, N, N
AUS,4,0,0,0,2017, September, Tuesday,14.50,60, Dry, N, Daylight, Rear End, Not Injured, N, N
AUS,2,0,0,0,2017, September, Tuesday,14.50,60, Dry, N, Daylight, Right Angle, Not Injured, N, N
AUS,2,0,0,1,2017, October, Friday,14.50,60, Dry, N, Daylight, Side Swipe, Minor Injury, N, N
AUS,2,0,0,0,2017, October, Saturday,14.50,60, Dry, N, Daylight, Right Angle, Not Injured, N, N
AUS,2,0,0,0,2017, October, Wednesday,14.50,60, Dry, N, Daylight, Right Angle, Not Injured, N, N
AUS,2,0,0,0,2017, October, Monday,14.50,60, Dry, N, Daylight, Head On, Not Injured, N, N
AUS,2,0,0,0,2017, October, Wednesday,14.50,60, Dry, N, Daylight, Side Swipe, Not Injured, N, N
AUS,2,0,0,1,2017, November, Wednesday,14.50,60, Dry, N, Daylight, Rear End, Minor Injury, N, N
AUS,2,0,0,1,2017, November, Wednesday,14.50,60, Dry, N, Daylight, Rear End, Minor Injury, N, N
AUS,2,0,0,0,2017, November, Friday,14.50,60, Dry, N, Daylight, Side Swipe, Not Injured, N, N
AUS,2,0,0,0,2017, November, Wednesday,14.50,60, Dry, N, Daylight, Side Swipe, Not Injured, N, N
AUS,2,0,0,0,2017, November, Saturday,14.50,60, Dry, N, Daylight, Rear End, Not Injured, N, N
AUS,2,0,0,1,2017, November, Wednesday,14.50,60, Dry, N, Daylight, Right Angle, Minor Injury, N, N
AUS,2,0,0,1,2017, December, Saturday,14.50,60, Dry, N, Daylight, Rear End, Minor Injury, N, N
AUS,2,0,0,0,2017, December, Monday,14.50,60, Dry, N, Daylight, Right Angle, Not Injured, N, N
AUS,2,0,0,0,2017, December, Tuesday,14.50,60, Dry, N, Daylight, Right Angle, Not Injured, N, N
AUS,2,0,0,0,2017, December, Friday,14.50,60, Dry, N, Daylight, Rear End, Not Injured, N, N
AUS,4,0,0,0,2017, December, Monday,14.50,60, Dry, N, Daylight, Rear End, Not Injured, N, N
AUS,8,0,0,5,2017, December, Monday,14.50,60, Dry, N, Daylight, Right Angle, Minor Injury, N, N
AUS,3,0,0,1,2017, December, Tuesday,14.50,60, Dry, N, Daylight, Rear End, Minor Injury, N, N
US,2,0,0,0,2017, April, Sunday,14.50,64, Dry, N, Daylight, Right Angle, Not Injured, N, N
US,2,0,0,0,2017, June, Saturday,14.50,64, Dry, N, Daylight, Right Angle, Minor Injury, N, N
US,2,0,0,0,2017, August, Tuesday,14.50,64, Dry, N, Daylight, Right Angle, Not Injured, N, N
US,2,0,0,0,2017, September, Saturday,14.50,64, Dry, N, Daylight, Rear End, Not Injured, N, N
US,2,0,0,0,2017, December, Friday,14.50,64, Dry, N, Daylight, Rear End, Minor Injury, N, N
AUS,2,0,0,0,2017, May, Thursday,14.50,70, Dry, N, Daylight, Right Angle, Not Injured, N, N
AUS,2,0,0,0,2017, December, Thursday,14.50,70, Dry, N, Daylight, Rear End, Not Injured, N, N