Nation,Total Units,Total Fatalities,Total Serious Injuries,Total Minor Injuries,Year,Month,Day,Time,Speed Limit,Moisture,Adverse Weather Conditions,DayNight,Crash Type,Crash Severity,Alcohol Related ,Drug Related
AUS,2,0,0,1,2017, March, Wednesday,14.80,50, Dry, N, Daylight, Rear End, Minor Injury, N, N
AUS,2,0,0,0,2017, March, Friday,14.80,50, Dry, N, Daylight, Right Angle, Not Injured, N, N
AUS,2,0,0,0,2017, April, Sunday,14.80,50, Dry, N, Daylight, Hit Fixed Object, Not Injured, N, N
AUS,2,0,0,0,2017, April, Sunday,14.80,50, Dry, N, Daylight, Hit Fixed Object, Not Injured, N, N
AUS,2,0,0,1,2017, May, Monday,14.80,50, Dry, N, Daylight, Side Swipe, Minor Injury, N, N
AUS,2,0,0,0,2017, May, Monday,14.80,50, Dry, N, Daylight, Rear End, Not Injured, N, N
AUS,2,0,0,0,2017, May, Wednesday,14.80,50, Dry, N, Daylight, Hit Fixed Object, Not Injured, N, N
AUS,2,0,0,0,2017, May, Thursday,14.80,50, Dry, N, Daylight, Right Angle, Not Injured, N, N
AUS,2,0,0,1,2017, May, Monday,14.80,50, Dry, N, Daylight, Right Angle, Minor Injury, N, N
AUS,2,0,0,1,2017, May, Thursday,14.80,50, Dry, N, Daylight, Right Angle, Minor Injury, N, N
AUS,2,0,0,0,2017, June, Saturday,14.80,50, Dry, N, Daylight, Right Angle, Not Injured, N, N
AUS,2,0,0,0,2017, June, Tuesday,14.80,50, Dry, N, Daylight, Side Swipe, Not Injured, N, N
AUS,3,0,0,0,2017, June, Friday,14.80,50, Dry, N, Daylight, Hit Pedestrian, Not Injured, N, N
AUS,2,0,0,0,2017, July, Thursday,14.80,50, Dry, N, Daylight, Right Angle, Not Injured, N, N
AUS,3,0,0,0,2017, July, Wednesday,14.80,50, Dry, N, Daylight, Rear End, Not Injured, N, N
AUS,2,0,0,0,2017, August, Saturday,14.80,50, Dry, N, Daylight, Right Angle, Not Injured, N, N
AUS,2,0,0,0,2017, September, Tuesday,14.80,50, Dry, N, Daylight, Right Angle, Not Injured, N, N
AUS,2,0,0,5,2017, September, Sunday,14.80,50, Dry, N, Daylight, Head On, Minor Injury, N, N
AUS,2,0,0,0,2017, September, Tuesday,14.80,50, Dry, N, Daylight, Side Swipe, Not Injured, N, N
AUS,2,0,0,0,2017, October, Tuesday,14.80,50, Dry, N, Daylight, Side Swipe, Not Injured, N, N
AUS,2,0,0,0,2017, October, Tuesday,14.80,50, Dry, N, Daylight, Hit Fixed Object, Not Injured, N, Y
AUS,2,0,0,0,2017, November, Wednesday,14.80,50, Dry, N, Daylight, Side Swipe, Not Injured, N, N
AUS,2,0,0,1,2017, December, Sunday,14.80,50, Dry, N, Daylight, Hit Fixed Object, Minor Injury, N, N
AUS,2,0,0,0,2017, December, Tuesday,14.80,50, Dry, N, Daylight, Rear End, Not Injured, N, N
AUS,2,0,0,0,2017, December, Friday,14.80,50, Dry, N, Daylight, Side Swipe, Not Injured, N, N
US,2,0,0,0,2017, January, Saturday,14.80,56, Dry, N, Daylight, Rear End, Not Injured, Y, N
US,2,0,0,2,2017, January, Wednesday,14.80,56, Dry, N, Daylight, Right Angle, Minor Injury, N, N
US,2,0,0,0,2017, January, Friday,14.80,56, Dry, N, Daylight, Head On, Not Injured, N, N
US,2,0,0,0,2017, January, Monday,14.80,56, Wet, N, Daylight, Head On, Not Injured, N, N
US,3,0,0,2,2017, February, Saturday,14.80,56, Dry, N, Daylight, Right Angle, Minor Injury, N, N
US,2,0,0,0,2017, March, Thursday,14.80,56, Dry, N, Daylight, Side Swipe, Not Injured, N, N
US,4,0,0,0,2017, March, Wednesday,14.80,56, Dry, N, Daylight, Right Angle, Minor Injury, N, N
US,2,0,0,0,2017, March, Friday,14.80,56, Dry, N, Daylight, Right Angle, Not Injured, N, N
US,2,0,0,1,2017, April, Monday,14.80,56, Dry, N, Daylight, Head On, Minor Injury, N, N
US,2,0,0,0,2017, April, Saturday,14.80,56, Dry, N, Daylight, Right Angle, Not Injured, N, N
US,2,0,0,0,2017, May, Sunday,14.80,56, Wet, Y, Daylight, Rear End, Minor Injury, N, N
US,2,0,0,0,2017, May, Wednesday,14.80,56, Wet, Y, Daylight, Right Angle, Minor Injury, N, N
US,3,0,0,0,2017, June, Friday,14.80,56, Dry, N, Daylight, Right Angle, Not Injured, N, N
US,3,0,0,0,2017, July, Tuesday,14.80,56, Dry, N, Daylight, Right Angle, Not Injured, N, N
US,2,0,0,0,2017, July, Tuesday,14.80,56, Dry, N, Daylight, Right Angle, Not Injured, N, N
US,2,0,0,0,2017, July, Saturday,14.80,56, Dry, N, Daylight, Right Angle, Not Injured, N, N
US,2,0,0,0,2017, September, Thursday,14.80,56, Dry, N, Daylight, Side Swipe, Minor Injury, N, N
US,2,0,0,1,2017, October, Friday,14.80,56, Dry, N, Daylight, Rear End, Minor Injury, N, N
US,2,0,0,0,2017, October, Sunday,14.80,56, Dry, N, Daylight, Right Angle, Not Injured, N, N
US,2,0,0,0,2017, November, Thursday,14.80,56, Dry, N, Daylight, Right Angle, Not Injured, N, N
US,2,0,0,0,2017, November, Wednesday,14.80,56, Dry, N, Daylight, Rear End, Not Injured, N, N
US,4,0,0,0,2017, December, Friday,14.80,56, Dry, N, Daylight, Rear End, Not Injured, N, N
US,2,0,0,0,2017, December, Friday,14.80,56, Dry, N, Daylight, Rear End, Not Injured, N, N
US,2,0,0,0,2017, December, Friday,14.80,56, Dry, N, Daylight, Rear End, Not Injured, N, N
US,2,0,0,0,2017, December, Thursday,14.80,56, Dry, N, Daylight, Rear End, Not Injured, N, N
AUS,2,0,0,1,2017, January, Tuesday,14.80,60, Dry, N, Daylight, Side Swipe, Minor Injury, N, N
AUS,3,0,0,2,2017, February, Friday,14.80,60, Dry, N, Daylight, Rear End, Minor Injury, N, N
AUS,3,0,0,0,2017, February, Thursday,14.80,60, Dry, N, Daylight, Rear End, Not Injured, N, N
AUS,2,0,0,1,2017, February, Wednesday,14.80,60, Dry, N, Daylight, Rear End, Minor Injury, N, N
AUS,3,0,0,0,2017, February, Thursday,14.80,60, Dry, N, Daylight, Rear End, Not Injured, N, N
AUS,2,0,0,0,2017, March, Friday,14.80,60, Dry, N, Daylight, Rear End, Not Injured, N, N
AUS,2,0,0,0,2017, March, Monday,14.80,60, Dry, N, Daylight, Side Swipe, Not Injured, N, N
AUS,2,0,1,0,2017, March, Thursday,14.80,60, Dry, N, Daylight, Right Angle, Major Injury, N, N
AUS,2,0,0,1,2017, April, Friday,14.80,60, Dry, N, Daylight, Rear End, Minor Injury, N, N
AUS,3,0,0,0,2017, April, Saturday,14.80,60, Dry, N, Daylight, Hit Fixed Object, Not Injured, N, N
AUS,3,0,0,4,2017, April, Friday,14.80,60, Dry, N, Daylight, Rear End, Minor Injury, N, N
AUS,3,0,0,0,2017, May, Monday,14.80,60, Dry, N, Daylight, Rear End, Not Injured, N, N
AUS,3,0,0,2,2017, May, Monday,14.80,60, Dry, N, Daylight, Rear End, Minor Injury, N, N
AUS,2,0,0,1,2017, May, Thursday,14.80,60, Dry, N, Daylight, Rear End, Minor Injury, N, N
AUS,2,0,0,0,2017, May, Friday,14.80,60, Dry, N, Daylight, Side Swipe, Not Injured, N, N
AUS,2,0,0,1,2017, May, Tuesday,14.80,60, Dry, N, Daylight, Head On, Minor Injury, N, N
AUS,2,0,0,0,2017, May, Wednesday,14.80,60, Dry, N, Daylight, Rear End, Not Injured, N, N
AUS,2,0,0,1,2017, May, Saturday,14.80,60, Dry, N, Daylight, Right Angle, Minor Injury, N, N
AUS,2,0,0,0,2017, May, Sunday,14.80,60, Dry, N, Daylight, Hit Fixed Object, Not Injured, N, N
AUS,2,0,0,0,2017, May, Wednesday,14.80,60, Dry, N, Daylight, Rear End, Not Injured, N, N
AUS,2,0,0,0,2017, June, Thursday,14.80,60, Dry, N, Daylight, Right Angle, Not Injured, N, N
AUS,2,0,0,1,2017, June, Thursday,14.80,60, Dry, N, Daylight, Hit Pedestrian, Minor Injury, N, N
AUS,2,0,0,2,2017, June, Thursday,14.80,60, Dry, N, Daylight, Right Angle, Minor Injury, Y, N
AUS,2,0,0,1,2017, June, Sunday,14.80,60, Dry, N, Daylight, Rear End, Minor Injury, N, N
AUS,2,0,1,0,2017, July, Wednesday,14.80,60, Dry, N, Daylight, Hit Pedestrian, Major Injury, N, N
AUS,2,0,0,2,2017, July, Monday,14.80,60, Dry, N, Daylight, Right Angle, Minor Injury, N, N
AUS,2,0,0,0,2017, July, Tuesday,14.80,60, Dry, N, Daylight, Hit Fixed Object, Not Injured, N, N
AUS,2,0,0,0,2017, July, Monday,14.80,60, Dry, N, Daylight, Side Swipe, Not Injured, N, N
AUS,2,0,0,1,2017, July, Monday,14.80,60, Wet, N, Daylight, Side Swipe, Minor Injury, N, N
AUS,2,0,0,0,2017, August, Tuesday,14.80,60, Dry, N, Daylight, Side Swipe, Not Injured, N, N
AUS,2,0,0,0,2017, August, Tuesday,14.80,60, Dry, N, Daylight, Rear End, Not Injured, N, N
AUS,2,1,0,2,2017, August, Wednesday,14.80,60, Dry, N, Daylight, Right Angle, Fatal, N, Y
AUS,2,0,0,1,2017, August, Thursday,14.80,60, Dry, N, Daylight, Right Angle, Minor Injury, N, N
AUS,3,0,0,1,2017, August, Thursday,14.80,60, Dry, N, Daylight, Rear End, Minor Injury, N, N
AUS,2,0,0,0,2017, September, Tuesday,14.80,60, Wet, Y, Daylight, Right Angle, Not Injured, N, N
AUS,2,0,0,0,2017, September, Monday,14.80,60, Dry, N, Daylight, Rear End, Not Injured, N, N
AUS,2,0,0,0,2017, September, Tuesday,14.80,60, Dry, N, Daylight, Right Angle, Not Injured, N, N
AUS,2,0,0,0,2017, September, Wednesday,14.80,60, Dry, N, Daylight, Rear End, Not Injured, N, N
AUS,2,0,0,1,2017, September, Tuesday,14.80,60, Dry, N, Daylight, Rear End, Minor Injury, N, N
AUS,2,0,0,0,2017, September, Wednesday,14.80,60, Dry, N, Daylight, Side Swipe, Not Injured, N, N
AUS,2,0,0,0,2017, October, Tuesday,14.80,60, Dry, N, Daylight, Side Swipe, Not Injured, N, N
AUS,2,0,0,1,2017, October, Wednesday,14.80,60, Dry, N, Daylight, Rear End, Minor Injury, N, N
AUS,2,0,0,1,2017, October, Sunday,14.80,60, Dry, N, Daylight, Right Angle, Minor Injury, N, N
AUS,2,0,0,0,2017, August, Friday,14.80,60, Dry, N, Daylight, Side Swipe, Not Injured, N, N
AUS,2,0,1,0,2017, October, Tuesday,14.80,60, Wet, Y, Daylight, Right Angle, Major Injury, N, N
AUS,2,0,0,1,2017, November, Thursday,14.80,60, Dry, N, Daylight, Right Angle, Minor Injury, N, N
AUS,2,0,0,1,2017, November, Wednesday,14.80,60, Wet, N, Daylight, Rear End, Minor Injury, N, N
AUS,2,0,0,0,2017, November, Thursday,14.80,60, Dry, N, Daylight, Hit Fixed Object, Not Injured, N, N
AUS,2,0,0,1,2017, November, Thursday,14.80,60, Dry, N, Daylight, Rear End, Minor Injury, N, N
AUS,3,0,0,0,2017, November, Thursday,14.80,60, Dry, N, Daylight, Rear End, Not Injured, N, N
AUS,2,0,0,1,2017, November, Sunday,14.80,60, Dry, N, Daylight, Rear End, Minor Injury, N, N
AUS,2,0,0,0,2017, December, Thursday,14.80,60, Dry, N, Daylight, Side Swipe, Not Injured, N, N
AUS,3,0,0,0,2017, December, Saturday,14.80,60, Dry, N, Daylight, Rear End, Not Injured, N, N
AUS,2,0,0,0,2017, December, Tuesday,14.80,60, Dry, N, Daylight, Rear End, Not Injured, N, N
AUS,3,0,0,0,2017, December, Wednesday,14.80,60, Dry, N, Daylight, Rear End, Not Injured, N, N
US,2,0,0,0,2017, January, Saturday,14.80,64, Dry, N, Daylight, Rear End, Minor Injury, N, N
US,4,0,0,0,2017, March, Friday,14.80,64, Dry, N, Daylight, Rear End, Not Injured, N, N
US,2,0,0,0,2017, May, Friday,14.80,64, Dry, N, Daylight, Right Angle, Minor Injury, N, N
US,2,0,0,1,2017, June, Thursday,14.80,64, Dry, N, Daylight, Rear End, Minor Injury, N, N
US,2,0,0,1,2017, September, Tuesday,14.80,64, Dry, N, Daylight, Hit Pedestrian, Minor Injury, N, N
US,2,0,0,0,2017, September, Thursday,14.80,64, Dry, N, Daylight, Right Angle, Not Injured, N, N
AUS,2,0,0,0,2017, January, Wednesday,14.80,70, Dry, N, Daylight, Hit Fixed Object, Not Injured, N, N
AUS,2,0,0,1,2017, March, Sunday,14.80,70, Dry, N, Daylight, Hit Fixed Object, Minor Injury, N, N
AUS,2,0,0,1,2017, August, Tuesday,14.80,70, Dry, N, Daylight, Rear End, Minor Injury, N, N
AUS,3,0,0,1,2017, November, Monday,14.80,70, Dry, N, Daylight, Rear End, Minor Injury, N, N
US,2,0,0,0,2017, January, Friday,14.80,72, Dry, N, Daylight, Right Angle, Not Injured, N, N
US,3,0,0,0,2017, January, Monday,14.80,72, Dry, N, Daylight, Rear End, Not Injured, N, N
US,2,0,0,0,2017, May, Monday,14.80,72, Dry, N, Daylight, Rear End, Not Injured, N, N
US,2,0,0,1,2017, June, Thursday,14.80,72, Dry, N, Daylight, Head On, Minor Injury, N, N
US,2,0,0,0,2017, October, Wednesday,14.80,72, Dry, N, Daylight, Rear End, Not Injured, N, N
AUS,2,0,0,1,2017, January, Monday,14.80,80, Dry, N, Daylight, Right Angle, Minor Injury, N, N
AUS,2,0,0,1,2017, March, Monday,14.80,80, Dry, N, Daylight, Hit Fixed Object, Minor Injury, N, N
AUS,2,0,0,0,2017, March, Wednesday,14.80,80, Dry, N, Daylight, Rear End, Not Injured, N, N
AUS,2,0,0,0,2017, April, Sunday,14.80,80, Dry, N, Daylight, Right Angle, Not Injured, N, N
AUS,2,0,0,1,2017, June, Monday,14.80,80, Dry, N, Daylight, Right Angle, Minor Injury, N, N
AUS,2,0,0,1,2017, June, Tuesday,14.80,80, Dry, N, Daylight, Right Angle, Minor Injury, N, N
AUS,2,0,1,0,2017, July, Sunday,14.80,80, Dry, N, Daylight, Head On, Major Injury, N, N
AUS,2,0,0,0,2017, July, Thursday,14.80,80, Dry, N, Daylight, Head On, Not Injured, N, N
AUS,2,0,0,0,2017, July, Saturday,14.80,80, Dry, N, Daylight, Right Angle, Not Injured, N, N
AUS,2,0,0,0,2017, July, Monday,14.80,80, Dry, N, Daylight, Rear End, Not Injured, N, N
AUS,2,0,0,0,2017, July, Monday,14.80,80, Dry, N, Daylight, Rear End, Not Injured, N, N
AUS,2,0,0,0,2017, August, Friday,14.80,80, Wet, Y, Daylight, Rear End, Not Injured, N, N
AUS,2,0,0,1,2017, September, Sunday,14.80,80, Dry, N, Daylight, Head On, Minor Injury, N, N
AUS,2,0,0,2,2017, October, Sunday,14.80,80, Dry, N, Daylight, Right Angle, Minor Injury, N, N
AUS,2,0,0,0,2017, October, Friday,14.80,80, Dry, N, Daylight, Hit Fixed Object, Not Injured, N, N
AUS,4,0,0,3,2017, October, Saturday,14.80,80, Dry, N, Daylight, Rear End, Minor Injury, N, N
AUS,2,0,0,0,2017, December, Thursday,14.80,80, Dry, N, Daylight, Right Angle, Not Injured, N, N
US,3,0,0,1,2017, June, Tuesday,14.80,89, Dry, N, Daylight, Rear End, Minor Injury, N, N
US,3,0,0,0,2017, May, Tuesday,14.80,89, Dry, N, Daylight, Rear End, Not Injured, N, N
US,2,0,0,0,2017, August, Friday,14.80,89, Wet, Y, Daylight, Side Swipe, Not Injured, N, N
US,2,0,0,0,2017, October, Wednesday,14.80,89, Dry, N, Daylight, Rear End, Not Injured, Y, N
AUS,2,0,0,1,2017, January, Tuesday,14.80,90, Dry, N, Daylight, Rear End, Minor Injury, N, N
AUS,3,0,0,1,2017, August, Friday,14.80,90, Wet, Y, Daylight, Side Swipe, Minor Injury, N, N
AUS,3,0,0,1,2017, October, Friday,14.80,90, Dry, N, Daylight, Rear End, Minor Injury, N, N
AUS,2,0,0,0,2017, December, Tuesday,14.80,90, Dry, N, Daylight, Rear End, Not Injured, N, N
AUS,2,0,2,0,2017, February, Monday,14.80,100, Dry, N, Daylight, Hit Fixed Object, Major Injury, N, N
AUS,2,0,0,2,2017, March, Tuesday,14.80,100, Dry, N, Daylight, Hit Fixed Object, Minor Injury, Y, N
AUS,3,0,0,0,2017, March, Thursday,14.80,100, Dry, N, Daylight, Side Swipe, Not Injured, N, N
AUS,2,0,1,2,2017, August, Saturday,14.80,100, Dry, N, Daylight, Hit Fixed Object, Major Injury, N, N
AUS,2,0,0,1,2017, September, Tuesday,14.80,100, Dry, N, Daylight, Rear End, Minor Injury, N, N
AUS,3,0,0,0,2017, October, Tuesday,14.80,100, Wet, Y, Daylight, Rear End, Not Injured, N, N
AUS,2,0,0,0,2017, February, Wednesday,14.80,110, Dry, N, Daylight, Hit Fixed Object, Not Injured, N, N
US,2,0,0,0,2017, January, Thursday,15.00,24, Dry, N, Daylight, Hit Pedestrian, Minor Injury, N, N
US,2,0,0,0,2017, June, Monday,15.00,24, Dry, N, Daylight, Head On, Not Injured, N, N
AUS,2,0,0,0,2017, July, Saturday,15.00,25, Dry, N, Daylight, Side Swipe, Not Injured, N, N
US,2,0,0,0,2017, October, Wednesday,15.00,32, Wet, Y, Daylight, Rear End, Not Injured, N, N
AUS,2,0,0,0,2017, January, Saturday,15.00,40, Dry, N, Daylight, Side Swipe, Not Injured, N, N
AUS,2,0,0,0,2017, November, Wednesday,15.00,40, Dry, N, Daylight, Right Angle, Not Injured, N, N
AUS,3,0,0,0,2017, November, Saturday,15.00,40, Dry, N, Daylight, Hit Fixed Object, Not Injured, N, N
US,2,0,0,0,2017, January, Monday,15.00,40, Wet, Y, Daylight, Head On, Not Injured, N, N
US,2,0,1,0,2017, January, Friday,15.00,40, Wet, Y, Daylight, Hit Pedestrian, Major Injury, N, N
US,2,0,0,0,2017, January, Tuesday,15.00,40, Wet, Y, Daylight, Right Angle, Not Injured, N, N
US,2,0,0,0,2017, February, Tuesday,15.00,40, Wet, Y, Daylight, Side Swipe, Not Injured, N, N
US,2,0,0,0,2017, February, Saturday,15.00,40, Dry, N, Daylight, Right Angle, Not Injured, N, N
US,2,0,0,0,2017, February, Monday,15.00,40, Dry, N, Daylight, Right Angle, Not Injured, N, N
US,2,0,0,1,2017, February, Thursday,15.00,40, Dry, N, Daylight, Hit Pedestrian, Minor Injury, N, N
US,3,0,0,0,2017, March, Wednesday,15.00,40, Dry, N, Daylight, Rear End, Not Injured, N, N
US,2,0,0,1,2017, March, Friday,15.00,40, Dry, N, Daylight, Hit Pedestrian, Minor Injury, N, N
US,2,0,0,1,2017, April, Thursday,15.00,40, Dry, N, Daylight, Rear End, Minor Injury, N, N
US,2,0,0,0,2017, April, Thursday,15.00,40, Dry, N, Daylight, Right Angle, Not Injured, N, N
US,2,0,0,0,2017, April, Tuesday,15.00,40, Wet, Y, Daylight, Hit Pedestrian, Minor Injury, N, N
US,3,0,0,0,2017, April, Friday,15.00,40, Dry, N, Daylight, Rear End, Not Injured, N, N
US,2,0,0,0,2017, April, Saturday,15.00,40, Wet, Y, Daylight, Right Angle, Not Injured, N, N
US,2,0,0,0,2017, May, Friday,15.00,40, Dry, N, Daylight, Right Angle, Not Injured, N, N
US,2,0,0,0,2017, May, Wednesday,15.00,40, Dry, N, Daylight, Right Angle, Not Injured, N, N
US,3,0,0,0,2017, May, Thursday,15.00,40, Dry, N, Daylight, Right Angle, Not Injured, N, N
US,2,0,0,2,2017, May, Wednesday,15.00,40, Dry, N, Daylight, Right Angle, Minor Injury, N, N
US,3,0,0,0,2017, June, Friday,15.00,40, Dry, N, Daylight, Rear End, Minor Injury, N, N
US,2,0,0,0,2017, June, Friday,15.00,40, Wet, N, Daylight, Right Angle, Not Injured, N, N
US,2,0,0,1,2017, June, Wednesday,15.00,40, Dry, N, Daylight, Right Angle, Minor Injury, N, N
US,2,0,0,0,2017, July, Sunday,15.00,40, Dry, N, Daylight, Right Angle, Minor Injury, N, N
US,2,0,0,0,2017, July, Saturday,15.00,40, Dry, N, Daylight, Side Swipe, Not Injured, Y, N
US,2,0,0,0,2017, July, Thursday,15.00,40, Dry, N, Daylight, Side Swipe, Not Injured, N, N
US,2,0,0,0,2017, August, Friday,15.00,40, Dry, N, Daylight, Right Angle, Not Injured, N, N
US,2,0,0,0,2017, August, Tuesday,15.00,40, Dry, N, Daylight, Right Angle, Not Injured, N, N
US,2,0,0,0,2017, September, Friday,15.00,40, Dry, N, Daylight, Rear End, Minor Injury, N, N
US,2,0,0,0,2017, September, Friday,15.00,40, Dry, N, Daylight, Right Angle, Not Injured, N, N
US,2,0,0,0,2017, September, Thursday,15.00,40, Dry, N, Daylight, Right Angle, Not Injured, N, N
US,2,0,0,0,2017, September, Thursday,15.00,40, Dry, N, Daylight, Side Swipe, Not Injured, N, N
US,2,0,0,0,2017, October, Monday,15.00,40, Dry, N, Daylight, Rear End, Not Injured, N, N
US,2,0,0,0,2017, October, Wednesday,15.00,40, Dry, N, Daylight, Right Angle, Not Injured, N, N
US,2,0,0,0,2017, October, Tuesday,15.00,40, Dry, N, Daylight, Right Angle, Minor Injury, N, N
US,2,0,0,0,2017, November, Friday,15.00,40, Dry, N, Daylight, Side Swipe, Not Injured, N, N
US,2,0,0,0,2017, December, Monday,15.00,40, Dry, N, Daylight, Right Angle, Not Injured, N, N
AUS,2,0,0,0,2017, January, Wednesday,15.00,50, Dry, N, Daylight, Hit Fixed Object, Not Injured, N, N
AUS,2,0,0,0,2017, February, Saturday,15.00,50, Dry, N, Daylight, Head On, Not Injured, N, N
AUS,2,0,0,0,2017, February, Wednesday,15.00,50, Dry, N, Daylight, Side Swipe, Not Injured, N, N
AUS,2,0,1,0,2017, February, Wednesday,15.00,50, Dry, N, Daylight, Right Angle, Major Injury, N, N
AUS,2,0,0,0,2017, February, Sunday,15.00,50, Dry, N, Daylight, Right Angle, Not Injured, N, N
AUS,2,0,0,0,2017, February, Sunday,15.00,50, Dry, N, Daylight, Hit Fixed Object, Not Injured, N, N
AUS,3,0,0,0,2017, March, Tuesday,15.00,50, Dry, N, Daylight, Side Swipe, Not Injured, N, N
AUS,2,0,0,1,2017, March, Tuesday,15.00,50, Dry, N, Daylight, Right Angle, Minor Injury, N, N
AUS,2,0,0,0,2017, March, Friday,15.00,50, Dry, N, Daylight, Right Angle, Not Injured, N, N
AUS,2,0,0,0,2017, March, Friday,15.00,50, Dry, N, Daylight, Side Swipe, Not Injured, N, N
AUS,2,0,0,1,2017, April, Wednesday,15.00,50, Dry, N, Daylight, Right Angle, Minor Injury, N, N
AUS,2,1,0,1,2017, April, Wednesday,15.00,50, Dry, N, Daylight, Head On, Fatal, N, N
AUS,2,0,0,0,2017, April, Saturday,15.00,50, Dry, N, Daylight, Right Angle, Not Injured, N, N
AUS,2,0,0,0,2017, April, Wednesday,15.00,50, Dry, N, Daylight, Right Angle, Not Injured, N, N
AUS,2,0,0,0,2017, May, Tuesday,15.00,50, Dry, N, Daylight, Hit Fixed Object, Not Injured, N, N
AUS,4,0,0,0,2017, May, Friday,15.00,50, Dry, N, Daylight, Right Angle, Not Injured, N, N
AUS,2,0,0,0,2017, May, Saturday,15.00,50, Dry, N, Daylight, Rear End, Not Injured, N, N
AUS,2,0,0,0,2017, May, Friday,15.00,50, Dry, N, Daylight, Right Angle, Not Injured, N, N
AUS,2,0,0,1,2017, May, Friday,15.00,50, Dry, N, Daylight, Right Angle, Minor Injury, N, N
AUS,3,0,0,1,2017, May, Monday,15.00,50, Wet, N, Daylight, Right Angle, Minor Injury, N, N
AUS,2,0,0,1,2017, May, Monday,15.00,50, Dry, N, Daylight, Rear End, Minor Injury, N, N
AUS,2,0,0,1,2017, June, Friday,15.00,50, Dry, N, Daylight, Hit Pedestrian, Minor Injury, N, N
AUS,3,0,0,2,2017, June, Friday,15.00,50, Dry, N, Daylight, Right Angle, Minor Injury, N, N
AUS,2,0,0,1,2017, June, Tuesday,15.00,50, Dry, N, Daylight, Right Angle, Minor Injury, N, N
AUS,2,0,0,0,2017, June, Friday,15.00,50, Dry, N, Daylight, Hit Fixed Object, Not Injured, N, N
AUS,2,0,0,0,2017, July, Friday,15.00,50, Dry, N, Daylight, Side Swipe, Not Injured, N, N
AUS,2,0,0,0,2017, July, Friday,15.00,50, Wet, Y, Daylight, Right Angle, Not Injured, N, N
AUS,2,0,0,1,2017, July, Thursday,15.00,50, Dry, N, Daylight, Hit Fixed Object, Minor Injury, N, N
AUS,2,0,0,0,2017, July, Friday,15.00,50, Dry, N, Daylight, Hit Fixed Object, Not Injured, N, N
AUS,2,0,0,1,2017, July, Friday,15.00,50, Dry, N, Daylight, Right Angle, Minor Injury, N, N
AUS,2,0,0,0,2017, August, Thursday,15.00,50, Dry, N, Daylight, Right Angle, Not Injured, N, N
AUS,2,0,0,0,2017, August, Wednesday,15.00,50, Dry, N, Daylight, Right Angle, Not Injured, N, N
AUS,2,0,0,1,2017, August, Thursday,15.00,50, Dry, N, Daylight, Right Angle, Minor Injury, N, N
AUS,2,0,0,0,2017, August, Thursday,15.00,50, Dry, N, Daylight, Rear End, Not Injured, N, N
AUS,2,0,0,1,2017, September, Wednesday,15.00,50, Dry, N, Daylight, Hit Fixed Object, Minor Injury, N, N
AUS,2,0,0,0,2017, September, Monday,15.00,50, Dry, N, Daylight, Hit Pedestrian, Not Injured, N, N
AUS,2,0,0,1,2017, August, Tuesday,15.00,50, Dry, N, Daylight, Rear End, Minor Injury, N, N
AUS,2,0,0,0,2017, October, Tuesday,15.00,50, Dry, N, Daylight, Hit Fixed Object, Not Injured, N, N
AUS,2,0,0,0,2017, October, Wednesday,15.00,50, Wet, Y, Daylight, Right Angle, Not Injured, N, N
AUS,2,0,0,0,2017, October, Friday,15.00,50, Dry, N, Daylight, Rear End, Not Injured, N, N
AUS,2,0,0,0,2017, October, Tuesday,15.00,50, Wet, Y, Daylight, Hit Fixed Object, Not Injured, N, N
AUS,2,0,0,1,2017, December, Tuesday,15.00,50, Dry, N, Daylight, Rear End, Minor Injury, N, N
AUS,2,0,0,0,2017, December, Thursday,15.00,50, Dry, N, Daylight, Right Angle, Not Injured, N, N
US,2,0,0,0,2017, January, Thursday,15.00,56, Dry, N, Daylight, Rear End, Not Injured, N, N
US,2,0,0,0,2017, February, Saturday,15.00,56, Dry, N, Daylight, Right Angle, Not Injured, N, N
US,2,0,0,0,2017, March, Friday,15.00,56, Dry, N, Daylight, Rear End, Not Injured, N, N
US,2,0,0,0,2017, April, Monday,15.00,56, Dry, N, Daylight, Right Angle, Not Injured, N, N
US,2,0,0,0,2017, May, Wednesday,15.00,56, Dry, N, Daylight, Rear End, Not Injured, N, N
US,3,0,0,1,2017, May, Sunday,15.00,56, Wet, Y, Daylight, Side Swipe, Minor Injury, N, N
US,2,0,0,0,2017, May, Thursday,15.00,56, Dry, N, Daylight, Right Angle, Not Injured, N, N
US,2,0,0,0,2017, May, Tuesday,15.00,56, Dry, N, Daylight, Right Angle, Minor Injury, N, N
US,2,0,0,0,2017, May, Thursday,15.00,56, Dry, N, Daylight, Right Angle, Not Injured, N, N
US,2,0,0,1,2017, May, Monday,15.00,56, Wet, Y, Daylight, Right Angle, Minor Injury, N, N
US,2,1,0,0,2017, June, Friday,15.00,56, Dry, N, Daylight, Right Angle, Fatal, N, N
US,2,0,0,2,2017, September, Wednesday,15.00,56, Dry, N, Daylight, Rear End, Minor Injury, N, N
US,2,0,0,0,2017, October, Wednesday,15.00,56, Dry, N, Daylight, Right Angle, Not Injured, N, N
US,3,0,0,0,2017, October, Tuesday,15.00,56, Dry, N, Daylight, Rear End, Minor Injury, N, N
US,2,0,0,2,2017, October, Friday,15.00,56, Dry, N, Daylight, Head On, Minor Injury, N, N