Nation,Total Units,Total Fatalities,Total Serious Injuries,Total Minor Injuries,Year,Month,Day,Time,Speed Limit,Moisture,Adverse Weather Conditions,DayNight,Crash Type,Crash Severity,Alcohol Related ,Drug Related
US,2,0,0,0,2017, October, Tuesday,15.00,56, Dry, N, Daylight, Right Angle, Not Injured, N, N
US,2,0,0,2,2017, November, Tuesday,15.00,56, Dry, N, Daylight, Right Angle, Minor Injury, N, N
US,2,0,0,0,2017, December, Thursday,15.00,56, Dry, N, Daylight, Right Angle, Not Injured, N, N
US,2,0,0,1,2017, December, Wednesday,15.00,56, Dry, N, Daylight, Rear End, Minor Injury, N, N
AUS,2,0,0,0,2017, January, Sunday,15.00,60, Dry, N, Daylight, Rear End, Not Injured, N, N
AUS,4,0,0,1,2017, January, Wednesday,15.00,60, Dry, N, Daylight, Side Swipe, Minor Injury, N, N
AUS,2,0,0,0,2017, January, Friday,15.00,60, Dry, N, Daylight, Side Swipe, Not Injured, N, N
AUS,3,0,0,0,2017, January, Friday,15.00,60, Dry, N, Daylight, Rear End, Not Injured, N, N
AUS,2,0,0,1,2017, January, Saturday,15.00,60, Dry, N, Daylight, Right Angle, Minor Injury, N, N
AUS,2,0,0,1,2017, January, Tuesday,15.00,60, Dry, N, Daylight, Rear End, Minor Injury, N, N
AUS,2,0,0,1,2017, January, Thursday,15.00,60, Dry, N, Daylight, Right Angle, Minor Injury, N, N
AUS,4,0,0,1,2017, January, Saturday,15.00,60, Dry, N, Daylight, Hit Fixed Object, Minor Injury, N, N
AUS,2,0,0,0,2017, February, Wednesday,15.00,60, Dry, N, Daylight, Rear End, Not Injured, N, N
AUS,2,0,0,1,2017, February, Friday,15.00,60, Dry, N, Daylight, Right Angle, Minor Injury, N, N
AUS,2,0,0,0,2017, February, Monday,15.00,60, Dry, N, Daylight, Right Angle, Not Injured, N, N
AUS,2,0,0,1,2017, February, Tuesday,15.00,60, Dry, N, Daylight, Rear End, Minor Injury, N, N
AUS,3,0,0,0,2017, February, Tuesday,15.00,60, Dry, N, Daylight, Rear End, Not Injured, N, N
AUS,2,0,0,0,2017, February, Friday,15.00,60, Dry, N, Daylight, Right Angle, Not Injured, N, N
AUS,3,0,0,0,2017, February, Monday,15.00,60, Dry, N, Daylight, Rear End, Not Injured, N, N
AUS,2,0,0,1,2017, March, Thursday,15.00,60, Dry, N, Daylight, Rear End, Minor Injury, N, N
AUS,2,0,0,0,2017, March, Friday,15.00,60, Dry, N, Daylight, Side Swipe, Not Injured, N, N
AUS,2,0,0,0,2017, March, Saturday,15.00,60, Dry, N, Daylight, Rear End, Not Injured, N, N
AUS,2,0,0,0,2017, March, Friday,15.00,60, Dry, N, Daylight, Side Swipe, Not Injured, N, N
AUS,2,0,0,0,2017, March, Monday,15.00,60, Dry, N, Daylight, Rear End, Not Injured, N, N
AUS,2,0,0,0,2017, March, Wednesday,15.00,60, Wet, Y, Daylight, Rear End, Not Injured, N, N
AUS,2,0,0,0,2017, March, Tuesday,15.00,60, Dry, N, Daylight, Side Swipe, Not Injured, N, N
AUS,2,0,0,0,2017, April, Monday,15.00,60, Dry, N, Daylight, Right Angle, Not Injured, N, N
AUS,2,0,0,1,2017, April, Sunday,15.00,60, Dry, N, Daylight, Rear End, Minor Injury, N, N
AUS,2,0,0,1,2017, April, Thursday,15.00,60, Dry, N, Daylight, Right Angle, Minor Injury, N, N
AUS,2,0,0,0,2017, April, Friday,15.00,60, Dry, N, Daylight, Rear End, Not Injured, N, N
AUS,2,0,0,0,2017, April, Tuesday,15.00,60, Dry, N, Daylight, Hit Fixed Object, Not Injured, N, N
AUS,3,0,0,1,2017, April, Thursday,15.00,60, Dry, N, Daylight, Rear End, Minor Injury, N, N
AUS,2,0,0,0,2017, April, Thursday,15.00,60, Dry, N, Daylight, Rear End, Not Injured, N, N
AUS,2,0,0,3,2017, April, Tuesday,15.00,60, Dry, N, Daylight, Right Angle, Minor Injury, N, N
AUS,2,0,0,1,2017, April, Tuesday,15.00,60, Dry, N, Daylight, Side Swipe, Minor Injury, N, N
AUS,2,0,0,0,2017, April, Saturday,15.00,60, Dry, N, Daylight, Rear End, Not Injured, N, N
AUS,2,0,0,1,2017, April, Thursday,15.00,60, Wet, Y, Daylight, Side Swipe, Minor Injury, N, N
AUS,2,0,0,0,2017, April, Friday,15.00,60, Dry, N, Daylight, Side Swipe, Not Injured, N, N
AUS,3,0,0,1,2017, February, Saturday,15.00,60, Dry, N, Daylight, Rear End, Minor Injury, N, N
AUS,2,0,0,1,2017, May, Monday,15.00,60, Dry, N, Daylight, Side Swipe, Minor Injury, N, N
AUS,2,0,0,1,2017, May, Tuesday,15.00,60, Dry, N, Daylight, Rear End, Minor Injury, N, N
AUS,4,0,0,0,2017, May, Wednesday,15.00,60, Dry, N, Daylight, Rear End, Not Injured, N, N
AUS,2,0,0,0,2017, May, Thursday,15.00,60, Dry, N, Daylight, Rear End, Not Injured, N, N
AUS,2,0,0,0,2017, May, Thursday,15.00,60, Dry, N, Daylight, Side Swipe, Not Injured, N, N
AUS,2,0,0,0,2017, May, Saturday,15.00,60, Dry, N, Daylight, Rear End, Not Injured, N, N
AUS,2,0,0,1,2017, June, Monday,15.00,60, Dry, N, Daylight, Hit Fixed Object, Minor Injury, N, N
AUS,2,0,0,0,2017, June, Friday,15.00,60, Dry, N, Daylight, Rear End, Not Injured, N, N
AUS,2,1,0,0,2017, June, Saturday,15.00,60, Dry, N, Daylight, Hit Fixed Object, Fatal, N, N
AUS,2,0,0,0,2017, June, Saturday,15.00,60, Dry, N, Daylight, Rear End, Not Injured, N, N
AUS,2,0,0,0,2017, June, Tuesday,15.00,60, Dry, N, Daylight, Right Angle, Not Injured, N, N
AUS,4,0,1,1,2017, June, Wednesday,15.00,60, Wet, Y, Daylight, Rear End, Major Injury, N, N
AUS,2,0,0,1,2017, July, Monday,15.00,60, Dry, N, Daylight, Rear End, Minor Injury, N, N
AUS,3,0,0,0,2017, July, Thursday,15.00,60, Dry, N, Daylight, Rear End, Not Injured, N, N
AUS,2,0,0,0,2017, July, Wednesday,15.00,60, Dry, N, Daylight, Rear End, Not Injured, N, N
AUS,2,0,0,1,2017, July, Saturday,15.00,60, Wet, Y, Daylight, Right Angle, Minor Injury, N, N
AUS,2,0,0,0,2017, July, Saturday,15.00,60, Dry, N, Daylight, Rear End, Not Injured, N, N
AUS,2,0,0,2,2017, August, Tuesday,15.00,60, Wet, Y, Daylight, Right Angle, Minor Injury, N, N
AUS,2,0,0,0,2017, August, Wednesday,15.00,60, Dry, N, Daylight, Side Swipe, Not Injured, N, N
AUS,3,0,0,0,2017, August, Saturday,15.00,60, Dry, N, Daylight, Rear End, Not Injured, N, N
AUS,3,0,0,0,2017, August, Tuesday,15.00,60, Dry, N, Daylight, Rear End, Not Injured, N, N
AUS,2,0,0,0,2017, August, Friday,15.00,60, Dry, N, Daylight, Rear End, Not Injured, N, N
AUS,3,0,0,0,2017, October, Friday,15.00,60, Dry, N, Daylight, Rear End, Not Injured, N, N
AUS,2,0,0,0,2017, September, Friday,15.00,60, Dry, N, Daylight, Right Angle, Not Injured, N, N
AUS,2,0,0,0,2017, September, Monday,15.00,60, Wet, N, Daylight, Rear End, Not Injured, N, N
AUS,2,0,0,0,2017, September, Thursday,15.00,60, Dry, N, Daylight, Hit Fixed Object, Not Injured, N, N
AUS,2,0,0,0,2017, September, Friday,15.00,60, Dry, N, Daylight, Rear End, Not Injured, N, N
AUS,2,0,0,0,2017, September, Wednesday,15.00,60, Dry, N, Daylight, Side Swipe, Not Injured, N, N
AUS,2,0,0,1,2017, September, Thursday,15.00,60, Dry, N, Daylight, Right Angle, Minor Injury, N, N
AUS,2,0,0,0,2017, September, Wednesday,15.00,60, Dry, N, Daylight, Hit Fixed Object, Not Injured, N, N
AUS,2,0,0,0,2017, October, Tuesday,15.00,60, Dry, N, Daylight, Rear End, Not Injured, N, N
AUS,2,0,0,1,2017, October, Wednesday,15.00,60, Dry, N, Daylight, Side Swipe, Minor Injury, N, N
AUS,2,0,0,1,2017, November, Thursday,15.00,60, Dry, N, Daylight, Rear End, Minor Injury, N, N
AUS,2,0,0,1,2017, November, Wednesday,15.00,60, Dry, N, Daylight, Right Angle, Minor Injury, N, N
AUS,2,0,0,0,2017, November, Thursday,15.00,60, Dry, N, Daylight, Rear End, Not Injured, N, N
AUS,4,0,0,0,2017, November, Thursday,15.00,60, Dry, N, Daylight, Rear End, Not Injured, N, N
AUS,2,0,0,0,2017, December, Monday,15.00,60, Dry, N, Daylight, Side Swipe, Not Injured, N, N
AUS,2,0,0,1,2017, September, Wednesday,15.00,60, Dry, N, Daylight, Rear End, Minor Injury, N, N
AUS,2,0,0,1,2017, December, Friday,15.00,60, Dry, N, Daylight, Hit Fixed Object, Minor Injury, N, N
AUS,2,0,0,0,2017, December, Thursday,15.00,60, Dry, N, Daylight, Right Angle, Not Injured, N, N
AUS,2,0,0,1,2017, December, Tuesday,15.00,60, Dry, N, Daylight, Side Swipe, Minor Injury, N, N
AUS,2,0,0,0,2017, December, Thursday,15.00,60, Dry, N, Daylight, Hit Fixed Object, Not Injured, N, N
AUS,2,0,0,1,2017, December, Thursday,15.00,60, Dry, N, Daylight, Rear End, Minor Injury, N, N
US,2,0,0,0,2017, February, Wednesday,15.00,64, Dry, N, Daylight, Rear End, Not Injured, N, N
US,3,0,0,2,2017, May, Friday,15.00,64, Dry, N, Daylight, Rear End, Minor Injury, N, N
US,2,0,0,1,2017, September, Thursday,15.00,64, Dry, N, Daylight, Right Angle, Minor Injury, N, N
US,2,0,0,0,2017, November, Saturday,15.00,64, Dry, N, Daylight, Head On, Not Injured, N, N
US,2,0,0,1,2017, November, Wednesday,15.00,64, Wet, Y, Daylight, Rear End, Minor Injury, N, N
US,2,0,0,0,2017, November, Monday,15.00,64, Dry, N, Daylight, Rear End, Not Injured, N, N
AUS,2,0,0,1,2017, February, Sunday,15.00,70, Dry, N, Daylight, Hit Fixed Object, Minor Injury, N, N
AUS,2,0,1,0,2017, March, Sunday,15.00,70, Wet, Y, Daylight, Right Angle, Major Injury, N, N
AUS,2,0,0,0,2017, March, Thursday,15.00,70, Dry, N, Daylight, Right Angle, Not Injured, N, N
AUS,3,0,0,1,2017, March, Friday,15.00,70, Dry, N, Daylight, Side Swipe, Minor Injury, N, N
AUS,2,0,0,0,2017, May, Saturday,15.00,70, Dry, N, Daylight, Right Angle, Not Injured, N, N
AUS,3,0,0,0,2017, June, Friday,15.00,70, Dry, N, Daylight, Rear End, Not Injured, N, N
AUS,2,0,0,1,2017, June, Friday,15.00,70, Wet, Y, Daylight, Rear End, Minor Injury, N, N
AUS,2,0,0,0,2017, July, Tuesday,15.00,70, Dry, N, Daylight, Rear End, Not Injured, N, N
AUS,2,0,0,0,2017, July, Tuesday,15.00,70, Dry, N, Daylight, Side Swipe, Not Injured, N, N
AUS,3,0,0,0,2017, November, Sunday,15.00,70, Dry, N, Daylight, Hit Fixed Object, Not Injured, N, N
US,2,0,0,0,2017, November, Saturday,15.00,72, Dry, N, Daylight, Rear End, Not Injured, N, N
AUS,3,0,0,1,2017, January, Monday,15.00,80, Dry, N, Daylight, Rear End, Minor Injury, N, N
AUS,2,0,0,0,2017, January, Tuesday,15.00,80, Dry, N, Daylight, Rear End, Not Injured, N, N
AUS,2,0,0,1,2017, January, Monday,15.00,80, Dry, N, Daylight, Rear End, Minor Injury, N, N
AUS,3,0,0,3,2017, March, Tuesday,15.00,80, Dry, N, Daylight, Head On, Minor Injury, N, N
AUS,2,0,0,0,2017, July, Sunday,15.00,80, Dry, N, Daylight, Right Angle, Not Injured, N, N
AUS,2,0,0,1,2017, August, Wednesday,15.00,80, Dry, N, Daylight, Hit Fixed Object, Minor Injury, N, N
AUS,2,0,0,0,2017, August, Sunday,15.00,80, Dry, N, Daylight, Side Swipe, Not Injured, N, N
AUS,2,0,0,0,2017, August, Thursday,15.00,80, Dry, N, Daylight, Rear End, Not Injured, N, N
AUS,3,0,0,1,2017, September, Wednesday,15.00,80, Wet, Y, Daylight, Hit Fixed Object, Minor Injury, N, N
AUS,3,0,0,0,2017, October, Thursday,15.00,80, Dry, N, Daylight, Rear End, Not Injured, N, N
AUS,2,0,0,1,2017, November, Tuesday,15.00,80, Dry, N, Daylight, Hit Fixed Object, Minor Injury, N, N
AUS,2,0,0,0,2017, November, Thursday,15.00,80, Wet, Y, Daylight, Hit Fixed Object, Not Injured, N, N
AUS,3,0,0,1,2017, November, Sunday,15.00,80, Dry, N, Daylight, Rear End, Minor Injury, N, N
AUS,2,0,0,0,2017, December, Friday,15.00,80, Dry, N, Daylight, Hit Fixed Object, Not Injured, N, N
US,2,0,0,0,2017, June, Saturday,15.00,80, Dry, N, Daylight, Rear End, Not Injured, N, N
US,2,0,0,0,2017, March, Saturday,15.00,89, Dry, N, Daylight, Rear End, Minor Injury, N, N
US,2,0,0,0,2017, July, Tuesday,15.00,89, Dry, N, Daylight, Rear End, Not Injured, N, N
US,2,0,0,0,2017, August, Thursday,15.00,89, Dry, N, Daylight, Rear End, Not Injured, N, N
US,2,0,0,2,2017, August, Saturday,15.00,89, Dry, N, Daylight, Side Swipe, Minor Injury, N, N
US,2,0,0,4,2017, September, Friday,15.00,89, Dry, N, Daylight, Rear End, Minor Injury, N, N
US,2,0,0,0,2017, October, Thursday,15.00,89, Dry, N, Daylight, Side Swipe, Not Injured, N, N
US,3,0,0,0,2017, November, Friday,15.00,89, Dry, N, Daylight, Rear End, Not Injured, N, N
US,2,0,0,0,2017, November, Friday,15.00,89, Dry, N, Daylight, Rear End, Not Injured, N, N
US,6,0,0,0,2017, December, Friday,15.00,89, Dry, N, Daylight, Rear End, Not Injured, N, N
US,2,0,0,0,2017, December, Friday,15.00,89, Dry, N, Daylight, Rear End, Not Injured, N, N
AUS,2,0,0,0,2017, January, Friday,15.00,90, Dry, N, Daylight, Rear End, Not Injured, N, N
AUS,2,0,0,0,2017, March, Wednesday,15.00,90, Dry, N, Daylight, Right Angle, Not Injured, N, N
AUS,2,0,0,0,2017, June, Thursday,15.00,90, Dry, N, Daylight, Rear End, Not Injured, N, N
AUS,2,0,0,1,2017, June, Saturday,15.00,90, Dry, N, Daylight, Rear End, Minor Injury, N, N
AUS,2,0,0,0,2017, July, Monday,15.00,90, Dry, N, Daylight, Side Swipe, Not Injured, N, N
AUS,2,0,0,0,2017, September, Friday,15.00,90, Dry, N, Daylight, Rear End, Not Injured, N, N
AUS,2,0,0,1,2017, August, Monday,15.00,100, Dry, N, Daylight, Hit Fixed Object, Minor Injury, N, N
AUS,2,0,0,1,2017, August, Tuesday,15.00,100, Dry, N, Daylight, Hit Fixed Object, Minor Injury, N, N
AUS,2,0,0,1,2017, October, Saturday,15.00,100, Dry, N, Daylight, Hit Fixed Object, Minor Injury, N, N
AUS,2,0,0,0,2017, October, Saturday,15.00,100, Dry, N, Daylight, Right Angle, Not Injured, N, N
AUS,2,0,0,1,2017, November, Sunday,15.00,100, Dry, N, Daylight, Hit Fixed Object, Minor Injury, N, N
AUS,3,0,0,0,2017, November, Friday,15.00,100, Wet, Y, Daylight, Rear End, Not Injured, N, N
US,3,0,0,0,2017, May, Monday,15.00,105, Dry, N, Daylight, Rear End, Not Injured, N, N
US,3,0,0,0,2017, June, Thursday,15.00,105, Dry, N, Daylight, Rear End, Not Injured, N, N
AUS,2,0,0,4,2017, September, Saturday,15.00,110, Dry, N, Daylight, Hit Fixed Object, Minor Injury, N, N
AUS,2,0,0,0,2017, October, Thursday,15.00,110, Dry, N, Daylight, Hit Fixed Object, Not Injured, N, N
AUS,3,0,0,0,2017, December, Wednesday,15.00,110, Dry, N, Daylight, Hit Fixed Object, Not Injured, N, N
US,2,0,0,0,2017, April, Thursday,15.20,24, Dry, N, Daylight, Head On, Not Injured, N, N
US,2,0,0,1,2017, November, Thursday,15.20,24, Wet, Y, Daylight, Right Angle, Minor Injury, N, N
US,2,0,0,3,2017, March, Wednesday,15.20,32, Dry, N, Daylight, Right Angle, Minor Injury, N, N
US,2,0,0,1,2017, July, Monday,15.20,32, Dry, N, Daylight, Right Angle, Minor Injury, N, N
US,3,0,0,6,2017, September, Friday,15.20,32, Dry, N, Daylight, Rear End, Minor Injury, N, N
AUS,3,0,0,0,2017, May, Saturday,15.20,40, Dry, N, Daylight, Rear End, Not Injured, N, N
US,3,0,0,0,2017, January, Tuesday,15.20,40, Dry, N, Daylight, Head On, Not Injured, N, N
US,2,0,0,0,2017, January, Sunday,15.20,40, Dry, N, Daylight, Side Swipe, Not Injured, N, N
US,2,0,0,0,2017, March, Thursday,15.20,40, Dry, N, Daylight, Right Angle, Not Injured, N, N
US,3,0,0,0,2017, March, Tuesday,15.20,40, Wet, N, Daylight, Right Angle, Not Injured, N, N
US,2,0,0,0,2017, March, Tuesday,15.20,40, Wet, Y, Daylight, Head On, Not Injured, N, N
US,3,0,0,0,2017, March, Tuesday,15.20,40, Wet, Y, Daylight, Side Swipe, Not Injured, N, N
US,2,0,0,0,2017, March, Wednesday,15.20,40, Dry, N, Daylight, Right Angle, Not Injured, N, N
US,2,0,0,0,2017, March, Friday,15.20,40, Wet, Y, Daylight, Side Swipe, Not Injured, N, N
US,2,0,0,0,2017, April, Friday,15.20,40, Wet, Y, Daylight, Rear End, Not Injured, N, N
US,2,0,0,1,2017, May, Monday,15.20,40, Dry, N, Daylight, Right Angle, Minor Injury, N, N
US,2,0,0,0,2017, May, Wednesday,15.20,40, Dry, N, Daylight, Rear End, Not Injured, N, N
US,3,0,0,2,2017, June, Thursday,15.20,40, Dry, N, Daylight, Right Angle, Minor Injury, N, N
US,2,0,0,1,2017, July, Thursday,15.20,40, Wet, Y, Daylight, Right Angle, Minor Injury, N, N
US,2,0,0,0,2017, July, Thursday,15.20,40, Wet, Y, Daylight, Right Angle, Not Injured, N, N
US,2,0,0,0,2017, July, Saturday,15.20,40, Dry, N, Daylight, Rear End, Minor Injury, N, N
US,2,0,0,1,2017, July, Wednesday,15.20,40, Dry, N, Daylight, Hit Pedestrian, Minor Injury, N, N
US,3,0,0,0,2017, July, Saturday,15.20,40, Dry, N, Daylight, Right Angle, Not Injured, N, N
US,2,0,1,0,2017, July, Saturday,15.20,40, Dry, N, Daylight, Rear End, Major Injury, N, N
US,2,0,0,0,2017, July, Monday,15.20,40, Dry, N, Daylight, Right Angle, Minor Injury, N, N
US,2,0,0,1,2017, August, Monday,15.20,40, Dry, N, Daylight, Rear End, Minor Injury, N, N
US,2,0,0,1,2017, August, Friday,15.20,40, Dry, N, Daylight, Right Angle, Minor Injury, N, N
US,2,0,0,0,2017, August, Monday,15.20,40, Dry, N, Daylight, Right Angle, Not Injured, N, N
US,2,0,0,0,2017, August, Thursday,15.20,40, Dry, N, Daylight, Side Swipe, Minor Injury, N, N
US,2,0,0,0,2017, September, Friday,15.20,40, Dry, N, Daylight, Rear End, Minor Injury, N, N
US,2,0,0,1,2017, September, Monday,15.20,40, Dry, N, Daylight, Right Angle, Minor Injury, N, N
US,2,0,0,0,2017, September, Monday,15.20,40, Dry, N, Daylight, Right Angle, Not Injured, N, N
US,2,0,0,0,2017, September, Monday,15.20,40, Dry, N, Daylight, Right Angle, Not Injured, N, N
US,2,0,0,0,2017, September, Monday,15.20,40, Dry, N, Daylight, Right Angle, Not Injured, N, N
US,2,0,0,0,2017, September, Tuesday,15.20,40, Dry, N, Daylight, Right Angle, Minor Injury, N, N
US,2,0,0,0,2017, October, Sunday,15.20,40, Dry, N, Daylight, Right Angle, Minor Injury, N, N
US,2,0,0,2,2017, October, Tuesday,15.20,40, Dry, N, Daylight, Rear End, Minor Injury, Y, N
US,2,0,0,1,2017, October, Tuesday,15.20,40, Dry, N, Daylight, Right Angle, Minor Injury, N, N
US,2,0,0,3,2017, November, Saturday,15.20,40, Dry, N, Daylight, Rear End, Minor Injury, N, N
US,2,0,0,0,2017, November, Tuesday,15.20,40, Dry, N, Daylight, Right Angle, Not Injured, N, N
US,2,0,0,1,2017, January, Tuesday,15.20,48, Dry, N, Daylight, Rear End, Minor Injury, N, N
US,2,0,0,0,2017, March, Thursday,15.20,48, Dry, N, Daylight, Rear End, Not Injured, N, N
US,2,0,0,0,2017, May, Friday,15.20,48, Dry, N, Daylight, Head On, Not Injured, N, N
US,2,0,0,0,2017, September, Saturday,15.20,48, Dry, N, Daylight, Side Swipe, Not Injured, N, N
US,2,0,0,0,2017, October, Wednesday,15.20,48, Dry, N, Daylight, Hit Pedestrian, Minor Injury, N, N
AUS,2,0,0,0,2017, January, Sunday,15.20,50, Dry, N, Daylight, Right Angle, Not Injured, N, N
AUS,2,0,0,1,2017, January, Friday,15.20,50, Dry, N, Daylight, Side Swipe, Minor Injury, N, N
AUS,2,0,0,1,2017, January, Friday,15.20,50, Dry, N, Daylight, Right Angle, Minor Injury, N, N
AUS,2,0,0,0,2017, January, Tuesday,15.20,50, Dry, N, Daylight, Hit Fixed Object, Not Injured, N, N
AUS,2,0,0,1,2017, February, Monday,15.20,50, Dry, N, Daylight, Hit Pedestrian, Minor Injury, N, N
AUS,2,0,0,1,2017, February, Saturday,15.20,50, Dry, N, Daylight, Rear End, Minor Injury, N, N
AUS,2,0,0,0,2017, March, Monday,15.20,50, Wet, Y, Daylight, Right Angle, Not Injured, N, N
AUS,2,0,0,0,2017, March, Friday,15.20,50, Dry, N, Daylight, Right Angle, Not Injured, N, N
AUS,2,0,0,0,2017, March, Tuesday,15.20,50, Dry, N, Daylight, Side Swipe, Not Injured, N, N
AUS,2,0,0,0,2017, June, Monday,15.20,50, Dry, N, Daylight, Right Angle, Not Injured, N, N
AUS,2,0,0,1,2017, June, Friday,15.20,50, Dry, N, Daylight, Hit Pedestrian, Minor Injury, N, N
AUS,2,0,0,0,2017, June, Monday,15.20,50, Dry, N, Daylight, Rear End, Not Injured, N, N
AUS,2,0,0,0,2017, August, Saturday,15.20,50, Dry, N, Daylight, Right Angle, Not Injured, N, N
AUS,2,0,0,1,2017, August, Friday,15.20,50, Dry, N, Daylight, Rear End, Minor Injury, N, N
AUS,2,0,0,0,2017, August, Monday,15.20,50, Dry, N, Daylight, Right Angle, Not Injured, N, N
AUS,2,0,0,0,2017, September, Tuesday,15.20,50, Wet, N, Daylight, Right Angle, Not Injured, N, N
AUS,3,0,0,0,2017, September, Saturday,15.20,50, Dry, N, Daylight, Right Angle, Not Injured, N, N
AUS,3,0,0,0,2017, October, Monday,15.20,50, Dry, N, Daylight, Rear End, Not Injured, N, N
AUS,2,0,0,1,2017, October, Friday,15.20,50, Dry, N, Daylight, Right Angle, Minor Injury, N, N
AUS,2,0,0,1,2017, November, Friday,15.20,50, Dry, N, Daylight, Right Angle, Minor Injury, N, N
AUS,2,0,0,0,2017, November, Friday,15.20,50, Dry, N, Daylight, Right Angle, Not Injured, N, N
AUS,5,0,0,1,2017, December, Friday,15.20,50, Dry, N, Daylight, Hit Fixed Object, Minor Injury, N, N
AUS,2,0,0,0,2017, December, Friday,15.20,50, Dry, N, Daylight, Right Angle, Not Injured, N, N
AUS,2,0,0,1,2017, December, Saturday,15.20,50, Dry, N, Daylight, Right Angle, Minor Injury, N, N
US,2,0,0,0,2017, January, Friday,15.20,56, Dry, N, Daylight, Rear End, Not Injured, N, N
US,2,0,0,0,2017, March, Saturday,15.20,56, Dry, N, Daylight, Rear End, Not Injured, N, N
US,2,0,0,0,2017, March, Wednesday,15.20,56, Dry, N, Daylight, Head On, Not Injured, N, N
US,2,0,0,0,2017, April, Friday,15.20,56, Dry, N, Daylight, Rear End, Minor Injury, N, N
US,2,0,0,0,2017, April, Friday,15.20,56, Dry, N, Daylight, Right Angle, Not Injured, N, N
US,2,0,0,0,2017, April, Thursday,15.20,56, Dry, N, Daylight, Rear End, Not Injured, N, N
US,2,0,0,1,2017, May, Wednesday,15.20,56, Dry, N, Daylight, Side Swipe, Minor Injury, N, N
US,2,0,0,0,2017, May, Wednesday,15.20,56, Dry, N, Daylight, Rear End, Not Injured, N, N
US,2,0,0,0,2017, July, Friday,15.20,56, Dry, N, Daylight, Right Angle, Not Injured, N, N
US,2,0,0,0,2017, July, Sunday,15.20,56, Dry, N, Daylight, Right Angle, Minor Injury, N, N
US,3,0,0,0,2017, August, Friday,15.20,56, Dry, N, Daylight, Rear End, Not Injured, N, N
US,5,0,0,0,2017, August, Thursday,15.20,56, Dry, N, Daylight, Head On, Minor Injury, N, N
US,2,0,0,0,2017, August, Tuesday,15.20,56, Wet, Y, Daylight, Side Swipe, Not Injured, N, N
US,3,0,0,0,2017, October, Wednesday,15.20,56, Dry, N, Daylight, Rear End, Not Injured, N, N
US,2,0,0,1,2017, October, Monday,15.20,56, Dry, N, Daylight, Rear End, Minor Injury, N, N
US,4,0,0,0,2017, October, Monday,15.20,56, Wet, Y, Daylight, Rear End, Not Injured, N, N
US,2,0,0,1,2017, October, Tuesday,15.20,56, Dry, N, Daylight, Rear End, Minor Injury, N, N
US,2,0,0,0,2017, December, Wednesday,15.20,56, Dry, N, Daylight, Right Angle, Not Injured, N, N
US,2,0,0,1,2017, December, Wednesday,15.20,56, Dry, N, Daylight, Right Angle, Minor Injury, N, N
US,2,0,0,0,2017, December, Thursday,15.20,56, Dry, N, Daylight, Rear End, Not Injured, N, N
AUS,2,0,0,0,2017, January, Thursday,15.20,60, Dry, N, Daylight, Side Swipe, Not Injured, N, N
AUS,2,0,0,1,2017, January, Thursday,15.20,60, Dry, N, Daylight, Rear End, Minor Injury, N, N
AUS,2,0,0,0,2017, March, Thursday,15.20,60, Dry, N, Daylight, Right Angle, Not Injured, N, N
AUS,2,0,0,0,2017, March, Thursday,15.20,60, Dry, N, Daylight, Rear End, Not Injured, N, N
AUS,2,0,0,1,2017, March, Sunday,15.20,60, Dry, N, Daylight, Rear End, Minor Injury, N, N
AUS,3,0,0,0,2017, March, Monday,15.20,60, Dry, N, Daylight, Rear End, Not Injured, N, N
AUS,2,0,0,0,2017, March, Tuesday,15.20,60, Dry, N, Daylight, Rear End, Not Injured, N, N
AUS,3,0,0,3,2017, March, Monday,15.20,60, Wet, Y, Daylight, Rear End, Minor Injury, N, N
AUS,2,0,0,0,2017, March, Wednesday,15.20,60, Dry, N, Daylight, Rear End, Not Injured, N, N
AUS,2,0,0,0,2017, March, Sunday,15.20,60, Dry, N, Daylight, Hit Fixed Object, Not Injured, N, N
AUS,3,0,0,0,2017, March, Thursday,15.20,60, Dry, N, Daylight, Rear End, Not Injured, N, N
AUS,2,0,0,0,2017, April, Wednesday,15.20,60, Dry, N, Daylight, Right Angle, Not Injured, N, N
AUS,2,0,0,0,2017, April, Friday,15.20,60, Dry, N, Daylight, Rear End, Not Injured, N, N
AUS,2,0,0,0,2017, April, Monday,15.20,60, Dry, N, Daylight, Right Angle, Not Injured, N, N
AUS,2,0,0,0,2017, May, Thursday,15.20,60, Dry, N, Daylight, Rear End, Not Injured, N, N
AUS,2,0,0,0,2017, May, Wednesday,15.20,60, Dry, N, Daylight, Hit Pedestrian, Not Injured, N, N
AUS,2,0,0,0,2017, May, Sunday,15.20,60, Dry, N, Daylight, Right Angle, Not Injured, N, N
AUS,2,0,0,1,2017, May, Wednesday,15.20,60, Dry, N, Daylight, Right Angle, Minor Injury, N, N
AUS,2,0,0,0,2017, June, Thursday,15.20,60, Dry, N, Daylight, Hit Fixed Object, Not Injured, N, N
AUS,2,0,0,1,2017, June, Monday,15.20,60, Dry, N, Daylight, Rear End, Minor Injury, N, N
AUS,2,0,0,0,2017, June, Sunday,15.20,60, Dry, N, Daylight, Rear End, Not Injured, N, N
AUS,2,0,0,0,2017, June, Wednesday,15.20,60, Dry, N, Daylight, Rear End, Not Injured, N, N
AUS,2,0,0,0,2017, June, Wednesday,15.20,60, Wet, Y, Daylight, Rear End, Not Injured, N, N