Nation,Total Units,Total Fatalities,Total Serious Injuries,Total Minor Injuries,Year,Month,Day,Time,Speed Limit,Moisture,Adverse Weather Conditions,DayNight,Crash Type,Crash Severity,Alcohol Related ,Drug Related
AUS,2,0,0,2,2017, April, Sunday,16.00,60, Wet, Y, Daylight, Rear End, Minor Injury, N, N
AUS,2,0,0,0,2017, April, Sunday,16.00,60, Dry, N, Daylight, Rear End, Not Injured, N, N
AUS,2,0,0,2,2017, April, Monday,16.00,60, Dry, N, Daylight, Head On, Minor Injury, N, N
AUS,2,0,0,0,2017, April, Thursday,16.00,60, Dry, N, Daylight, Right Angle, Not Injured, N, N
AUS,2,0,0,0,2017, April, Friday,16.00,60, Dry, N, Daylight, Right Angle, Not Injured, N, N
AUS,2,0,0,0,2017, April, Monday,16.00,60, Wet, Y, Daylight, Hit Fixed Object, Not Injured, N, N
AUS,2,0,0,0,2017, May, Tuesday,16.00,60, Dry, N, Daylight, Side Swipe, Not Injured, N, N
AUS,3,0,0,1,2017, May, Wednesday,16.00,60, Dry, N, Daylight, Rear End, Minor Injury, N, N
AUS,2,0,0,0,2017, May, Wednesday,16.00,60, Dry, N, Daylight, Right Angle, Not Injured, N, N
AUS,2,0,0,0,2017, May, Friday,16.00,60, Dry, N, Daylight, Rear End, Not Injured, N, N
AUS,2,0,0,1,2017, May, Monday,16.00,60, Dry, N, Daylight, Hit Pedestrian, Minor Injury, N, N
AUS,2,0,0,0,2017, May, Monday,16.00,60, Dry, N, Daylight, Side Swipe, Not Injured, N, N
AUS,2,0,0,1,2017, May, Wednesday,16.00,60, Dry, N, Daylight, Side Swipe, Minor Injury, N, N
AUS,2,0,0,1,2017, May, Thursday,16.00,60, Dry, N, Daylight, Hit Fixed Object, Minor Injury, N, Y
AUS,2,0,0,1,2017, May, Friday,16.00,60, Dry, N, Daylight, Rear End, Minor Injury, N, N
AUS,2,0,0,1,2017, May, Friday,16.00,60, Dry, N, Daylight, Rear End, Minor Injury, N, N
AUS,2,0,0,0,2017, May, Monday,16.00,60, Dry, N, Daylight, Right Angle, Not Injured, Y, N
AUS,2,0,0,0,2017, May, Thursday,16.00,60, Dry, N, Daylight, Rear End, Not Injured, N, N
AUS,2,0,0,0,2017, May, Thursday,16.00,60, Dry, N, Daylight, Right Angle, Not Injured, N, N
AUS,3,0,0,0,2017, May, Saturday,16.00,60, Dry, N, Daylight, Rear End, Not Injured, N, N
AUS,2,0,0,0,2017, May, Monday,16.00,60, Dry, N, Daylight, Rear End, Not Injured, N, N
AUS,2,0,0,0,2017, May, Tuesday,16.00,60, Wet, N, Daylight, Head On, Not Injured, Y, N
AUS,2,0,0,0,2017, May, Thursday,16.00,60, Dry, N, Daylight, Right Angle, Not Injured, N, N
AUS,2,0,0,1,2017, June, Friday,16.00,60, Dry, N, Daylight, Right Angle, Minor Injury, N, N
AUS,2,0,0,0,2017, June, Sunday,16.00,60, Dry, N, Daylight, Rear End, Not Injured, N, N
AUS,2,0,0,0,2017, June, Monday,16.00,60, Dry, N, Daylight, Rear End, Not Injured, N, N
AUS,2,0,0,2,2017, June, Wednesday,16.00,60, Dry, N, Daylight, Right Angle, Minor Injury, N, N
AUS,2,0,0,1,2017, June, Friday,16.00,60, Dry, N, Daylight, Side Swipe, Minor Injury, N, N
AUS,2,0,0,1,2017, June, Tuesday,16.00,60, Dry, N, Daylight, Hit Pedestrian, Minor Injury, N, N
AUS,2,0,0,1,2017, June, Tuesday,16.00,60, Dry, N, Daylight, Hit Fixed Object, Minor Injury, N, Y
AUS,2,0,0,1,2017, June, Wednesday,16.00,60, Dry, N, Daylight, Rear End, Minor Injury, N, N
AUS,2,0,0,1,2017, June, Saturday,16.00,60, Dry, N, Daylight, Hit Fixed Object, Minor Injury, N, Y
AUS,2,0,0,0,2017, June, Friday,16.00,60, Dry, N, Daylight, Right Angle, Not Injured, N, N
AUS,2,0,0,1,2017, June, Saturday,16.00,60, Dry, N, Daylight, Right Angle, Minor Injury, N, N
AUS,3,0,0,0,2017, June, Saturday,16.00,60, Dry, N, Daylight, Right Angle, Not Injured, N, N
AUS,2,0,0,1,2017, June, Wednesday,16.00,60, Wet, N, Daylight, Rear End, Minor Injury, N, N
AUS,4,0,0,0,2017, July, Friday,16.00,60, Wet, Y, Daylight, Rear End, Not Injured, N, N
AUS,2,0,0,1,2017, July, Tuesday,16.00,60, Dry, N, Daylight, Rear End, Minor Injury, N, N
AUS,5,0,0,1,2017, July, Friday,16.00,60, Dry, N, Daylight, Rear End, Minor Injury, N, N
AUS,3,0,0,0,2017, July, Friday,16.00,60, Dry, N, Daylight, Rear End, Not Injured, N, N
AUS,3,0,0,0,2017, July, Monday,16.00,60, Dry, N, Daylight, Side Swipe, Not Injured, N, N
AUS,2,0,0,0,2017, August, Friday,16.00,60, Wet, Y, Daylight, Side Swipe, Not Injured, N, N
AUS,2,0,0,0,2017, August, Monday,16.00,60, Dry, N, Daylight, Rear End, Not Injured, N, N
AUS,2,0,0,4,2017, August, Saturday,16.00,60, Dry, N, Daylight, Side Swipe, Minor Injury, N, N
AUS,2,0,0,0,2017, August, Friday,16.00,60, Dry, N, Daylight, Rear End, Not Injured, N, N
AUS,2,0,0,0,2017, August, Friday,16.00,60, Wet, Y, Daylight, Side Swipe, Not Injured, N, N
AUS,3,0,0,1,2017, August, Wednesday,16.00,60, Dry, N, Daylight, Rear End, Minor Injury, N, N
AUS,2,0,0,0,2017, August, Thursday,16.00,60, Dry, N, Daylight, Rear End, Not Injured, N, N
AUS,2,0,0,0,2017, August, Friday,16.00,60, Dry, N, Daylight, Right Angle, Not Injured, N, N
AUS,2,0,0,0,2017, August, Saturday,16.00,60, Dry, N, Daylight, Hit Fixed Object, Not Injured, N, N
AUS,2,0,0,0,2017, August, Thursday,16.00,60, Dry, N, Daylight, Right Angle, Not Injured, N, N
AUS,2,0,0,1,2017, September, Thursday,16.00,60, Dry, N, Daylight, Right Angle, Minor Injury, N, N
AUS,2,0,0,0,2017, September, Thursday,16.00,60, Wet, Y, Daylight, Hit Fixed Object, Not Injured, N, N
AUS,2,0,0,2,2017, September, Saturday,16.00,60, Dry, N, Daylight, Right Angle, Minor Injury, N, N
AUS,2,0,0,0,2017, September, Sunday,16.00,60, Dry, N, Daylight, Right Angle, Not Injured, N, N
AUS,2,0,0,1,2017, September, Thursday,16.00,60, Dry, N, Daylight, Right Angle, Minor Injury, N, N
AUS,2,0,0,1,2017, September, Friday,16.00,60, Dry, N, Daylight, Side Swipe, Minor Injury, N, N
AUS,2,0,0,0,2017, September, Wednesday,16.00,60, Dry, N, Daylight, Side Swipe, Not Injured, N, N
AUS,2,0,0,0,2017, October, Thursday,16.00,60, Dry, N, Daylight, Right Angle, Not Injured, N, N
AUS,2,0,0,1,2017, October, Wednesday,16.00,60, Dry, N, Daylight, Side Swipe, Minor Injury, N, N
AUS,2,0,0,0,2017, October, Friday,16.00,60, Dry, N, Daylight, Rear End, Not Injured, N, N
AUS,4,0,0,0,2017, October, Tuesday,16.00,60, Dry, N, Daylight, Side Swipe, Not Injured, N, N
AUS,2,0,0,0,2017, November, Wednesday,16.00,60, Dry, N, Daylight, Right Angle, Not Injured, N, N
AUS,2,0,0,1,2017, November, Thursday,16.00,60, Dry, N, Daylight, Rear End, Minor Injury, N, N
AUS,2,0,0,0,2017, November, Monday,16.00,60, Dry, N, Daylight, Side Swipe, Not Injured, N, N
AUS,2,0,0,0,2017, November, Thursday,16.00,60, Dry, N, Daylight, Side Swipe, Not Injured, N, N
AUS,2,0,0,0,2017, November, Friday,16.00,60, Dry, N, Daylight, Rear End, Not Injured, N, N
AUS,2,0,0,0,2017, November, Friday,16.00,60, Dry, N, Daylight, Right Angle, Not Injured, N, N
AUS,2,0,0,0,2017, November, Monday,16.00,60, Dry, N, Daylight, Side Swipe, Not Injured, N, N
AUS,2,0,0,0,2017, November, Monday,16.00,60, Dry, N, Daylight, Side Swipe, Not Injured, N, N
AUS,2,0,0,1,2017, March, Wednesday,16.00,60, Wet, Y, Daylight, Rear End, Minor Injury, N, N
AUS,2,0,0,0,2017, December, Friday,16.00,60, Dry, N, Daylight, Rear End, Not Injured, N, N
AUS,2,0,0,0,2017, December, Monday,16.00,60, Dry, N, Daylight, Rear End, Not Injured, N, N
AUS,2,0,0,0,2017, December, Tuesday,16.00,60, Dry, N, Daylight, Side Swipe, Not Injured, N, N
AUS,2,0,0,1,2017, December, Tuesday,16.00,60, Dry, N, Daylight, Side Swipe, Minor Injury, N, N
AUS,2,0,0,0,2017, December, Wednesday,16.00,60, Dry, N, Daylight, Right Angle, Not Injured, N, N
AUS,2,0,0,0,2017, December, Thursday,16.00,60, Dry, N, Daylight, Right Angle, Not Injured, N, N
AUS,2,0,0,0,2017, December, Sunday,16.00,60, Dry, N, Daylight, Head On, Not Injured, N, N
AUS,2,0,0,1,2017, December, Friday,16.00,60, Dry, N, Daylight, Side Swipe, Minor Injury, N, N
AUS,2,0,0,0,2017, December, Saturday,16.00,60, Dry, N, Daylight, Hit Fixed Object, Not Injured, N, N
AUS,2,0,0,0,2017, December, Thursday,16.00,60, Dry, N, Daylight, Rear End, Not Injured, N, N
US,3,0,0,0,2017, March, Saturday,16.00,64, Dry, N, Daylight, Side Swipe, Not Injured, N, N
US,2,0,0,0,2017, May, Wednesday,16.00,64, Dry, N, Daylight, Rear End, Not Injured, N, N
US,2,0,0,0,2017, May, Thursday,16.00,64, Dry, N, Daylight, Rear End, Not Injured, N, N
US,2,0,0,0,2017, July, Wednesday,16.00,64, Dry, N, Daylight, Right Angle, Not Injured, N, N
US,2,0,0,0,2017, July, Monday,16.00,64, Dry, N, Daylight, Head On, Not Injured, N, N
US,3,0,0,0,2017, November, Wednesday,16.00,64, Dry, N, Daylight, Rear End, Not Injured, N, N
US,2,1,0,0,2017, November, Thursday,16.00,64, Dry, N, Daylight, Head On, Fatal, N, N
US,2,0,0,1,2017, December, Wednesday,16.00,64, Dry, N, Daylight, Hit Pedestrian, Minor Injury, N, N
AUS,2,0,0,0,2017, May, Saturday,16.00,70, Dry, N, Daylight, Hit Fixed Object, Not Injured, Y, N
AUS,2,0,0,0,2017, July, Wednesday,16.00,70, Dry, N, Daylight, Right Angle, Not Injured, N, N
AUS,2,0,0,0,2017, August, Friday,16.00,70, Wet, Y, Daylight, Hit Fixed Object, Not Injured, N, N
AUS,4,0,0,0,2017, December, Wednesday,16.00,70, Dry, N, Daylight, Rear End, Not Injured, N, N
US,2,0,0,0,2017, April, Friday,16.00,72, Dry, N, Daylight, Rear End, Not Injured, N, N
US,2,0,0,0,2017, May, Monday,16.00,72, Dry, N, Daylight, Rear End, Not Injured, N, N
US,2,0,0,0,2017, May, Friday,16.00,72, Dry, N, Daylight, Rear End, Not Injured, N, N
US,2,0,0,1,2017, June, Thursday,16.00,72, Dry, N, Daylight, Rear End, Minor Injury, N, N
US,2,0,0,0,2017, October, Thursday,16.00,72, Wet, Y, Daylight, Rear End, Not Injured, N, N
US,2,0,0,0,2017, December, Monday,16.00,72, Wet, Y, Daylight, Rear End, Not Injured, N, N
AUS,2,0,0,0,2017, January, Monday,16.00,80, Dry, N, Daylight, Side Swipe, Not Injured, N, N
AUS,3,0,0,0,2017, February, Friday,16.00,80, Dry, N, Daylight, Side Swipe, Not Injured, N, N
AUS,2,0,0,0,2017, February, Sunday,16.00,80, Dry, N, Daylight, Hit Fixed Object, Not Injured, N, N
AUS,2,0,0,0,2017, February, Tuesday,16.00,80, Dry, N, Daylight, Rear End, Not Injured, N, N
AUS,2,0,0,1,2017, February, Tuesday,16.00,80, Dry, N, Daylight, Rear End, Minor Injury, N, N
AUS,3,0,0,1,2017, March, Monday,16.00,80, Dry, N, Daylight, Hit Fixed Object, Minor Injury, N, Y
AUS,3,0,0,0,2017, April, Monday,16.00,80, Wet, Y, Daylight, Hit Fixed Object, Not Injured, N, N
AUS,2,0,0,1,2017, May, Friday,16.00,80, Dry, N, Daylight, Side Swipe, Minor Injury, N, N
AUS,2,0,0,0,2017, June, Saturday,16.00,80, Wet, N, Daylight, Hit Fixed Object, Not Injured, N, N
AUS,2,0,0,0,2017, June, Tuesday,16.00,80, Dry, N, Daylight, Hit Fixed Object, Not Injured, N, N
AUS,2,0,0,1,2017, July, Friday,16.00,80, Dry, N, Daylight, Hit Fixed Object, Minor Injury, N, N
AUS,2,0,0,0,2017, August, Wednesday,16.00,80, Wet, Y, Daylight, Side Swipe, Not Injured, N, N
AUS,2,0,0,1,2017, August, Monday,16.00,80, Wet, N, Daylight, Right Angle, Minor Injury, N, N
AUS,2,0,0,1,2017, August, Thursday,16.00,80, Dry, N, Daylight, Hit Pedestrian, Minor Injury, N, N
AUS,2,0,0,0,2017, October, Saturday,16.00,80, Dry, N, Daylight, Hit Fixed Object, Not Injured, Y, N
AUS,3,0,0,0,2017, October, Friday,16.00,80, Dry, N, Daylight, Rear End, Not Injured, N, N
AUS,2,0,0,0,2017, October, Tuesday,16.00,80, Dry, N, Daylight, Hit Fixed Object, Not Injured, N, N
AUS,2,0,0,1,2017, October, Tuesday,16.00,80, Dry, N, Daylight, Rear End, Minor Injury, N, N
AUS,2,0,0,0,2017, December, Friday,16.00,80, Dry, N, Daylight, Rear End, Not Injured, N, N
AUS,3,0,0,1,2017, December, Sunday,16.00,80, Dry, N, Daylight, Rear End, Minor Injury, N, N
AUS,2,0,0,1,2017, December, Thursday,16.00,80, Dry, N, Daylight, Rear End, Minor Injury, N, N
US,2,0,0,0,2017, April, Wednesday,16.00,80, Dry, N, Daylight, Right Angle, Not Injured, N, N
US,2,0,0,0,2017, February, Sunday,16.00,89, Dry, N, Daylight, Rear End, Minor Injury, N, N
US,3,0,0,0,2017, March, Thursday,16.00,89, Dry, N, Daylight, Rear End, Not Injured, N, N
US,4,0,0,0,2017, May, Wednesday,16.00,89, Dry, N, Daylight, Rear End, Not Injured, N, N
US,4,0,0,0,2017, June, Friday,16.00,89, Dry, N, Daylight, Rear End, Not Injured, N, N
US,2,0,0,0,2017, June, Friday,16.00,89, Dry, N, Daylight, Rear End, Not Injured, N, N
US,2,0,0,0,2017, July, Friday,16.00,89, Dry, N, Daylight, Rear End, Minor Injury, N, N
US,2,0,0,0,2017, July, Sunday,16.00,89, Dry, N, Daylight, Side Swipe, Not Injured, N, N
US,2,0,0,0,2017, December, Saturday,16.00,89, Dry, N, Daylight, Rear End, Not Injured, N, N
US,2,0,0,1,2017, December, Saturday,16.00,89, Dry, N, Daylight, Rear End, Minor Injury, N, N
AUS,2,0,0,0,2017, January, Monday,16.00,90, Wet, Y, Daylight, Hit Fixed Object, Not Injured, N, N
AUS,4,0,0,1,2017, February, Friday,16.00,90, Dry, N, Daylight, Rear End, Minor Injury, N, N
AUS,2,0,0,0,2017, March, Tuesday,16.00,90, Dry, N, Daylight, Side Swipe, Not Injured, N, N
AUS,2,0,0,0,2017, July, Sunday,16.00,90, Dry, N, Daylight, Rear End, Not Injured, N, N
AUS,2,0,0,1,2017, August, Wednesday,16.00,90, Dry, N, Daylight, Rear End, Minor Injury, N, N
AUS,2,0,0,0,2017, August, Tuesday,16.00,90, Wet, Y, Daylight, Side Swipe, Not Injured, N, N
AUS,2,0,0,0,2017, January, Friday,16.00,100, Dry, N, Daylight, Head On, Not Injured, N, N
AUS,2,0,0,0,2017, February, Wednesday,16.00,100, Dry, N, Daylight, Hit Fixed Object, Not Injured, N, N
AUS,2,0,0,0,2017, March, Tuesday,16.00,100, Dry, N, Daylight, Rear End, Not Injured, N, N
AUS,3,0,0,1,2017, May, Wednesday,16.00,100, Dry, N, Daylight, Hit Fixed Object, Minor Injury, Y, N
AUS,2,0,0,0,2017, June, Friday,16.00,100, Dry, N, Daylight, Hit Fixed Object, Not Injured, N, N
AUS,2,0,0,1,2017, August, Sunday,16.00,100, Wet, Y, Daylight, Hit Fixed Object, Minor Injury, N, Y
AUS,2,0,0,0,2017, August, Thursday,16.00,100, Dry, N, Daylight, Hit Fixed Object, Not Injured, N, N
AUS,2,0,0,0,2017, October, Sunday,16.00,100, Dry, N, Daylight, Rear End, Not Injured, N, N
AUS,2,0,0,0,2017, October, Sunday,16.00,100, Dry, N, Daylight, Hit Fixed Object, Not Injured, N, N
AUS,2,0,0,0,2017, November, Thursday,16.00,100, Dry, N, Daylight, Hit Fixed Object, Not Injured, N, N
AUS,3,0,0,0,2017, November, Monday,16.00,100, Dry, N, Daylight, Hit Fixed Object, Not Injured, N, N
AUS,2,0,0,0,2017, January, Friday,16.00,110, Dry, N, Daylight, Right Angle, Not Injured, N, N
AUS,2,0,0,1,2017, April, Sunday,16.00,110, Dry, N, Daylight, Hit Fixed Object, Minor Injury, N, N
AUS,2,1,0,0,2017, April, Tuesday,16.00,110, Dry, N, Daylight, Right Angle, Fatal, N, N
AUS,3,0,0,0,2017, June, Monday,16.00,110, Dry, N, Daylight, Rear End, Not Injured, N, N
AUS,2,0,0,0,2017, June, Thursday,16.00,110, Dry, N, Daylight, Side Swipe, Not Injured, N, N
AUS,2,0,0,0,2017, July, Friday,16.00,110, Dry, N, Daylight, Head On, Not Injured, N, N
AUS,2,0,2,0,2017, August, Saturday,16.00,110, Dry, N, Daylight, Right Angle, Major Injury, N, N
AUS,2,0,0,1,2017, December, Saturday,16.00,110, Dry, N, Daylight, Head On, Minor Injury, N, N
US,2,0,0,0,2017, April, Wednesday,16.20,24, Dry, N, Daylight, Right Angle, Not Injured, N, N
US,3,0,0,0,2017, October, Friday,16.20,24, Dry, N, Daylight, Rear End, Not Injured, N, N
US,2,0,0,0,2017, January, Thursday,16.20,32, Wet, Y, Daylight, Rear End, Not Injured, N, N
US,2,0,0,1,2017, August, Thursday,16.20,32, Wet, Y, Daylight, Rear End, Minor Injury, N, N
US,2,0,0,0,2017, September, Thursday,16.20,32, Dry, N, Daylight, Side Swipe, Not Injured, N, N
AUS,2,0,0,0,2017, October, Tuesday,16.20,40, Dry, N, Daylight, Right Angle, Not Injured, N, N
US,2,0,0,0,2017, January, Thursday,16.20,40, Wet, Y, Daylight, Side Swipe, Not Injured, N, N
US,3,0,0,0,2017, February, Thursday,16.20,40, Dry, Y, Daylight, Right Angle, Minor Injury, N, N
US,2,0,0,1,2017, February, Sunday,16.20,40, Wet, N, Daylight, Right Angle, Minor Injury, N, N
US,2,0,0,0,2017, February, Tuesday,16.20,40, Dry, N, Daylight, Head On, Not Injured, N, N
US,2,0,0,0,2017, March, Tuesday,16.20,40, Dry, N, Daylight, Right Angle, Not Injured, N, N
US,2,0,0,0,2017, March, Monday,16.20,40, Dry, N, Daylight, Right Angle, Not Injured, N, N
US,2,0,0,0,2017, April, Tuesday,16.20,40, Dry, N, Daylight, Side Swipe, Not Injured, N, N
US,2,0,1,0,2017, April, Monday,16.20,40, Dry, N, Daylight, Hit Pedestrian, Major Injury, N, N
US,2,0,0,0,2017, April, Thursday,16.20,40, Dry, N, Daylight, Rear End, Not Injured, N, N
US,2,0,1,0,2017, May, Tuesday,16.20,40, Dry, N, Daylight, Head On, Major Injury, N, N
US,2,0,0,0,2017, May, Monday,16.20,40, Dry, N, Daylight, Right Angle, Not Injured, N, N
US,2,0,0,0,2017, May, Sunday,16.20,40, Wet, Y, Daylight, Right Angle, Not Injured, N, N
US,2,0,0,1,2017, May, Friday,16.20,40, Dry, N, Daylight, Right Angle, Minor Injury, N, N
US,3,0,0,0,2017, June, Tuesday,16.20,40, Wet, N, Daylight, Right Angle, Not Injured, N, N
US,2,0,0,0,2017, June, Tuesday,16.20,40, Dry, N, Daylight, Right Angle, Not Injured, N, N
US,2,0,0,0,2017, July, Friday,16.20,40, Dry, N, Daylight, Right Angle, Not Injured, N, N
US,2,0,0,0,2017, July, Monday,16.20,40, Dry, N, Daylight, Rear End, Minor Injury, N, N
US,3,0,0,0,2017, July, Friday,16.20,40, Wet, Y, Daylight, Rear End, Not Injured, N, N
US,2,0,0,0,2017, July, Wednesday,16.20,40, Dry, N, Daylight, Rear End, Not Injured, N, N
US,2,0,0,0,2017, August, Thursday,16.20,40, Dry, N, Daylight, Head On, Not Injured, N, N
US,2,0,0,0,2017, August, Wednesday,16.20,40, Dry, N, Daylight, Right Angle, Minor Injury, N, N
US,2,0,0,0,2017, August, Monday,16.20,40, Dry, N, Daylight, Rear End, Not Injured, N, N
US,2,0,0,0,2017, September, Wednesday,16.20,40, Dry, N, Daylight, Right Angle, Not Injured, N, N
US,3,0,0,0,2017, August, Thursday,16.20,40, Dry, N, Daylight, Rear End, Not Injured, N, N
US,2,0,0,0,2017, September, Thursday,16.20,40, Wet, Y, Daylight, Hit Pedestrian, Minor Injury, N, N
US,2,0,0,1,2017, September, Thursday,16.20,40, Dry, N, Daylight, Right Angle, Minor Injury, N, N
US,2,0,0,0,2017, September, Tuesday,16.20,40, Dry, N, Daylight, Right Angle, Not Injured, N, N
US,2,0,0,0,2017, September, Thursday,16.20,40, Dry, N, Daylight, Right Angle, Not Injured, N, N
US,2,0,0,1,2017, September, Thursday,16.20,40, Dry, N, Daylight, Rear End, Minor Injury, N, N
US,2,0,0,0,2017, October, Thursday,16.20,40, Wet, N, Daylight, Right Angle, Not Injured, N, N
US,2,0,0,0,2017, October, Friday,16.20,40, Dry, N, Daylight, Right Angle, Not Injured, N, N
US,2,0,0,0,2017, October, Sunday,16.20,40, Dry, N, Daylight, Right Angle, Not Injured, N, N
US,2,0,0,0,2017, October, Wednesday,16.20,40, Wet, Y, Daylight, Right Angle, Not Injured, N, N
US,2,0,0,0,2017, November, Wednesday,16.20,40, Wet, Y, Daylight, Side Swipe, Not Injured, N, N
US,2,0,0,2,2017, November, Saturday,16.20,40, Dry, Y, Daylight, Right Angle, Minor Injury, N, N
US,2,0,0,1,2017, November, Wednesday,16.20,40, Dry, N, Daylight, Right Angle, Minor Injury, N, N
US,3,0,0,0,2017, November, Tuesday,16.20,40, Dry, N, Daylight, Rear End, Not Injured, N, N
US,2,0,0,0,2017, December, Saturday,16.20,40, Dry, N, Night, Right Angle, Not Injured, N, N
US,2,0,0,0,2017, December, Sunday,16.20,40, Wet, Y, Daylight, Right Angle, Not Injured, Y, N
US,2,0,0,1,2017, December, Sunday,16.20,40, Wet, Y, Daylight, Right Angle, Minor Injury, N, N
US,2,0,0,1,2017, December, Saturday,16.20,40, Wet, Y, Night, Rear End, Minor Injury, N, N
US,2,0,0,2,2017, December, Thursday,16.20,40, Dry, N, Daylight, Head On, Minor Injury, N, N
AUS,3,0,0,0,2017, January, Sunday,16.20,50, Dry, N, Daylight, Side Swipe, Not Injured, N, N
AUS,2,0,0,0,2017, March, Saturday,16.20,50, Dry, N, Daylight, Side Swipe, Not Injured, N, N
AUS,2,0,0,0,2017, March, Tuesday,16.20,50, Dry, N, Daylight, Right Angle, Not Injured, N, N
AUS,2,0,0,0,2017, April, Wednesday,16.20,50, Dry, N, Daylight, Right Angle, Not Injured, N, N
AUS,2,0,0,0,2017, April, Thursday,16.20,50, Dry, N, Daylight, Right Angle, Not Injured, N, N
AUS,2,0,0,0,2017, April, Thursday,16.20,50, Dry, N, Daylight, Rear End, Not Injured, N, N
AUS,2,0,0,0,2017, May, Thursday,16.20,50, Dry, N, Daylight, Rear End, Not Injured, N, N
AUS,2,0,0,0,2017, May, Tuesday,16.20,50, Dry, N, Daylight, Right Angle, Not Injured, N, N
AUS,2,0,0,0,2017, May, Wednesday,16.20,50, Dry, N, Daylight, Right Angle, Not Injured, N, N
AUS,2,0,0,1,2017, July, Monday,16.20,50, Dry, N, Daylight, Right Angle, Minor Injury, N, N
AUS,2,0,0,1,2017, July, Monday,16.20,50, Dry, N, Daylight, Side Swipe, Minor Injury, N, N
AUS,2,0,0,1,2017, August, Thursday,16.20,50, Wet, Y, Daylight, Hit Pedestrian, Minor Injury, N, N
AUS,2,0,0,0,2017, August, Monday,16.20,50, Dry, N, Daylight, Side Swipe, Not Injured, N, N
AUS,3,0,0,1,2017, September, Tuesday,16.20,50, Dry, N, Daylight, Hit Fixed Object, Minor Injury, Y, Y
AUS,2,0,0,1,2017, September, Wednesday,16.20,50, Dry, N, Daylight, Right Angle, Minor Injury, N, N
AUS,2,0,0,0,2017, September, Thursday,16.20,50, Dry, N, Daylight, Rear End, Not Injured, N, N
AUS,2,0,0,1,2017, October, Wednesday,16.20,50, Dry, N, Daylight, Hit Fixed Object, Minor Injury, N, N
AUS,2,0,0,0,2017, November, Friday,16.20,50, Dry, N, Daylight, Right Angle, Not Injured, N, N
AUS,6,0,1,4,2017, December, Saturday,16.20,50, Wet, N, Daylight, Hit Pedestrian, Major Injury, N, N
AUS,2,0,0,0,2017, December, Saturday,16.20,50, Dry, N, Daylight, Hit Fixed Object, Not Injured, N, N
AUS,2,0,0,0,2017, December, Monday,16.20,50, Dry, N, Daylight, Hit Fixed Object, Not Injured, N, N
US,2,0,0,0,2017, January, Thursday,16.20,56, Dry, N, Daylight, Rear End, Minor Injury, N, N
US,2,0,0,1,2017, February, Friday,16.20,56, Dry, N, Daylight, Right Angle, Minor Injury, N, N
US,2,0,0,0,2017, March, Tuesday,16.20,56, Wet, Y, Daylight, Right Angle, Not Injured, N, N
US,3,0,0,1,2017, March, Wednesday,16.20,56, Dry, N, Daylight, Rear End, Minor Injury, N, N
US,2,0,0,0,2017, March, Saturday,16.20,56, Dry, N, Daylight, Rear End, Not Injured, N, N
US,3,0,0,1,2017, March, Tuesday,16.20,56, Dry, Y, Daylight, Rear End, Minor Injury, N, N
US,3,0,0,0,2017, March, Wednesday,16.20,56, Dry, N, Daylight, Rear End, Not Injured, N, N
US,2,0,0,1,2017, March, Monday,16.20,56, Dry, N, Daylight, Rear End, Minor Injury, N, N
US,2,0,0,1,2017, March, Thursday,16.20,56, Dry, N, Daylight, Rear End, Minor Injury, N, N
US,2,0,0,0,2017, April, Sunday,16.20,56, Dry, N, Daylight, Right Angle, Not Injured, N, N
US,2,0,0,0,2017, April, Sunday,16.20,56, Dry, N, Daylight, Side Swipe, Not Injured, N, N
US,3,0,0,1,2017, April, Sunday,16.20,56, Dry, N, Daylight, Head On, Minor Injury, Y, N
US,2,0,0,0,2017, May, Tuesday,16.20,56, Dry, N, Daylight, Hit Pedestrian, Minor Injury, N, N
US,2,0,0,0,2017, April, Friday,16.20,56, Dry, N, Daylight, Rear End, Minor Injury, N, N
US,3,0,0,0,2017, May, Thursday,16.20,56, Dry, N, Daylight, Rear End, Not Injured, N, N
US,2,0,0,2,2017, June, Sunday,16.20,56, Wet, Y, Daylight, Right Angle, Minor Injury, N, N
US,2,0,0,0,2017, June, Monday,16.20,56, Dry, N, Daylight, Rear End, Not Injured, N, N
US,2,0,0,0,2017, June, Friday,16.20,56, Wet, Y, Daylight, Right Angle, Minor Injury, N, N
US,3,0,0,0,2017, July, Sunday,16.20,56, Dry, N, Daylight, Head On, Minor Injury, N, N
US,2,0,0,0,2017, July, Monday,16.20,56, Dry, N, Daylight, Rear End, Not Injured, N, N
US,2,0,0,0,2017, September, Friday,16.20,56, Dry, N, Daylight, Right Angle, Not Injured, N, N
US,2,0,0,0,2017, September, Tuesday,16.20,56, Dry, N, Daylight, Side Swipe, Not Injured, N, N
US,2,0,0,1,2017, October, Tuesday,16.20,56, Dry, N, Daylight, Rear End, Minor Injury, N, N
US,2,1,0,0,2017, October, Tuesday,16.20,56, Dry, N, Daylight, Right Angle, Minor Injury, N, N
US,2,0,0,0,2017, October, Monday,16.20,56, Wet, Y, Daylight, Right Angle, Not Injured, N, N
US,2,0,0,0,2017, October, Tuesday,16.20,56, Dry, N, Daylight, Right Angle, Not Injured, N, N
US,2,0,0,0,2017, October, Monday,16.20,56, Wet, Y, Daylight, Right Angle, Not Injured, N, N
US,2,0,0,1,2017, November, Sunday,16.20,56, Dry, N, Daylight, Rear End, Minor Injury, N, N