Nation,Total Units,Total Fatalities,Total Serious Injuries,Total Minor Injuries,Year,Month,Day,Time,Speed Limit,Moisture,Adverse Weather Conditions,DayNight,Crash Type,Crash Severity,Alcohol Related ,Drug Related
AUS,2,0,0,0,2017, June, Sunday,16.50,60, Wet, N, Daylight, Hit Fixed Object, Not Injured, N, N
AUS,2,0,0,0,2017, June, Monday,16.50,60, Dry, N, Daylight, Rear End, Not Injured, N, N
AUS,2,0,0,1,2017, June, Monday,16.50,60, Dry, N, Daylight, Hit Pedestrian, Minor Injury, N, N
AUS,2,0,0,0,2017, June, Wednesday,16.50,60, Wet, N, Daylight, Right Angle, Not Injured, N, N
AUS,2,0,0,0,2017, June, Thursday,16.50,60, Wet, N, Daylight, Right Angle, Not Injured, N, N
AUS,3,0,0,1,2017, July, Friday,16.50,60, Wet, N, Daylight, Rear End, Minor Injury, N, N
AUS,3,0,0,0,2017, July, Monday,16.50,60, Dry, N, Daylight, Rear End, Not Injured, N, N
AUS,2,0,0,0,2017, July, Wednesday,16.50,60, Dry, N, Daylight, Rear End, Not Injured, N, N
AUS,2,0,0,1,2017, July, Wednesday,16.50,60, Dry, N, Daylight, Right Angle, Minor Injury, N, N
AUS,2,0,0,1,2017, July, Friday,16.50,60, Dry, N, Daylight, Rear End, Minor Injury, N, N
AUS,2,0,0,0,2017, July, Saturday,16.50,60, Wet, Y, Daylight, Side Swipe, Not Injured, N, N
AUS,2,0,0,0,2017, August, Tuesday,16.50,60, Dry, N, Daylight, Rear End, Not Injured, N, N
AUS,2,0,0,0,2017, August, Wednesday,16.50,60, Wet, N, Daylight, Side Swipe, Not Injured, N, N
AUS,2,0,0,0,2017, August, Friday,16.50,60, Wet, Y, Daylight, Right Angle, Not Injured, N, N
AUS,2,0,0,0,2017, August, Tuesday,16.50,60, Wet, Y, Daylight, Hit Fixed Object, Not Injured, N, N
AUS,2,0,0,0,2017, August, Thursday,16.50,60, Wet, Y, Daylight, Right Angle, Not Injured, N, N
AUS,3,0,0,1,2017, August, Thursday,16.50,60, Dry, N, Daylight, Rear End, Minor Injury, N, N
AUS,3,0,0,1,2017, August, Friday,16.50,60, Wet, Y, Daylight, Rear End, Minor Injury, N, N
AUS,2,0,0,0,2017, August, Sunday,16.50,60, Wet, Y, Daylight, Rear End, Not Injured, N, N
AUS,2,0,0,0,2017, August, Tuesday,16.50,60, Dry, N, Daylight, Right Angle, Not Injured, N, N
AUS,2,0,0,0,2017, August, Sunday,16.50,60, Dry, N, Daylight, Rear End, Not Injured, N, N
AUS,2,0,0,0,2017, September, Friday,16.50,60, Dry, N, Daylight, Rear End, Not Injured, N, N
AUS,2,0,0,0,2017, September, Thursday,16.50,60, Dry, N, Daylight, Side Swipe, Not Injured, N, N
AUS,2,0,0,0,2017, September, Friday,16.50,60, Dry, N, Daylight, Right Angle, Not Injured, N, N
AUS,2,0,0,1,2017, September, Tuesday,16.50,60, Dry, N, Daylight, Hit Fixed Object, Minor Injury, N, N
AUS,2,0,0,0,2017, October, Thursday,16.50,60, Dry, N, Daylight, Hit Fixed Object, Not Injured, N, N
AUS,3,0,0,0,2017, October, Friday,16.50,60, Dry, N, Daylight, Rear End, Not Injured, N, N
AUS,3,0,0,1,2017, October, Tuesday,16.50,60, Wet, Y, Daylight, Rear End, Minor Injury, N, N
AUS,2,0,0,0,2017, October, Tuesday,16.50,60, Wet, Y, Daylight, Right Angle, Not Injured, N, N
AUS,3,0,0,0,2017, October, Saturday,16.50,60, Dry, N, Daylight, Rear End, Not Injured, N, N
AUS,2,0,0,0,2017, November, Wednesday,16.50,60, Dry, N, Daylight, Rear End, Not Injured, N, N
AUS,2,0,0,1,2017, October, Tuesday,16.50,60, Dry, N, Daylight, Side Swipe, Minor Injury, N, N
AUS,2,0,0,0,2017, November, Thursday,16.50,60, Dry, N, Daylight, Rear End, Not Injured, N, N
AUS,2,0,0,0,2017, November, Friday,16.50,60, Wet, Y, Daylight, Side Swipe, Not Injured, N, N
AUS,2,0,0,0,2017, November, Monday,16.50,60, Dry, N, Daylight, Right Angle, Not Injured, N, N
AUS,2,0,0,0,2017, November, Wednesday,16.50,60, Dry, N, Daylight, Right Angle, Not Injured, N, N
AUS,2,0,0,0,2017, November, Saturday,16.50,60, Dry, N, Daylight, Side Swipe, Not Injured, N, N
AUS,2,0,0,0,2017, November, Wednesday,16.50,60, Dry, N, Daylight, Rear End, Not Injured, N, N
AUS,3,0,0,0,2017, November, Friday,16.50,60, Dry, N, Daylight, Rear End, Not Injured, N, N
AUS,2,0,0,0,2017, November, Sunday,16.50,60, Dry, N, Daylight, Rear End, Not Injured, N, N
AUS,2,0,0,1,2017, November, Wednesday,16.50,60, Dry, N, Daylight, Rear End, Minor Injury, N, N
AUS,4,0,0,2,2017, November, Thursday,16.50,60, Dry, N, Daylight, Rear End, Minor Injury, N, N
AUS,2,0,0,0,2017, November, Thursday,16.50,60, Dry, N, Daylight, Right Angle, Not Injured, N, N
AUS,2,0,0,0,2017, December, Thursday,16.50,60, Dry, N, Daylight, Rear End, Not Injured, N, N
AUS,2,0,0,2,2017, December, Monday,16.50,60, Dry, N, Daylight, Hit Fixed Object, Minor Injury, N, N
AUS,3,0,0,0,2017, December, Thursday,16.50,60, Dry, N, Daylight, Rear End, Not Injured, N, N
AUS,2,0,0,0,2017, December, Thursday,16.50,60, Dry, N, Daylight, Rear End, Not Injured, N, N
AUS,2,0,0,0,2017, December, Friday,16.50,60, Dry, N, Daylight, Side Swipe, Not Injured, N, N
AUS,2,0,0,0,2017, December, Friday,16.50,60, Dry, N, Daylight, Rear End, Not Injured, N, N
AUS,2,0,0,0,2017, December, Friday,16.50,60, Dry, N, Daylight, Side Swipe, Not Injured, N, N
AUS,2,0,0,3,2017, December, Sunday,16.50,60, Dry, N, Daylight, Right Angle, Minor Injury, N, N
AUS,3,0,0,3,2017, December, Thursday,16.50,60, Dry, N, Daylight, Rear End, Minor Injury, N, N
AUS,2,0,0,1,2017, December, Thursday,16.50,60, Dry, N, Daylight, Rear End, Minor Injury, N, N
AUS,2,0,0,1,2017, December, Saturday,16.50,60, Dry, N, Daylight, Rear End, Minor Injury, N, N
US,2,0,0,0,2017, January, Thursday,16.50,64, Dry, N, Daylight, Head On, Minor Injury, Y, N
US,3,0,0,1,2017, March, Tuesday,16.50,64, Wet, Y, Daylight, Head On, Minor Injury, N, N
US,2,0,0,0,2017, April, Wednesday,16.50,64, Dry, N, Daylight, Rear End, Not Injured, N, N
US,3,0,0,2,2017, May, Monday,16.50,64, Dry, N, Daylight, Rear End, Minor Injury, N, N
US,3,0,0,0,2017, July, Monday,16.50,64, Dry, N, Daylight, Side Swipe, Minor Injury, N, N
US,2,0,0,0,2017, October, Sunday,16.50,64, Wet, Y, Daylight, Rear End, Not Injured, N, N
US,2,0,0,0,2017, November, Friday,16.50,64, Dry, N, Daylight, Rear End, Not Injured, N, N
US,3,0,0,0,2017, November, Friday,16.50,64, Dry, N, Daylight, Rear End, Not Injured, N, N
US,2,0,0,0,2017, December, Thursday,16.50,64, Dry, N, Night, Rear End, Not Injured, N, N
US,3,0,0,0,2017, December, Thursday,16.50,64, Dry, N, Daylight, Rear End, Not Injured, N, N
AUS,2,0,0,1,2017, March, Monday,16.50,70, Dry, N, Daylight, Rear End, Minor Injury, N, N
AUS,2,0,0,2,2017, April, Saturday,16.50,70, Dry, N, Daylight, Right Angle, Minor Injury, N, N
AUS,3,0,0,0,2017, April, Wednesday,16.50,70, Dry, N, Daylight, Side Swipe, Not Injured, N, N
AUS,2,0,0,0,2017, May, Tuesday,16.50,70, Wet, Y, Daylight, Rear End, Not Injured, N, N
AUS,2,0,0,0,2017, August, Thursday,16.50,70, Dry, N, Daylight, Rear End, Not Injured, Y, N
AUS,2,0,0,2,2017, October, Thursday,16.50,70, Dry, N, Daylight, Rear End, Minor Injury, N, N
US,3,0,0,0,2017, March, Friday,16.50,72, Dry, N, Daylight, Rear End, Minor Injury, N, N
US,2,0,0,0,2017, March, Tuesday,16.50,72, Dry, N, Daylight, Rear End, Not Injured, N, N
US,2,0,0,0,2017, May, Wednesday,16.50,72, Dry, N, Daylight, Rear End, Not Injured, N, N
US,3,0,0,0,2017, May, Wednesday,16.50,72, Dry, N, Daylight, Right Angle, Not Injured, N, N
US,3,0,0,0,2017, June, Tuesday,16.50,72, Dry, N, Daylight, Rear End, Not Injured, N, N
US,2,0,0,0,2017, August, Monday,16.50,72, Dry, N, Daylight, Rear End, Not Injured, N, N
US,2,0,0,0,2017, October, Sunday,16.50,72, Dry, N, Daylight, Rear End, Not Injured, N, N
AUS,4,0,2,0,2017, January, Monday,16.50,80, Dry, N, Daylight, Head On, Major Injury, N, Y
AUS,2,0,0,1,2017, February, Wednesday,16.50,80, Dry, N, Daylight, Side Swipe, Minor Injury, N, N
AUS,2,0,0,1,2017, March, Tuesday,16.50,80, Dry, N, Daylight, Rear End, Minor Injury, N, N
AUS,2,0,0,1,2017, March, Tuesday,16.50,80, Dry, N, Daylight, Hit Fixed Object, Minor Injury, N, N
AUS,2,0,0,1,2017, April, Wednesday,16.50,80, Dry, N, Daylight, Right Angle, Minor Injury, N, N
AUS,2,0,0,0,2017, July, Wednesday,16.50,80, Dry, N, Daylight, Hit Fixed Object, Not Injured, Y, N
AUS,2,0,0,4,2017, September, Sunday,16.50,80, Dry, N, Daylight, Right Angle, Minor Injury, N, N
AUS,2,0,0,0,2017, November, Friday,16.50,80, Dry, N, Daylight, Rear End, Not Injured, N, N
AUS,2,0,0,0,2017, November, Sunday,16.50,80, Dry, N, Daylight, Hit Fixed Object, Not Injured, N, N
AUS,2,0,0,0,2017, November, Sunday,16.50,80, Dry, N, Daylight, Rear End, Not Injured, N, N
AUS,3,0,0,5,2017, December, Sunday,16.50,80, Dry, N, Daylight, Right Angle, Minor Injury, N, Y
AUS,2,0,0,2,2017, December, Tuesday,16.50,80, Dry, N, Daylight, Hit Fixed Object, Minor Injury, N, N
AUS,2,0,0,2,2017, December, Wednesday,16.50,80, Dry, N, Daylight, Rear End, Minor Injury, N, N
US,2,0,0,0,2017, January, Tuesday,16.50,89, Wet, Y, Daylight, Right Angle, Not Injured, N, N
US,2,0,0,0,2017, January, Tuesday,16.50,89, Wet, Y, Daylight, Rear End, Not Injured, N, N
US,2,0,0,0,2017, March, Thursday,16.50,89, Dry, N, Daylight, Rear End, Not Injured, N, N
US,2,0,0,0,2017, April, Wednesday,16.50,89, Dry, N, Daylight, Rear End, Not Injured, N, N
US,2,0,0,0,2017, May, Wednesday,16.50,89, Dry, N, Daylight, Rear End, Not Injured, N, N
US,3,0,0,0,2017, May, Saturday,16.50,89, Dry, N, Daylight, Rear End, Not Injured, N, N
US,3,0,0,1,2017, May, Friday,16.50,89, Dry, N, Daylight, Rear End, Minor Injury, N, N
US,2,0,0,0,2017, April, Wednesday,16.50,89, Dry, N, Daylight, Rear End, Not Injured, N, N
US,2,0,0,0,2017, June, Saturday,16.50,89, Dry, N, Daylight, Rear End, Not Injured, N, N
US,2,0,0,0,2017, April, Wednesday,16.50,89, Dry, N, Daylight, Right Angle, Minor Injury, N, N
US,3,0,0,0,2017, July, Monday,16.50,89, Dry, N, Daylight, Rear End, Not Injured, N, N
US,3,0,0,1,2017, August, Saturday,16.50,89, Wet, Y, Daylight, Rear End, Minor Injury, N, N
US,2,0,0,1,2017, September, Wednesday,16.50,89, Dry, N, Daylight, Right Angle, Minor Injury, N, N
US,4,0,0,0,2017, October, Friday,16.50,89, Dry, N, Daylight, Rear End, Not Injured, N, N
US,4,0,0,0,2017, November, Friday,16.50,89, Dry, N, Night, Rear End, Minor Injury, N, N
AUS,3,0,0,0,2017, February, Monday,16.50,90, Dry, N, Daylight, Rear End, Not Injured, N, N
AUS,2,0,0,0,2017, May, Friday,16.50,90, Dry, N, Daylight, Rear End, Not Injured, N, N
AUS,2,0,0,1,2017, June, Monday,16.50,90, Dry, N, Daylight, Rear End, Minor Injury, N, N
AUS,2,0,0,0,2017, August, Friday,16.50,90, Wet, Y, Daylight, Hit Fixed Object, Not Injured, N, N
AUS,2,0,0,0,2017, September, Tuesday,16.50,90, Dry, N, Daylight, Rear End, Not Injured, N, N
AUS,2,0,0,1,2017, April, Sunday,16.50,100, Dry, N, Daylight, Hit Fixed Object, Minor Injury, N, N
AUS,2,0,0,2,2017, May, Thursday,16.50,100, Dry, N, Daylight, Right Angle, Minor Injury, N, N
AUS,2,0,0,0,2017, May, Friday,16.50,100, Dry, N, Daylight, Right Angle, Not Injured, N, N
AUS,2,0,0,1,2017, May, Tuesday,16.50,100, Dry, N, Daylight, Hit Fixed Object, Minor Injury, N, N
AUS,2,0,0,0,2017, June, Friday,16.50,100, Dry, N, Daylight, Hit Fixed Object, Not Injured, N, N
AUS,2,0,0,0,2017, June, Tuesday,16.50,100, Dry, N, Daylight, Rear End, Not Injured, N, N
AUS,2,0,0,4,2017, October, Sunday,16.50,100, Dry, N, Daylight, Right Angle, Minor Injury, N, N
AUS,2,0,0,0,2017, October, Sunday,16.50,100, Dry, N, Daylight, Hit Fixed Object, Not Injured, N, N
AUS,2,0,0,1,2017, October, Sunday,16.50,100, Dry, N, Daylight, Side Swipe, Minor Injury, N, N
AUS,2,0,0,0,2017, November, Saturday,16.50,100, Dry, N, Daylight, Hit Fixed Object, Not Injured, N, N
AUS,2,0,0,1,2017, January, Wednesday,16.50,110, Dry, N, Daylight, Hit Fixed Object, Minor Injury, N, N
AUS,2,0,0,0,2017, May, Friday,16.50,110, Dry, N, Daylight, Side Swipe, Not Injured, N, N
AUS,2,0,0,0,2017, August, Friday,16.50,110, Dry, N, Daylight, Hit Fixed Object, Not Injured, N, N
AUS,2,0,0,0,2017, October, Monday,16.50,110, Dry, N, Daylight, Hit Fixed Object, Not Injured, N, N
US,2,0,0,0,2017, August, Monday,16.70,24, Dry, N, Daylight, Head On, Not Injured, N, N
US,2,0,0,0,2017, September, Saturday,16.70,24, Dry, N, Daylight, Rear End, Not Injured, N, N
US,2,0,0,1,2017, January, Wednesday,16.70,40, Dry, N, Night, Right Angle, Minor Injury, N, N
US,2,0,0,0,2017, February, Saturday,16.70,40, Dry, N, Daylight, Rear End, Minor Injury, N, N
US,2,0,0,2,2017, March, Monday,16.70,40, Wet, Y, Daylight, Right Angle, Minor Injury, Y, N
US,2,0,0,0,2017, March, Friday,16.70,40, Dry, N, Daylight, Right Angle, Not Injured, N, N
US,2,0,0,0,2017, March, Tuesday,16.70,40, Wet, Y, Daylight, Rear End, Not Injured, N, N
US,3,0,0,1,2017, February, Wednesday,16.70,40, Dry, N, Daylight, Rear End, Minor Injury, N, N
US,2,0,0,0,2017, March, Monday,16.70,40, Dry, N, Daylight, Side Swipe, Not Injured, N, N
US,3,0,0,0,2017, March, Thursday,16.70,40, Dry, N, Daylight, Right Angle, Not Injured, Y, N
US,2,0,0,0,2017, April, Wednesday,16.70,40, Dry, N, Daylight, Rear End, Not Injured, N, N
US,2,0,0,0,2017, April, Friday,16.70,40, Dry, N, Daylight, Side Swipe, Not Injured, N, N
US,2,0,0,2,2017, April, Thursday,16.70,40, Wet, N, Daylight, Right Angle, Minor Injury, N, N
US,2,0,0,0,2017, April, Thursday,16.70,40, Dry, N, Daylight, Right Angle, Not Injured, N, N
US,2,0,0,0,2017, April, Saturday,16.70,40, Dry, N, Daylight, Right Angle, Not Injured, N, N
US,2,0,0,0,2017, May, Thursday,16.70,40, Dry, N, Daylight, Rear End, Not Injured, N, N
US,2,0,0,0,2017, May, Tuesday,16.70,40, Dry, N, Daylight, Rear End, Not Injured, N, N
US,2,0,0,1,2017, June, Thursday,16.70,40, Dry, N, Daylight, Hit Pedestrian, Minor Injury, N, N
US,2,0,0,0,2017, June, Monday,16.70,40, Dry, N, Daylight, Right Angle, Not Injured, N, N
US,2,0,0,0,2017, June, Friday,16.70,40, Dry, N, Daylight, Side Swipe, Not Injured, N, N
US,2,0,0,1,2017, June, Saturday,16.70,40, Dry, N, Daylight, Rear End, Minor Injury, N, N
US,2,0,0,0,2017, July, Sunday,16.70,40, Dry, N, Daylight, Hit Pedestrian, Minor Injury, N, N
US,2,0,0,0,2017, June, Thursday,16.70,40, Dry, N, Daylight, Head On, Minor Injury, N, N
US,3,0,0,0,2017, July, Thursday,16.70,40, Dry, N, Daylight, Right Angle, Not Injured, N, N
US,2,0,0,0,2017, August, Sunday,16.70,40, Dry, N, Daylight, Right Angle, Not Injured, N, N
US,2,0,0,2,2017, August, Thursday,16.70,40, Wet, Y, Daylight, Rear End, Minor Injury, N, N
US,2,0,0,0,2017, August, Tuesday,16.70,40, Wet, N, Daylight, Rear End, Not Injured, N, N
US,2,0,0,0,2017, August, Wednesday,16.70,40, Dry, N, Daylight, Side Swipe, Not Injured, N, N
US,2,0,0,2,2017, August, Friday,16.70,40, Dry, N, Daylight, Right Angle, Minor Injury, N, N
US,2,0,0,4,2017, September, Sunday,16.70,40, Dry, N, Daylight, Right Angle, Minor Injury, N, N
US,2,0,0,0,2017, September, Tuesday,16.70,40, Dry, N, Daylight, Head On, Not Injured, N, N
US,2,0,0,0,2017, September, Wednesday,16.70,40, Dry, N, Daylight, Side Swipe, Not Injured, N, N
US,2,0,0,0,2017, October, Monday,16.70,40, Wet, Y, Daylight, Right Angle, Not Injured, N, N
US,2,0,0,0,2017, October, Monday,16.70,40, Dry, N, Daylight, Hit Pedestrian, Minor Injury, N, N
US,2,0,0,0,2017, October, Wednesday,16.70,40, Dry, N, Daylight, Right Angle, Not Injured, N, N
US,3,0,0,0,2017, October, Thursday,16.70,40, Dry, N, Daylight, Right Angle, Not Injured, N, N
US,2,0,0,0,2017, November, Sunday,16.70,40, Dry, N, Daylight, Side Swipe, Not Injured, N, N
US,2,0,0,0,2017, November, Monday,16.70,40, Dry, N, Daylight, Rear End, Not Injured, N, N
US,3,0,0,0,2017, November, Monday,16.70,40, Dry, N, Daylight, Side Swipe, Not Injured, N, N
US,2,0,0,0,2017, November, Wednesday,16.70,40, Dry, N, Night, Right Angle, Not Injured, N, N
US,2,0,0,0,2017, December, Friday,16.70,40, Dry, N, Daylight, Right Angle, Not Injured, N, N
US,2,0,0,0,2017, December, Tuesday,16.70,40, Dry, N, Daylight, Right Angle, Not Injured, N, N
US,2,0,0,1,2017, September, Saturday,16.70,48, Wet, Y, Daylight, Head On, Minor Injury, N, N
AUS,2,0,0,0,2017, January, Tuesday,16.70,50, Dry, N, Daylight, Side Swipe, Not Injured, N, N
AUS,2,0,0,5,2017, February, Saturday,16.70,50, Wet, Y, Daylight, Right Angle, Minor Injury, N, N
AUS,2,0,0,0,2017, February, Tuesday,16.70,50, Dry, N, Daylight, Right Angle, Not Injured, N, N
AUS,3,0,0,1,2017, March, Friday,16.70,50, Dry, N, Daylight, Rear End, Minor Injury, N, N
AUS,2,0,0,1,2017, March, Friday,16.70,50, Dry, N, Daylight, Right Angle, Minor Injury, N, N
AUS,3,0,1,0,2017, March, Thursday,16.70,50, Dry, N, Daylight, Hit Fixed Object, Major Injury, N, N
AUS,2,0,0,0,2017, March, Thursday,16.70,50, Dry, N, Daylight, Rear End, Not Injured, N, N
AUS,2,0,0,0,2017, March, Wednesday,16.70,50, Wet, N, Daylight, Side Swipe, Not Injured, N, N
AUS,2,0,0,0,2017, March, Wednesday,16.70,50, Dry, N, Daylight, Head On, Not Injured, N, N
AUS,2,0,0,0,2017, March, Friday,16.70,50, Dry, N, Daylight, Side Swipe, Not Injured, N, N
AUS,2,0,0,0,2017, April, Thursday,16.70,50, Dry, N, Daylight, Right Angle, Not Injured, N, N
AUS,2,0,0,1,2017, April, Friday,16.70,50, Dry, N, Daylight, Right Angle, Minor Injury, N, N
AUS,2,0,0,1,2017, April, Tuesday,16.70,50, Dry, N, Daylight, Right Angle, Minor Injury, N, N
AUS,3,0,0,0,2017, April, Saturday,16.70,50, Dry, N, Daylight, Hit Fixed Object, Not Injured, N, N
AUS,2,0,0,0,2017, May, Friday,16.70,50, Dry, N, Daylight, Right Angle, Not Injured, N, N
AUS,2,0,0,0,2017, May, Sunday,16.70,50, Dry, N, Daylight, Hit Fixed Object, Not Injured, N, N
AUS,2,0,0,2,2017, May, Tuesday,16.70,50, Wet, Y, Daylight, Right Angle, Minor Injury, N, N
AUS,2,0,0,1,2017, June, Thursday,16.70,50, Dry, N, Daylight, Right Angle, Minor Injury, N, N
AUS,2,0,0,1,2017, June, Thursday,16.70,50, Dry, N, Daylight, Hit Pedestrian, Minor Injury, N, N
AUS,2,0,0,0,2017, June, Thursday,16.70,50, Wet, N, Daylight, Head On, Not Injured, N, N
AUS,2,0,0,1,2017, July, Tuesday,16.70,50, Wet, N, Daylight, Side Swipe, Minor Injury, N, N
AUS,2,0,0,0,2017, July, Sunday,16.70,50, Dry, N, Daylight, Hit Fixed Object, Not Injured, Y, N
AUS,2,0,1,1,2017, September, Wednesday,16.70,50, Wet, N, Daylight, Rear End, Major Injury, N, N
AUS,3,0,0,1,2017, September, Friday,16.70,50, Dry, N, Daylight, Right Angle, Minor Injury, N, N
AUS,2,0,0,1,2017, October, Friday,16.70,50, Dry, N, Daylight, Right Angle, Minor Injury, N, N
AUS,2,0,0,0,2017, October, Monday,16.70,50, Dry, N, Daylight, Right Angle, Not Injured, N, N
AUS,2,0,0,0,2017, October, Saturday,16.70,50, Dry, N, Daylight, Hit Fixed Object, Not Injured, N, N
AUS,2,0,0,0,2017, November, Sunday,16.70,50, Dry, N, Daylight, Right Angle, Not Injured, N, N
AUS,2,0,0,0,2017, November, Saturday,16.70,50, Dry, N, Daylight, Right Angle, Not Injured, N, N
AUS,2,0,0,0,2017, November, Thursday,16.70,50, Dry, N, Daylight, Side Swipe, Not Injured, N, N
AUS,2,0,0,0,2017, December, Monday,16.70,50, Dry, N, Daylight, Side Swipe, Not Injured, N, N
AUS,2,0,0,2,2017, December, Tuesday,16.70,50, Dry, N, Daylight, Right Angle, Minor Injury, N, N
US,2,0,0,1,2017, January, Friday,16.70,56, Dry, N, Daylight, Rear End, Minor Injury, N, N
US,4,0,1,0,2017, January, Saturday,16.70,56, Dry, N, Daylight, Rear End, Major Injury, N, N
US,2,0,0,0,2017, January, Tuesday,16.70,56, Dry, N, Night, Head On, Not Injured, N, N
US,2,0,0,0,2017, February, Tuesday,16.70,56, Wet, Y, Night, Right Angle, Minor Injury, N, N
US,2,0,0,0,2017, February, Friday,16.70,56, Dry, N, Daylight, Right Angle, Not Injured, N, N
US,2,0,0,0,2017, March, Friday,16.70,56, Dry, N, Daylight, Right Angle, Not Injured, N, N
US,2,0,0,0,2017, March, Monday,16.70,56, Dry, N, Daylight, Right Angle, Not Injured, N, N
US,3,0,0,0,2017, March, Sunday,16.70,56, Wet, N, Daylight, Rear End, Minor Injury, N, N
US,2,0,1,0,2017, April, Monday,16.70,56, Dry, N, Daylight, Side Swipe, Major Injury, N, N
US,3,0,0,2,2017, April, Wednesday,16.70,56, Dry, N, Daylight, Rear End, Minor Injury, N, N
US,2,0,0,0,2017, June, Saturday,16.70,56, Dry, N, Daylight, Right Angle, Not Injured, N, N
US,2,0,0,1,2017, July, Saturday,16.70,56, Dry, N, Daylight, Rear End, Minor Injury, N, N
US,2,0,0,0,2017, July, Monday,16.70,56, Wet, Y, Daylight, Right Angle, Not Injured, N, N
US,2,0,0,0,2017, July, Saturday,16.70,56, Dry, N, Daylight, Right Angle, Not Injured, N, N
US,2,0,0,0,2017, July, Thursday,16.70,56, Dry, N, Daylight, Side Swipe, Not Injured, N, N
US,3,0,0,0,2017, September, Thursday,16.70,56, Dry, N, Daylight, Right Angle, Not Injured, N, N
US,2,0,0,0,2017, September, Wednesday,16.70,56, Dry, N, Daylight, Right Angle, Not Injured, N, N
US,2,0,0,0,2017, October, Thursday,16.70,56, Wet, Y, Daylight, Right Angle, Not Injured, N, N
US,2,0,0,0,2017, October, Friday,16.70,56, Dry, N, Daylight, Right Angle, Not Injured, N, N
US,2,0,1,0,2017, October, Monday,16.70,56, Wet, Y, Daylight, Hit Pedestrian, Major Injury, N, N
US,2,0,0,0,2017, October, Friday,16.70,56, Dry, N, Daylight, Rear End, Not Injured, N, N
US,2,0,0,0,2017, November, Monday,16.70,56, Dry, N, Daylight, Rear End, Not Injured, N, N
US,2,0,0,0,2017, November, Wednesday,16.70,56, Dry, N, Daylight, Rear End, Not Injured, N, N
US,2,0,0,0,2017, December, Sunday,16.70,56, Dry, N, Daylight, Right Angle, Not Injured, N, N
US,2,0,0,0,2017, December, Saturday,16.70,56, Dry, N, Night, Right Angle, Not Injured, N, N
US,2,0,0,3,2017, December, Thursday,16.70,56, Dry, N, Daylight, Right Angle, Minor Injury, N, N
AUS,2,0,0,0,2017, January, Wednesday,16.70,60, Dry, N, Daylight, Right Angle, Not Injured, N, N
AUS,2,0,0,0,2017, January, Thursday,16.70,60, Dry, N, Daylight, Rear End, Not Injured, N, N
AUS,2,0,0,0,2017, January, Wednesday,16.70,60, Dry, N, Daylight, Rear End, Not Injured, N, N
AUS,2,0,0,1,2017, February, Monday,16.70,60, Dry, N, Daylight, Rear End, Minor Injury, N, N
AUS,2,0,0,1,2017, February, Wednesday,16.70,60, Dry, N, Daylight, Right Angle, Minor Injury, N, N
AUS,3,0,0,1,2017, February, Thursday,16.70,60, Dry, N, Daylight, Rear End, Minor Injury, N, N
AUS,2,0,0,0,2017, February, Friday,16.70,60, Dry, N, Daylight, Side Swipe, Not Injured, N, N
AUS,2,0,0,0,2017, February, Saturday,16.70,60, Dry, N, Daylight, Hit Fixed Object, Not Injured, N, N
AUS,2,0,0,1,2017, February, Sunday,16.70,60, Dry, N, Daylight, Rear End, Minor Injury, N, N
AUS,2,0,0,0,2017, March, Wednesday,16.70,60, Dry, N, Daylight, Rear End, Not Injured, N, N
AUS,2,0,0,1,2017, March, Sunday,16.70,60, Wet, Y, Daylight, Rear End, Minor Injury, N, N
AUS,2,0,0,0,2017, March, Sunday,16.70,60, Wet, Y, Daylight, Rear End, Not Injured, N, N
AUS,4,0,0,1,2017, March, Wednesday,16.70,60, Dry, N, Daylight, Rear End, Minor Injury, N, N
AUS,2,0,0,0,2017, March, Thursday,16.70,60, Dry, N, Daylight, Rear End, Not Injured, N, N
AUS,2,0,0,0,2017, March, Monday,16.70,60, Dry, N, Daylight, Rear End, Not Injured, N, N
AUS,2,0,0,1,2017, March, Thursday,16.70,60, Dry, N, Daylight, Right Angle, Minor Injury, N, N
AUS,5,0,0,1,2017, March, Sunday,16.70,60, Dry, N, Daylight, Rear End, Minor Injury, N, N
AUS,2,0,0,0,2017, March, Wednesday,16.70,60, Wet, N, Daylight, Hit Fixed Object, Not Injured, N, N
AUS,2,0,0,1,2017, March, Thursday,16.70,60, Dry, N, Daylight, Rear End, Minor Injury, N, N
AUS,3,0,0,1,2017, April, Sunday,16.70,60, Dry, N, Daylight, Rear End, Minor Injury, N, N
AUS,2,0,0,0,2017, April, Sunday,16.70,60, Dry, N, Daylight, Rear End, Not Injured, N, N
AUS,3,0,0,0,2017, April, Monday,16.70,60, Wet, Y, Daylight, Rear End, Not Injured, N, N
AUS,2,0,0,1,2017, April, Monday,16.70,60, Wet, Y, Daylight, Rear End, Minor Injury, N, N
AUS,3,0,0,0,2017, May, Sunday,16.70,60, Dry, N, Daylight, Rear End, Not Injured, N, N
AUS,2,0,0,0,2017, May, Sunday,16.70,60, Dry, N, Daylight, Rear End, Not Injured, N, N
AUS,2,0,0,0,2017, May, Tuesday,16.70,60, Dry, N, Daylight, Rear End, Not Injured, N, N
AUS,2,0,0,1,2017, June, Thursday,16.70,60, Dry, N, Daylight, Rear End, Minor Injury, N, N