Nation,Total Units,Total Fatalities,Total Serious Injuries,Total Minor Injuries,Year,Month,Day,Time,Speed Limit,Moisture,Adverse Weather Conditions,DayNight,Crash Type,Crash Severity,Alcohol Related ,Drug Related
AUS,2,0,0,1,2017, October, Tuesday,17.80,60, Dry, N, Daylight, Right Angle, Minor Injury, N, N
AUS,2,0,0,1,2017, October, Monday,17.80,60, Dry, N, Daylight, Rear End, Minor Injury, N, N
AUS,2,0,0,1,2017, October, Wednesday,17.80,60, Dry, N, Daylight, Rear End, Minor Injury, N, N
AUS,2,0,0,0,2017, October, Wednesday,17.80,60, Dry, N, Daylight, Right Angle, Not Injured, N, N
AUS,2,0,0,1,2017, October, Friday,17.80,60, Dry, N, Daylight, Rear End, Minor Injury, N, N
AUS,3,0,0,0,2017, October, Thursday,17.80,60, Dry, N, Daylight, Rear End, Not Injured, N, N
AUS,2,0,0,0,2017, November, Wednesday,17.80,60, Wet, N, Daylight, Rear End, Not Injured, N, N
AUS,4,0,0,0,2017, November, Thursday,17.80,60, Dry, N, Daylight, Rear End, Not Injured, N, N
AUS,3,0,0,0,2017, November, Friday,17.80,60, Wet, Y, Daylight, Rear End, Not Injured, N, N
AUS,3,0,0,0,2017, November, Sunday,17.80,60, Dry, N, Daylight, Rear End, Not Injured, N, N
AUS,2,0,0,0,2017, December, Thursday,17.80,60, Dry, N, Daylight, Rear End, Not Injured, N, N
AUS,2,0,0,1,2017, December, Thursday,17.80,60, Dry, N, Daylight, Side Swipe, Minor Injury, N, N
US,2,0,0,0,2017, January, Friday,17.80,64, Dry, N, Night, Rear End, Not Injured, N, N
US,2,0,0,0,2017, February, Tuesday,17.80,64, Wet, Y, Night, Right Angle, Not Injured, N, N
US,3,0,1,0,2017, May, Thursday,17.80,64, Dry, N, Daylight, Right Angle, Major Injury, N, N
US,3,0,0,0,2017, May, Friday,17.80,64, Dry, N, Daylight, Rear End, Not Injured, N, N
US,2,0,0,0,2017, October, Friday,17.80,64, Dry, N, Daylight, Side Swipe, Not Injured, Y, N
US,2,0,0,0,2017, December, Monday,17.80,64, Wet, Y, Night, Right Angle, Minor Injury, N, N
US,2,0,0,0,2017, December, Saturday,17.80,64, Dry, Y, Night, Head On, Not Injured, N, N
AUS,2,0,0,0,2017, February, Friday,17.80,70, Dry, N, Daylight, Rear End, Not Injured, N, N
AUS,5,0,0,0,2017, June, Thursday,17.80,70, Dry, N, Night, Head On, Not Injured, N, N
US,2,0,0,0,2017, June, Sunday,17.80,72, Wet, Y, Daylight, Right Angle, Not Injured, N, N
US,3,0,0,0,2017, August, Tuesday,17.80,72, Wet, N, Daylight, Rear End, Not Injured, N, N
US,2,0,0,0,2017, October, Tuesday,17.80,72, Dry, N, Daylight, Rear End, Not Injured, N, N
US,2,0,0,2,2017, October, Tuesday,17.80,72, Dry, N, Night, Rear End, Minor Injury, N, N
AUS,2,0,0,1,2017, January, Saturday,17.80,80, Dry, N, Daylight, Hit Fixed Object, Minor Injury, N, N
AUS,2,0,0,0,2017, February, Wednesday,17.80,80, Dry, N, Daylight, Rear End, Not Injured, N, N
AUS,2,0,0,0,2017, April, Saturday,17.80,80, Dry, N, Daylight, Right Angle, Not Injured, N, N
AUS,2,0,0,0,2017, May, Friday,17.80,80, Dry, N, Night, Side Swipe, Not Injured, N, N
AUS,2,0,0,0,2017, June, Saturday,17.80,80, Dry, N, Night, Rear End, Not Injured, N, N
AUS,2,0,0,0,2017, June, Monday,17.80,80, Dry, N, Night, Rear End, Not Injured, N, N
AUS,2,0,0,1,2017, July, Saturday,17.80,80, Dry, N, Night, Rear End, Minor Injury, N, N
AUS,2,0,0,0,2017, July, Wednesday,17.80,80, Dry, N, Night, Rear End, Not Injured, N, N
AUS,3,0,0,0,2017, August, Tuesday,17.80,80, Wet, Y, Night, Rear End, Not Injured, N, N
AUS,2,0,0,0,2017, August, Friday,17.80,80, Wet, Y, Daylight, Hit Fixed Object, Not Injured, N, N
AUS,2,0,0,1,2017, May, Saturday,17.80,80, Dry, N, Night, Rear End, Minor Injury, N, N
US,3,0,0,0,2017, January, Thursday,17.80,89, Wet, Y, Night, Rear End, Not Injured, N, N
US,2,0,0,0,2017, January, Wednesday,17.80,89, Dry, N, Night, Rear End, Not Injured, N, N
US,2,0,0,0,2017, January, Thursday,17.80,89, Wet, N, Night, Rear End, Not Injured, N, N
US,3,0,0,0,2017, January, Monday,17.80,89, Dry, N, Night, Rear End, Not Injured, N, N
US,2,0,0,0,2017, April, Wednesday,17.80,89, Dry, N, Daylight, Rear End, Minor Injury, N, N
US,2,0,0,0,2017, May, Wednesday,17.80,89, Wet, Y, Daylight, Rear End, Not Injured, N, N
US,2,0,0,0,2017, April, Sunday,17.80,89, Dry, N, Daylight, Rear End, Not Injured, N, N
US,2,0,0,0,2017, May, Monday,17.80,89, Dry, N, Daylight, Rear End, Not Injured, N, N
US,3,0,0,0,2017, May, Monday,17.80,89, Dry, N, Night, Rear End, Minor Injury, N, N
US,2,0,0,0,2017, July, Friday,17.80,89, Dry, N, Daylight, Rear End, Not Injured, N, N
US,2,0,0,0,2017, July, Friday,17.80,89, Dry, N, Daylight, Side Swipe, Not Injured, N, N
US,3,0,0,0,2017, November, Thursday,17.80,89, Dry, N, Night, Rear End, Not Injured, N, N
AUS,4,0,0,1,2017, January, Friday,17.80,90, Dry, N, Daylight, Hit Fixed Object, Minor Injury, N, N
AUS,2,0,0,0,2017, March, Friday,17.80,90, Dry, N, Daylight, Rear End, Not Injured, N, N
AUS,2,0,0,3,2017, May, Thursday,17.80,90, Dry, N, Night, Rear End, Minor Injury, N, N
AUS,2,0,0,0,2017, July, Monday,17.80,90, Dry, N, Night, Hit Fixed Object, Not Injured, N, N
AUS,3,0,0,0,2017, November, Wednesday,17.80,90, Dry, N, Daylight, Rear End, Not Injured, N, N
AUS,2,0,0,0,2017, November, Thursday,17.80,90, Dry, N, Daylight, Rear End, Not Injured, N, N
AUS,2,0,0,3,2017, December, Saturday,17.80,90, Dry, N, Daylight, Right Angle, Minor Injury, N, N
AUS,2,0,0,1,2017, February, Friday,17.80,100, Dry, N, Daylight, Rear End, Minor Injury, N, N
AUS,3,0,0,0,2017, March, Thursday,17.80,100, Dry, N, Daylight, Hit Fixed Object, Not Injured, N, N
AUS,2,0,0,0,2017, April, Wednesday,17.80,100, Dry, N, Daylight, Right Angle, Not Injured, N, N
AUS,2,0,0,1,2017, April, Monday,17.80,100, Dry, N, Daylight, Right Angle, Minor Injury, N, N
AUS,2,0,0,0,2017, June, Tuesday,17.80,100, Dry, N, Night, Hit Fixed Object, Not Injured, N, N
AUS,2,1,0,0,2017, June, Friday,17.80,100, Dry, N, Night, Hit Fixed Object, Fatal, Y, N
AUS,2,0,0,1,2017, September, Monday,17.80,100, Dry, N, Daylight, Hit Fixed Object, Minor Injury, N, N
AUS,2,0,0,0,2017, December, Friday,17.80,100, Dry, N, Daylight, Rear End, Not Injured, N, N
AUS,2,0,0,1,2017, December, Tuesday,17.80,100, Dry, N, Daylight, Right Angle, Minor Injury, N, N
AUS,3,0,0,1,2017, February, Friday,17.80,110, Dry, N, Daylight, Hit Fixed Object, Minor Injury, N, N
AUS,4,0,2,2,2017, June, Friday,17.80,110, Wet, N, Night, Rear End, Major Injury, N, N
US,2,0,0,0,2017, August, Monday,18.00,24, Dry, N, Daylight, Rear End, Not Injured, N, N
US,2,0,0,0,2017, September, Wednesday,18.00,24, Dry, N, Daylight, Rear End, Not Injured, N, N
US,2,0,0,1,2017, November, Friday,18.00,32, Dry, N, Night, Side Swipe, Minor Injury, N, N
AUS,2,0,0,0,2017, March, Monday,18.00,40, Dry, N, Daylight, Right Angle, Not Injured, N, N
US,2,0,0,0,2017, January, Wednesday,18.00,40, Dry, N, Night, Rear End, Not Injured, N, N
US,2,0,0,0,2017, January, Saturday,18.00,40, Dry, N, Night, Side Swipe, Not Injured, N, N
US,2,0,0,0,2017, January, Tuesday,18.00,40, Dry, Y, Night, Rear End, Not Injured, N, N
US,2,0,0,0,2017, February, Saturday,18.00,40, Dry, N, Night, Hit Pedestrian, Minor Injury, N, N
US,2,0,0,0,2017, January, Friday,18.00,40, Dry, N, Night, Rear End, Not Injured, N, N
US,2,0,0,0,2017, March, Thursday,18.00,40, Dry, N, Daylight, Rear End, Not Injured, N, N
US,2,0,0,0,2017, March, Wednesday,18.00,40, Dry, N, Daylight, Rear End, Not Injured, N, N
US,3,0,0,0,2017, April, Friday,18.00,40, Dry, N, Daylight, Right Angle, Minor Injury, N, N
US,3,0,0,0,2017, April, Monday,18.00,40, Dry, N, Daylight, Right Angle, Not Injured, N, N
US,2,0,0,0,2017, April, Wednesday,18.00,40, Dry, N, Daylight, Rear End, Not Injured, N, N
US,2,0,0,0,2017, May, Tuesday,18.00,40, Wet, Y, Daylight, Hit Pedestrian, Minor Injury, N, N
US,2,0,0,0,2017, May, Tuesday,18.00,40, Dry, N, Daylight, Rear End, Not Injured, N, N
US,2,0,0,0,2017, May, Thursday,18.00,40, Dry, N, Daylight, Right Angle, Not Injured, N, N
US,2,0,0,0,2017, June, Monday,18.00,40, Dry, N, Daylight, Rear End, Not Injured, N, N
US,2,0,0,1,2017, June, Friday,18.00,40, Wet, Y, Daylight, Hit Pedestrian, Minor Injury, N, N
US,2,0,0,0,2017, June, Wednesday,18.00,40, Dry, N, Daylight, Right Angle, Not Injured, N, N
US,2,0,0,0,2017, July, Tuesday,18.00,40, Dry, N, Daylight, Rear End, Not Injured, N, N
US,2,0,0,0,2017, July, Sunday,18.00,40, Dry, N, Daylight, Right Angle, Minor Injury, N, N
US,2,0,0,0,2017, August, Tuesday,18.00,40, Dry, N, Daylight, Rear End, Not Injured, N, N
US,2,0,0,0,2017, August, Friday,18.00,40, Dry, N, Daylight, Right Angle, Not Injured, N, N
US,2,0,0,0,2017, October, Thursday,18.00,40, Wet, N, Daylight, Rear End, Not Injured, N, N
US,2,0,0,1,2017, October, Thursday,18.00,40, Dry, N, Daylight, Right Angle, Minor Injury, N, N
US,3,0,0,0,2017, August, Tuesday,18.00,40, Wet, Y, Daylight, Rear End, Not Injured, N, N
US,2,0,0,1,2017, October, Thursday,18.00,40, Dry, N, Daylight, Hit Pedestrian, Minor Injury, N, N
US,2,0,0,0,2017, October, Friday,18.00,40, Dry, N, Daylight, Right Angle, Not Injured, N, N
US,3,0,0,0,2017, November, Wednesday,18.00,40, Wet, Y, Night, Rear End, Not Injured, N, N
US,2,0,0,0,2017, November, Tuesday,18.00,40, Dry, N, Night, Rear End, Not Injured, N, N
US,2,0,0,0,2017, November, Thursday,18.00,40, Dry, N, Night, Side Swipe, Not Injured, N, N
US,2,0,0,0,2017, November, Thursday,18.00,40, Dry, N, Night, Right Angle, Not Injured, N, N
US,3,0,0,0,2017, December, Monday,18.00,40, Dry, N, Night, Rear End, Not Injured, N, N
US,2,0,0,0,2017, December, Friday,18.00,40, Dry, N, Night, Right Angle, Not Injured, N, N
US,2,0,0,0,2017, December, Thursday,18.00,40, Dry, Y, Night, Rear End, Not Injured, N, N
US,2,0,0,0,2017, December, Saturday,18.00,40, Dry, Y, Night, Side Swipe, Not Injured, N, N
US,2,0,0,0,2017, December, Thursday,18.00,40, Dry, N, Night, Right Angle, Not Injured, N, N
US,3,0,0,0,2017, September, Sunday,18.00,48, Dry, N, Daylight, Side Swipe, Not Injured, N, N
US,2,0,0,1,2017, September, Wednesday,18.00,48, Dry, N, Daylight, Right Angle, Minor Injury, N, N
US,2,0,0,0,2017, September, Saturday,18.00,48, Dry, N, Daylight, Right Angle, Not Injured, N, N
AUS,2,0,0,1,2017, January, Sunday,18.00,50, Dry, N, Daylight, Right Angle, Minor Injury, N, N
AUS,2,0,0,0,2017, February, Wednesday,18.00,50, Dry, N, Daylight, Hit Fixed Object, Not Injured, N, N
AUS,2,0,0,0,2017, February, Saturday,18.00,50, Dry, N, Daylight, Right Angle, Not Injured, N, N
AUS,2,0,0,1,2017, March, Friday,18.00,50, Dry, N, Daylight, Rear End, Minor Injury, N, N
AUS,2,0,0,0,2017, March, Sunday,18.00,50, Dry, N, Daylight, Right Angle, Not Injured, N, N
AUS,2,0,0,0,2017, April, Friday,18.00,50, Dry, N, Daylight, Rear End, Not Injured, N, N
AUS,2,0,0,1,2017, April, Monday,18.00,50, Dry, N, Daylight, Right Angle, Minor Injury, N, N
AUS,3,0,1,0,2017, May, Tuesday,18.00,50, Dry, N, Night, Rear End, Major Injury, N, N
AUS,3,0,0,0,2017, May, Wednesday,18.00,50, Dry, N, Night, Hit Fixed Object, Not Injured, N, N
AUS,2,0,0,0,2017, June, Friday,18.00,50, Dry, N, Night, Right Angle, Not Injured, N, N
AUS,2,0,0,0,2017, July, Tuesday,18.00,50, Wet, Y, Night, Hit Fixed Object, Not Injured, N, N
AUS,2,0,0,0,2017, July, Tuesday,18.00,50, Dry, N, Night, Right Angle, Not Injured, N, N
AUS,3,0,0,0,2017, July, Wednesday,18.00,50, Dry, N, Night, Rear End, Not Injured, N, N
AUS,2,0,0,0,2017, August, Friday,18.00,50, Wet, Y, Night, Hit Fixed Object, Not Injured, N, N
AUS,2,0,0,1,2017, August, Monday,18.00,50, Dry, N, Night, Rear End, Minor Injury, N, N
AUS,2,0,0,0,2017, September, Monday,18.00,50, Dry, N, Daylight, Rear End, Not Injured, N, N
AUS,2,0,0,0,2017, September, Saturday,18.00,50, Dry, N, Daylight, Side Swipe, Not Injured, N, N
AUS,2,0,0,0,2017, October, Monday,18.00,50, Dry, N, Daylight, Side Swipe, Not Injured, N, N
AUS,2,0,0,1,2017, October, Thursday,18.00,50, Dry, N, Daylight, Hit Fixed Object, Minor Injury, N, Y
AUS,2,0,0,0,2017, October, Wednesday,18.00,50, Dry, N, Daylight, Right Angle, Not Injured, N, N
AUS,2,0,0,0,2017, November, Wednesday,18.00,50, Wet, Y, Daylight, Hit Fixed Object, Not Injured, N, N
AUS,2,0,0,0,2017, December, Wednesday,18.00,50, Dry, N, Daylight, Rear End, Not Injured, N, N
AUS,2,0,0,0,2017, December, Tuesday,18.00,50, Dry, N, Daylight, Hit Fixed Object, Not Injured, N, N
AUS,2,0,1,0,2017, December, Tuesday,18.00,50, Dry, N, Daylight, Rear End, Major Injury, N, N
AUS,3,0,0,0,2017, December, Tuesday,18.00,50, Dry, N, Daylight, Hit Fixed Object, Not Injured, N, N
AUS,2,0,0,0,2017, December, Tuesday,18.00,50, Dry, N, Daylight, Rear End, Not Injured, N, N
AUS,2,0,0,1,2017, December, Sunday,18.00,50, Dry, N, Daylight, Hit Fixed Object, Minor Injury, N, N
US,3,0,0,1,2017, January, Thursday,18.00,56, Dry, Y, Night, Rear End, Minor Injury, N, N
US,2,0,0,0,2017, January, Monday,18.00,56, Dry, N, Night, Right Angle, Minor Injury, N, N
US,2,0,0,0,2017, February, Wednesday,18.00,56, Dry, N, Night, Rear End, Not Injured, N, N
US,2,0,0,0,2017, February, Thursday,18.00,56, Dry, N, Night, Rear End, Minor Injury, N, N
US,2,0,0,0,2017, April, Monday,18.00,56, Dry, N, Daylight, Hit Pedestrian, Minor Injury, N, N
US,2,0,0,0,2017, April, Tuesday,18.00,56, Wet, Y, Daylight, Right Angle, Not Injured, N, N
US,2,0,0,0,2017, April, Wednesday,18.00,56, Dry, N, Daylight, Right Angle, Minor Injury, N, N
US,2,0,0,0,2017, April, Friday,18.00,56, Dry, N, Daylight, Side Swipe, Not Injured, Y, N
US,2,0,0,0,2017, May, Monday,18.00,56, Wet, N, Daylight, Rear End, Not Injured, N, N
US,4,0,0,0,2017, May, Tuesday,18.00,56, Dry, N, Night, Rear End, Minor Injury, N, N
US,2,0,0,0,2017, June, Sunday,18.00,56, Wet, Y, Daylight, Rear End, Not Injured, N, N
US,3,0,1,0,2017, July, Wednesday,18.00,56, Dry, N, Daylight, Side Swipe, Major Injury, N, N
US,2,0,0,1,2017, August, Saturday,18.00,56, Dry, N, Daylight, Right Angle, Minor Injury, N, N
US,2,0,0,0,2017, September, Saturday,18.00,56, Dry, N, Daylight, Rear End, Not Injured, N, N
US,2,0,0,0,2017, November, Friday,18.00,56, Dry, N, Night, Head On, Minor Injury, N, N
US,2,0,0,0,2017, November, Sunday,18.00,56, Dry, N, Night, Head On, Minor Injury, N, N
US,2,0,0,0,2017, November, Monday,18.00,56, Dry, N, Night, Side Swipe, Not Injured, N, N
US,3,0,0,0,2017, December, Thursday,18.00,56, Dry, N, Night, Right Angle, Not Injured, N, N
US,2,0,0,0,2017, December, Wednesday,18.00,56, Dry, N, Night, Right Angle, Not Injured, N, N
US,2,0,0,0,2017, December, Monday,18.00,56, Dry, N, Night, Rear End, Not Injured, Y, N
AUS,2,0,0,0,2017, January, Friday,18.00,60, Dry, N, Daylight, Right Angle, Not Injured, N, N
AUS,2,0,0,0,2017, January, Saturday,18.00,60, Dry, N, Daylight, Side Swipe, Not Injured, N, N
AUS,2,0,0,1,2017, January, Saturday,18.00,60, Dry, N, Daylight, Right Angle, Minor Injury, N, N
AUS,2,0,0,1,2017, January, Monday,18.00,60, Dry, N, Daylight, Rear End, Minor Injury, N, N
AUS,2,0,0,0,2017, January, Tuesday,18.00,60, Dry, N, Daylight, Rear End, Not Injured, N, N
AUS,2,0,0,1,2017, January, Monday,18.00,60, Dry, N, Daylight, Rear End, Minor Injury, N, N
AUS,2,0,0,0,2017, February, Thursday,18.00,60, Dry, N, Daylight, Rear End, Not Injured, N, N
AUS,2,0,0,0,2017, February, Thursday,18.00,60, Dry, N, Daylight, Side Swipe, Not Injured, N, N
AUS,3,0,0,2,2017, February, Thursday,18.00,60, Dry, N, Daylight, Rear End, Minor Injury, N, N
AUS,2,0,0,0,2017, February, Monday,18.00,60, Dry, N, Daylight, Hit Fixed Object, Not Injured, N, N
AUS,2,0,0,0,2017, February, Tuesday,18.00,60, Dry, N, Daylight, Side Swipe, Not Injured, N, N
AUS,2,0,0,1,2017, February, Tuesday,18.00,60, Dry, N, Daylight, Hit Pedestrian, Minor Injury, N, N
AUS,2,0,0,0,2017, February, Friday,18.00,60, Dry, N, Daylight, Rear End, Not Injured, N, N
AUS,2,0,0,0,2017, February, Wednesday,18.00,60, Dry, N, Daylight, Rear End, Not Injured, N, N
AUS,3,0,0,0,2017, March, Thursday,18.00,60, Dry, N, Daylight, Rear End, Not Injured, N, N
AUS,2,0,0,1,2017, March, Wednesday,18.00,60, Dry, N, Daylight, Rear End, Minor Injury, N, N
AUS,3,0,0,0,2017, March, Friday,18.00,60, Dry, N, Daylight, Hit Fixed Object, Not Injured, N, N
AUS,2,0,0,1,2017, March, Saturday,18.00,60, Dry, N, Daylight, Right Angle, Minor Injury, N, N
AUS,3,0,0,0,2017, March, Friday,18.00,60, Dry, N, Daylight, Rear End, Not Injured, N, N
AUS,2,0,0,0,2017, March, Monday,18.00,60, Dry, N, Daylight, Hit Fixed Object, Not Injured, N, N
AUS,2,0,0,1,2017, March, Wednesday,18.00,60, Wet, Y, Daylight, Rear End, Minor Injury, N, N
AUS,2,0,0,1,2017, February, Tuesday,18.00,60, Dry, N, Daylight, Right Angle, Minor Injury, N, N
AUS,2,0,0,1,2017, March, Sunday,18.00,60, Dry, N, Daylight, Rear End, Minor Injury, N, N
AUS,2,0,0,0,2017, April, Thursday,18.00,60, Dry, N, Daylight, Hit Pedestrian, Not Injured, N, N
AUS,2,0,0,1,2017, April, Wednesday,18.00,60, Dry, N, Daylight, Right Angle, Minor Injury, N, N
AUS,2,0,1,0,2017, April, Thursday,18.00,60, Wet, Y, Night, Hit Pedestrian, Major Injury, N, N
AUS,2,0,0,1,2017, March, Friday,18.00,60, Dry, N, Daylight, Rear End, Minor Injury, N, N
AUS,2,0,0,0,2017, April, Monday,18.00,60, Wet, Y, Night, Rear End, Not Injured, N, N
AUS,3,0,0,0,2017, May, Monday,18.00,60, Dry, N, Night, Rear End, Not Injured, N, N
AUS,2,0,0,1,2017, May, Thursday,18.00,60, Dry, N, Night, Rear End, Minor Injury, N, N
AUS,2,0,0,1,2017, May, Monday,18.00,60, Dry, N, Night, Right Angle, Minor Injury, N, N
AUS,2,0,0,0,2017, May, Friday,18.00,60, Dry, N, Night, Side Swipe, Not Injured, N, N
AUS,2,0,0,1,2017, May, Saturday,18.00,60, Dry, N, Night, Hit Pedestrian, Minor Injury, N, N
AUS,2,0,0,1,2017, May, Monday,18.00,60, Dry, N, Night, Right Angle, Minor Injury, N, N
AUS,2,0,0,0,2017, May, Tuesday,18.00,60, Dry, N, Night, Rear End, Not Injured, N, N
AUS,2,0,0,1,2017, May, Wednesday,18.00,60, Wet, Y, Night, Rear End, Minor Injury, N, N
AUS,3,0,0,0,2017, May, Thursday,18.00,60, Dry, N, Night, Rear End, Not Injured, N, N
AUS,2,0,0,0,2017, May, Friday,18.00,60, Dry, N, Night, Right Angle, Not Injured, N, N
AUS,3,0,0,0,2017, May, Monday,18.00,60, Dry, N, Night, Rear End, Not Injured, N, N
AUS,3,0,0,1,2017, May, Tuesday,18.00,60, Dry, N, Night, Rear End, Minor Injury, N, N
AUS,2,0,0,0,2017, May, Thursday,18.00,60, Dry, N, Night, Right Angle, Not Injured, N, N
AUS,3,0,0,0,2017, May, Friday,18.00,60, Dry, N, Night, Rear End, Not Injured, N, N
AUS,3,0,0,1,2017, May, Saturday,18.00,60, Wet, Y, Night, Rear End, Minor Injury, N, N
AUS,2,0,0,0,2017, May, Wednesday,18.00,60, Dry, N, Night, Side Swipe, Not Injured, N, N
AUS,2,0,0,2,2017, June, Tuesday,18.00,60, Dry, N, Night, Rear End, Minor Injury, N, N
AUS,2,0,0,2,2017, June, Tuesday,18.00,60, Dry, N, Night, Side Swipe, Minor Injury, N, Y
AUS,2,0,0,0,2017, June, Friday,18.00,60, Dry, N, Night, Rear End, Not Injured, N, N
AUS,2,0,0,0,2017, June, Saturday,18.00,60, Dry, N, Night, Hit Fixed Object, Not Injured, N, N
AUS,3,0,0,1,2017, June, Wednesday,18.00,60, Wet, Y, Night, Rear End, Minor Injury, N, N
AUS,2,0,0,0,2017, July, Wednesday,18.00,60, Dry, N, Night, Hit Fixed Object, Not Injured, N, N
AUS,3,0,0,0,2017, July, Sunday,18.00,60, Dry, N, Night, Rear End, Not Injured, N, N
AUS,2,0,0,1,2017, August, Wednesday,18.00,60, Dry, N, Night, Right Angle, Minor Injury, N, N
AUS,2,0,0,1,2017, July, Monday,18.00,60, Dry, N, Night, Rear End, Minor Injury, N, N
AUS,2,0,0,2,2017, August, Wednesday,18.00,60, Dry, N, Night, Right Angle, Minor Injury, N, N
AUS,2,0,0,0,2017, August, Friday,18.00,60, Dry, N, Night, Right Angle, Not Injured, N, N
AUS,2,0,0,0,2017, August, Saturday,18.00,60, Dry, N, Night, Head On, Not Injured, N, N
AUS,2,0,0,0,2017, August, Sunday,18.00,60, Wet, Y, Night, Rear End, Not Injured, N, N
AUS,2,0,0,1,2017, June, Thursday,18.00,60, Dry, N, Night, Rear End, Minor Injury, N, N
AUS,2,0,0,0,2017, August, Monday,18.00,60, Dry, N, Night, Right Angle, Not Injured, N, N
AUS,2,0,0,2,2017, August, Wednesday,18.00,60, Dry, N, Night, Rear End, Minor Injury, N, N
AUS,2,0,0,1,2017, September, Saturday,18.00,60, Dry, N, Daylight, Right Angle, Minor Injury, N, N
AUS,4,0,0,1,2017, September, Friday,18.00,60, Dry, N, Daylight, Rear End, Minor Injury, N, N
AUS,2,0,0,0,2017, September, Wednesday,18.00,60, Dry, N, Daylight, Rear End, Not Injured, N, N
AUS,2,0,0,0,2017, October, Tuesday,18.00,60, Dry, N, Daylight, Right Angle, Not Injured, N, N
AUS,2,0,0,0,2017, October, Tuesday,18.00,60, Dry, N, Daylight, Hit Fixed Object, Not Injured, N, N
AUS,2,0,0,1,2017, October, Tuesday,18.00,60, Dry, N, Daylight, Right Angle, Minor Injury, N, N
AUS,2,0,1,0,2017, October, Friday,18.00,60, Dry, N, Daylight, Rear End, Major Injury, N, N
AUS,2,0,0,1,2017, October, Friday,18.00,60, Dry, N, Daylight, Hit Pedestrian, Minor Injury, N, N
AUS,2,0,0,1,2017, October, Friday,18.00,60, Dry, N, Daylight, Rear End, Minor Injury, N, N
AUS,2,0,0,0,2017, October, Tuesday,18.00,60, Dry, N, Daylight, Hit Fixed Object, Not Injured, N, N
AUS,2,0,0,0,2017, October, Friday,18.00,60, Dry, N, Daylight, Side Swipe, Not Injured, N, N
AUS,2,0,0,0,2017, October, Friday,18.00,60, Dry, N, Daylight, Side Swipe, Not Injured, N, N
AUS,2,0,0,0,2017, October, Saturday,18.00,60, Dry, N, Daylight, Right Angle, Not Injured, N, N
AUS,2,0,0,0,2017, November, Saturday,18.00,60, Dry, N, Daylight, Rear End, Not Injured, N, N
AUS,2,0,0,0,2017, November, Monday,18.00,60, Dry, N, Daylight, Right Angle, Not Injured, N, N
AUS,2,0,0,0,2017, November, Wednesday,18.00,60, Dry, N, Daylight, Rear End, Not Injured, N, N
AUS,2,0,0,0,2017, November, Sunday,18.00,60, Dry, N, Daylight, Hit Fixed Object, Not Injured, N, N
AUS,2,0,0,1,2017, November, Tuesday,18.00,60, Dry, N, Daylight, Side Swipe, Minor Injury, N, N
AUS,4,0,0,1,2017, November, Saturday,18.00,60, Dry, N, Daylight, Rear End, Minor Injury, N, N
AUS,2,0,0,0,2017, December, Friday,18.00,60, Dry, N, Daylight, Side Swipe, Not Injured, N, N
AUS,2,0,0,1,2017, December, Wednesday,18.00,60, Dry, N, Daylight, Right Angle, Minor Injury, N, N
AUS,2,0,0,2,2017, December, Thursday,18.00,60, Dry, N, Daylight, Right Angle, Minor Injury, N, N
AUS,3,0,0,0,2017, December, Tuesday,18.00,60, Dry, N, Daylight, Rear End, Not Injured, N, N
AUS,2,0,0,1,2017, December, Tuesday,18.00,60, Dry, N, Daylight, Rear End, Minor Injury, N, N
US,2,0,0,1,2017, January, Thursday,18.00,64, Wet, N, Night, Rear End, Minor Injury, N, N
US,2,0,0,0,2017, February, Sunday,18.00,64, Dry, N, Daylight, Side Swipe, Not Injured, Y, N
US,3,0,0,1,2017, June, Thursday,18.00,64, Dry, N, Daylight, Rear End, Minor Injury, N, N
US,2,0,0,0,2017, June, Friday,18.00,64, Wet, N, Daylight, Right Angle, Minor Injury, N, N
US,2,0,0,0,2017, October, Monday,18.00,64, Dry, N, Daylight, Rear End, Not Injured, N, N
US,2,0,0,0,2017, October, Monday,18.00,64, Dry, N, Daylight, Rear End, Not Injured, N, N
US,2,0,0,1,2017, December, Monday,18.00,64, Dry, N, Night, Right Angle, Minor Injury, N, N
AUS,2,0,0,1,2017, March, Thursday,18.00,70, Dry, N, Daylight, Rear End, Minor Injury, N, N
AUS,2,0,0,2,2017, May, Friday,18.00,70, Dry, N, Night, Rear End, Minor Injury, N, N
AUS,2,0,0,0,2017, June, Friday,18.00,70, Dry, N, Night, Side Swipe, Not Injured, N, N
AUS,2,0,0,0,2017, September, Friday,18.00,70, Dry, N, Daylight, Rear End, Not Injured, N, N
US,2,0,0,0,2017, February, Monday,18.00,72, Dry, N, Daylight, Rear End, Not Injured, N, N
US,2,0,0,0,2017, July, Wednesday,18.00,72, Dry, N, Daylight, Rear End, Not Injured, N, N
US,2,0,0,0,2017, July, Tuesday,18.00,72, Wet, N, Daylight, Right Angle, Not Injured, N, N
US,2,0,0,0,2017, July, Wednesday,18.00,72, Dry, N, Daylight, Rear End, Not Injured, N, N
US,2,0,0,0,2017, August, Friday,18.00,72, Dry, N, Daylight, Right Angle, Minor Injury, N, N
US,2,0,0,0,2017, September, Friday,18.00,72, Dry, N, Daylight, Right Angle, Not Injured, N, N
US,3,0,0,1,2017, October, Tuesday,18.00,72, Dry, N, Daylight, Rear End, Minor Injury, N, N