Nation,Total Units,Total Fatalities,Total Serious Injuries,Total Minor Injuries,Year,Month,Day,Time,Speed Limit,Moisture,Adverse Weather Conditions,DayNight,Crash Type,Crash Severity,Alcohol Related ,Drug Related
US,2,0,0,0,2017, November, Friday,18.00,72, Dry, N, Night, Rear End, Not Injured, N, N
AUS,2,0,0,0,2017, January, Tuesday,18.00,80, Dry, N, Daylight, Right Angle, Not Injured, N, N
AUS,2,0,0,0,2017, January, Wednesday,18.00,80, Dry, N, Daylight, Rear End, Not Injured, N, N
AUS,3,0,0,0,2017, January, Wednesday,18.00,80, Dry, N, Daylight, Rear End, Not Injured, N, N
AUS,3,0,0,1,2017, January, Wednesday,18.00,80, Dry, N, Daylight, Rear End, Minor Injury, N, N
AUS,2,0,0,0,2017, February, Wednesday,18.00,80, Dry, N, Daylight, Right Angle, Not Injured, N, N
AUS,2,0,0,0,2017, February, Saturday,18.00,80, Dry, N, Daylight, Right Angle, Not Injured, N, N
AUS,2,0,0,1,2017, March, Tuesday,18.00,80, Dry, N, Daylight, Hit Fixed Object, Minor Injury, N, N
AUS,2,0,0,1,2017, March, Saturday,18.00,80, Dry, N, Daylight, Hit Fixed Object, Minor Injury, Y, N
AUS,2,0,0,0,2017, April, Sunday,18.00,80, Dry, N, Daylight, Hit Fixed Object, Not Injured, N, N
AUS,3,0,0,0,2017, April, Thursday,18.00,80, Dry, N, Daylight, Rear End, Not Injured, N, N
AUS,2,0,0,0,2017, April, Sunday,18.00,80, Wet, Y, Daylight, Hit Fixed Object, Not Injured, N, N
AUS,2,0,0,0,2017, May, Friday,18.00,80, Dry, N, Night, Hit Fixed Object, Not Injured, Y, N
AUS,3,0,0,0,2017, May, Wednesday,18.00,80, Wet, Y, Night, Rear End, Not Injured, N, N
AUS,5,0,0,1,2017, May, Wednesday,18.00,80, Dry, N, Night, Rear End, Minor Injury, N, N
AUS,2,0,0,1,2017, July, Sunday,18.00,80, Dry, N, Night, Hit Fixed Object, Minor Injury, N, N
AUS,2,0,0,0,2017, July, Thursday,18.00,80, Dry, N, Night, Hit Fixed Object, Not Injured, N, N
AUS,3,0,0,0,2017, July, Friday,18.00,80, Wet, Y, Night, Rear End, Not Injured, N, N
AUS,2,0,0,0,2017, September, Friday,18.00,80, Dry, N, Daylight, Hit Fixed Object, Not Injured, N, N
US,4,0,0,0,2017, January, Wednesday,18.00,89, Dry, N, Night, Right Angle, Not Injured, N, N
US,2,0,0,0,2017, March, Wednesday,18.00,89, Dry, N, Daylight, Side Swipe, Not Injured, N, N
US,3,0,0,0,2017, March, Tuesday,18.00,89, Dry, N, Daylight, Rear End, Not Injured, N, N
US,5,0,0,1,2017, April, Friday,18.00,89, Dry, N, Night, Rear End, Minor Injury, N, N
US,2,0,0,0,2017, August, Thursday,18.00,89, Dry, N, Daylight, Rear End, Not Injured, Y, N
US,4,0,0,0,2017, July, Wednesday,18.00,89, Dry, N, Daylight, Rear End, Not Injured, N, N
US,3,0,0,0,2017, September, Friday,18.00,89, Dry, N, Daylight, Rear End, Not Injured, N, N
US,2,0,0,0,2017, September, Friday,18.00,89, Dry, N, Daylight, Rear End, Minor Injury, N, N
US,2,0,0,0,2017, October, Friday,18.00,89, Dry, N, Night, Rear End, Not Injured, N, N
US,5,0,0,0,2017, October, Sunday,18.00,89, Wet, Y, Night, Rear End, Not Injured, N, N
US,2,0,0,1,2017, November, Monday,18.00,89, Dry, N, Night, Rear End, Minor Injury, N, N
US,2,0,0,0,2017, December, Tuesday,18.00,89, Wet, Y, Night, Rear End, Not Injured, N, N
US,4,0,0,0,2017, December, Saturday,18.00,89, Dry, N, Night, Rear End, Not Injured, N, N
US,2,0,0,0,2017, November, Friday,18.00,89, Dry, N, Night, Rear End, Not Injured, N, N
US,3,0,0,0,2017, December, Tuesday,18.00,89, Dry, N, Night, Rear End, Minor Injury, N, N
AUS,2,0,0,2,2017, January, Monday,18.00,90, Dry, N, Daylight, Rear End, Minor Injury, N, N
AUS,3,0,0,0,2017, May, Sunday,18.00,90, Dry, N, Night, Rear End, Not Injured, N, N
AUS,2,0,0,0,2017, August, Thursday,18.00,90, Dry, N, Night, Rear End, Not Injured, N, N
AUS,2,0,0,1,2017, December, Wednesday,18.00,90, Dry, N, Daylight, Head On, Minor Injury, N, N
AUS,2,0,0,0,2017, February, Friday,18.00,100, Dry, N, Daylight, Hit Fixed Object, Not Injured, N, N
AUS,2,0,0,0,2017, February, Monday,18.00,100, Dry, N, Daylight, Hit Fixed Object, Not Injured, N, N
AUS,2,0,0,0,2017, February, Friday,18.00,100, Dry, N, Daylight, Hit Fixed Object, Not Injured, N, N
AUS,2,0,0,1,2017, March, Wednesday,18.00,100, Dry, N, Daylight, Rear End, Minor Injury, N, N
AUS,2,0,0,1,2017, May, Monday,18.00,100, Wet, Y, Night, Hit Fixed Object, Minor Injury, Y, N
AUS,2,0,0,0,2017, June, Wednesday,18.00,100, Wet, Y, Night, Hit Fixed Object, Not Injured, N, N
AUS,2,0,1,0,2017, August, Friday,18.00,100, Dry, N, Night, Hit Fixed Object, Major Injury, N, N
AUS,2,0,0,0,2017, September, Saturday,18.00,100, Dry, N, Daylight, Hit Fixed Object, Not Injured, N, N
AUS,2,0,0,5,2017, January, Saturday,18.00,110, Dry, N, Daylight, Right Angle, Minor Injury, N, N
AUS,2,0,0,1,2017, June, Wednesday,18.00,110, Dry, N, Night, Rear End, Minor Injury, N, N
AUS,3,0,0,0,2017, August, Wednesday,18.00,110, Wet, Y, Night, Side Swipe, Not Injured, N, N
AUS,2,0,0,0,2017, August, Sunday,18.00,110, Dry, N, Night, Hit Fixed Object, Not Injured, N, N
AUS,2,0,1,0,2017, October, Friday,18.00,110, Dry, N, Daylight, Hit Fixed Object, Major Injury, N, Y
AUS,2,0,0,1,2017, November, Monday,18.00,110, Dry, N, Daylight, Hit Fixed Object, Minor Injury, N, N
AUS,2,0,0,0,2017, December, Saturday,18.00,110, Dry, N, Daylight, Hit Fixed Object, Not Injured, N, N
AUS,2,0,0,0,2017, December, Sunday,18.00,110, Wet, Y, Daylight, Hit Fixed Object, Not Injured, N, N
AUS,2,0,0,0,2017, December, Monday,18.00,110, Dry, N, Daylight, Hit Fixed Object, Not Injured, N, N
US,2,0,0,0,2017, December, Tuesday,18.20,16, Dry, N, Night, Right Angle, Not Injured, N, N
AUS,2,0,0,0,2017, May, Wednesday,18.20,20, Dry, N, Night, Hit Fixed Object, Not Injured, N, N
US,2,0,0,0,2017, March, Friday,18.20,24, Dry, N, Daylight, Right Angle, Minor Injury, N, N
US,2,0,0,0,2017, July, Sunday,18.20,24, Dry, N, Daylight, Right Angle, Not Injured, N, N
US,2,0,0,0,2017, January, Sunday,18.20,32, Dry, N, Night, Right Angle, Not Injured, N, N
US,3,0,0,1,2017, October, Tuesday,18.20,32, Dry, N, Daylight, Side Swipe, Minor Injury, N, N
AUS,2,0,0,1,2017, September, Thursday,18.20,40, Dry, N, Night, Right Angle, Minor Injury, N, N
US,3,0,0,0,2017, January, Wednesday,18.20,40, Wet, Y, Night, Right Angle, Not Injured, N, N
US,2,0,1,0,2017, January, Saturday,18.20,40, Wet, Y, Night, Hit Pedestrian, Major Injury, Y, N
US,2,0,0,0,2017, January, Monday,18.20,40, Wet, Y, Night, Hit Pedestrian, Minor Injury, N, N
US,2,0,0,0,2017, January, Tuesday,18.20,40, Dry, N, Night, Head On, Minor Injury, Y, N
US,2,0,0,0,2017, January, Saturday,18.20,40, Dry, N, Night, Head On, Not Injured, N, N
US,4,0,0,0,2017, January, Tuesday,18.20,40, Wet, Y, Night, Rear End, Minor Injury, Y, N
US,3,0,0,1,2017, March, Thursday,18.20,40, Dry, N, Daylight, Rear End, Minor Injury, N, N
US,2,0,0,0,2017, March, Wednesday,18.20,40, Dry, N, Daylight, Right Angle, Not Injured, N, N
US,2,0,0,0,2017, June, Monday,18.20,40, Dry, N, Daylight, Head On, Not Injured, N, N
US,2,0,0,0,2017, June, Friday,18.20,40, Dry, N, Daylight, Right Angle, Minor Injury, N, N
US,2,0,0,0,2017, July, Tuesday,18.20,40, Dry, N, Daylight, Rear End, Not Injured, N, N
US,3,0,0,0,2017, July, Thursday,18.20,40, Dry, N, Daylight, Side Swipe, Not Injured, N, N
US,2,0,0,1,2017, July, Friday,18.20,40, Dry, N, Daylight, Right Angle, Minor Injury, N, N
US,3,0,0,0,2017, August, Sunday,18.20,40, Dry, N, Daylight, Side Swipe, Not Injured, N, N
US,2,0,0,0,2017, August, Tuesday,18.20,40, Wet, N, Daylight, Right Angle, Not Injured, N, N
US,2,0,0,0,2017, September, Thursday,18.20,40, Dry, N, Daylight, Rear End, Not Injured, N, N
US,3,0,0,5,2017, September, Thursday,18.20,40, Dry, N, Daylight, Rear End, Minor Injury, N, N
US,2,0,0,0,2017, September, Sunday,18.20,40, Dry, N, Daylight, Right Angle, Not Injured, N, N
US,2,0,0,2,2017, October, Sunday,18.20,40, Dry, N, Daylight, Head On, Minor Injury, N, N
US,2,0,1,0,2017, October, Tuesday,18.20,40, Dry, N, Daylight, Rear End, Major Injury, N, N
US,2,0,0,2,2017, October, Friday,18.20,40, Dry, N, Daylight, Head On, Minor Injury, N, N
US,3,0,0,1,2017, October, Tuesday,18.20,40, Dry, N, Night, Right Angle, Minor Injury, N, N
US,2,0,0,0,2017, October, Saturday,18.20,40, Wet, Y, Night, Head On, Minor Injury, N, N
US,2,0,0,0,2017, November, Wednesday,18.20,40, Wet, Y, Night, Right Angle, Not Injured, N, N
US,2,0,0,0,2017, November, Friday,18.20,40, Dry, N, Night, Side Swipe, Minor Injury, N, N
US,2,0,0,0,2017, November, Friday,18.20,40, Dry, N, Night, Right Angle, Not Injured, N, N
US,2,0,0,3,2017, November, Thursday,18.20,40, Dry, N, Night, Right Angle, Minor Injury, Y, N
US,2,0,0,0,2017, December, Friday,18.20,40, Dry, N, Night, Right Angle, Not Injured, N, N
US,2,0,0,0,2017, December, Saturday,18.20,40, Wet, N, Night, Right Angle, Not Injured, N, N
US,2,0,0,0,2017, December, Thursday,18.20,40, Dry, N, Night, Side Swipe, Not Injured, N, N
US,2,0,0,0,2017, December, Friday,18.20,40, Wet, N, Night, Rear End, Not Injured, N, N
US,2,0,0,0,2017, March, Friday,18.20,48, Dry, N, Daylight, Rear End, Not Injured, N, N
US,2,0,0,1,2017, July, Tuesday,18.20,48, Dry, N, Daylight, Rear End, Minor Injury, N, N
US,4,0,0,0,2017, July, Thursday,18.20,48, Dry, N, Daylight, Right Angle, Minor Injury, N, N
AUS,2,0,0,0,2017, January, Tuesday,18.20,50, Dry, N, Daylight, Right Angle, Not Injured, N, N
AUS,2,0,0,2,2017, January, Monday,18.20,50, Wet, Y, Daylight, Hit Fixed Object, Minor Injury, N, N
AUS,2,0,0,0,2017, January, Monday,18.20,50, Dry, N, Daylight, Right Angle, Not Injured, N, N
AUS,2,0,0,1,2017, February, Wednesday,18.20,50, Dry, N, Daylight, Right Angle, Minor Injury, N, N
AUS,2,0,0,0,2017, February, Tuesday,18.20,50, Dry, N, Daylight, Right Angle, Not Injured, N, N
AUS,2,0,0,1,2017, March, Thursday,18.20,50, Dry, N, Daylight, Rear End, Minor Injury, N, N
AUS,2,0,0,0,2017, March, Friday,18.20,50, Dry, N, Daylight, Right Angle, Not Injured, N, N
AUS,2,0,0,0,2017, April, Friday,18.20,50, Wet, Y, Night, Hit Pedestrian, Not Injured, N, N
AUS,2,0,0,1,2017, May, Friday,18.20,50, Dry, N, Night, Head On, Minor Injury, N, Y
AUS,2,0,0,0,2017, May, Wednesday,18.20,50, Dry, N, Night, Side Swipe, Not Injured, N, N
AUS,2,0,0,0,2017, May, Saturday,18.20,50, Wet, Y, Night, Hit Pedestrian, Not Injured, N, N
AUS,3,0,0,0,2017, June, Tuesday,18.20,50, Dry, N, Night, Rear End, Not Injured, N, N
AUS,3,0,0,2,2017, July, Tuesday,18.20,50, Wet, Y, Night, Hit Pedestrian, Minor Injury, N, N
AUS,3,0,0,2,2017, July, Monday,18.20,50, Wet, N, Night, Rear End, Minor Injury, N, N
AUS,4,0,0,0,2017, August, Monday,18.20,50, Dry, N, Night, Rear End, Not Injured, N, N
AUS,2,0,0,1,2017, August, Saturday,18.20,50, Dry, N, Night, Hit Fixed Object, Minor Injury, N, Y
AUS,2,0,0,1,2017, September, Monday,18.20,50, Wet, Y, Night, Side Swipe, Minor Injury, N, N
AUS,3,0,1,1,2017, October, Monday,18.20,50, Dry, N, Daylight, Hit Pedestrian, Major Injury, N, N
AUS,2,0,0,0,2017, November, Wednesday,18.20,50, Dry, N, Daylight, Side Swipe, Not Injured, N, N
AUS,2,0,0,0,2017, November, Saturday,18.20,50, Dry, N, Daylight, Hit Fixed Object, Not Injured, N, N
AUS,2,0,0,0,2017, November, Thursday,18.20,50, Dry, N, Daylight, Right Angle, Not Injured, N, N
AUS,3,0,0,0,2017, December, Tuesday,18.20,50, Dry, N, Daylight, Rear End, Not Injured, N, N
US,2,0,0,0,2017, March, Friday,18.20,56, Dry, Y, Daylight, Head On, Minor Injury, N, N
US,5,0,0,1,2017, May, Monday,18.20,56, Wet, Y, Daylight, Rear End, Minor Injury, N, N
US,2,0,0,0,2017, May, Monday,18.20,56, Dry, N, Daylight, Right Angle, Not Injured, N, N
US,2,0,0,0,2017, June, Friday,18.20,56, Dry, N, Daylight, Rear End, Not Injured, N, N
US,2,0,0,0,2017, August, Friday,18.20,56, Dry, N, Daylight, Right Angle, Minor Injury, N, N
US,2,0,1,0,2017, August, Wednesday,18.20,56, Dry, N, Daylight, Hit Pedestrian, Major Injury, N, N
US,2,0,0,0,2017, August, Wednesday,18.20,56, Dry, N, Daylight, Head On, Not Injured, N, N
US,3,0,0,0,2017, September, Wednesday,18.20,56, Dry, N, Daylight, Rear End, Not Injured, N, N
US,2,0,0,0,2017, October, Monday,18.20,56, Wet, Y, Night, Rear End, Minor Injury, N, N
US,2,0,0,0,2017, November, Monday,18.20,56, Dry, N, Night, Right Angle, Not Injured, N, N
US,2,0,0,0,2017, November, Monday,18.20,56, Dry, N, Night, Rear End, Not Injured, N, N
US,2,0,0,0,2017, November, Tuesday,18.20,56, Dry, N, Night, Rear End, Minor Injury, Y, N
US,2,0,0,0,2017, November, Friday,18.20,56, Dry, N, Night, Rear End, Not Injured, N, N
US,2,0,0,0,2017, December, Sunday,18.20,56, Dry, N, Night, Right Angle, Not Injured, Y, N
AUS,2,0,0,2,2017, January, Sunday,18.20,60, Dry, N, Daylight, Rear End, Minor Injury, N, N
AUS,2,0,0,0,2017, January, Thursday,18.20,60, Dry, N, Daylight, Rear End, Not Injured, N, N
AUS,2,0,0,2,2017, February, Wednesday,18.20,60, Dry, N, Daylight, Rear End, Minor Injury, N, N
AUS,3,0,0,1,2017, February, Thursday,18.20,60, Dry, N, Daylight, Rear End, Minor Injury, N, N
AUS,2,0,0,0,2017, February, Tuesday,18.20,60, Dry, N, Daylight, Rear End, Not Injured, N, N
AUS,4,0,0,1,2017, February, Wednesday,18.20,60, Dry, N, Daylight, Rear End, Minor Injury, N, N
AUS,2,0,0,0,2017, March, Friday,18.20,60, Dry, N, Daylight, Right Angle, Not Injured, N, N
AUS,2,0,0,1,2017, April, Wednesday,18.20,60, Dry, N, Daylight, Rear End, Minor Injury, N, N
AUS,2,0,0,0,2017, April, Thursday,18.20,60, Wet, Y, Night, Right Angle, Not Injured, N, N
AUS,2,0,0,0,2017, May, Wednesday,18.20,60, Dry, N, Night, Rear End, Not Injured, N, N
AUS,2,0,0,0,2017, June, Thursday,18.20,60, Dry, N, Night, Rear End, Not Injured, N, N
AUS,2,0,0,0,2017, June, Wednesday,18.20,60, Dry, N, Night, Rear End, Not Injured, N, N
AUS,2,0,0,0,2017, June, Tuesday,18.20,60, Dry, N, Night, Hit Pedestrian, Not Injured, N, N
AUS,2,0,0,1,2017, June, Friday,18.20,60, Dry, N, Night, Rear End, Minor Injury, Y, N
AUS,2,0,0,1,2017, June, Tuesday,18.20,60, Dry, N, Night, Rear End, Minor Injury, N, N
AUS,3,0,0,0,2017, June, Wednesday,18.20,60, Wet, Y, Night, Rear End, Not Injured, N, N
AUS,2,0,0,0,2017, July, Sunday,18.20,60, Dry, N, Night, Right Angle, Not Injured, N, N
AUS,2,0,0,1,2017, July, Wednesday,18.20,60, Dry, N, Night, Rear End, Minor Injury, N, N
AUS,2,0,0,1,2017, July, Tuesday,18.20,60, Wet, Y, Night, Rear End, Minor Injury, N, N
AUS,2,0,0,1,2017, August, Wednesday,18.20,60, Dry, N, Night, Hit Fixed Object, Minor Injury, N, N
AUS,2,0,0,0,2017, August, Wednesday,18.20,60, Dry, N, Night, Side Swipe, Not Injured, N, N
AUS,2,0,0,1,2017, September, Friday,18.20,60, Dry, N, Night, Right Angle, Minor Injury, N, N
AUS,3,0,0,0,2017, September, Friday,18.20,60, Dry, N, Night, Rear End, Not Injured, N, N
AUS,2,0,0,0,2017, September, Thursday,18.20,60, Dry, N, Daylight, Right Angle, Not Injured, N, N
AUS,2,0,0,0,2017, September, Friday,18.20,60, Dry, N, Daylight, Side Swipe, Not Injured, N, N
AUS,2,0,0,0,2017, September, Wednesday,18.20,60, Dry, N, Daylight, Rear End, Not Injured, N, N
AUS,2,0,0,1,2017, September, Thursday,18.20,60, Dry, N, Daylight, Rear End, Minor Injury, N, N
AUS,2,0,0,0,2017, September, Friday,18.20,60, Dry, N, Daylight, Hit Fixed Object, Not Injured, N, N
AUS,2,0,0,1,2017, October, Monday,18.20,60, Dry, N, Daylight, Right Angle, Minor Injury, N, N
AUS,2,0,0,0,2017, November, Wednesday,18.20,60, Dry, N, Daylight, Rear End, Not Injured, N, N
AUS,2,0,0,1,2017, November, Friday,18.20,60, Dry, N, Daylight, Rear End, Minor Injury, N, N
AUS,4,0,0,1,2017, November, Wednesday,18.20,60, Dry, N, Daylight, Rear End, Minor Injury, N, N
AUS,3,0,0,0,2017, November, Monday,18.20,60, Dry, N, Daylight, Side Swipe, Not Injured, N, N
AUS,2,0,0,0,2017, November, Sunday,18.20,60, Dry, N, Daylight, Right Angle, Not Injured, N, N
AUS,3,0,0,0,2017, November, Wednesday,18.20,60, Dry, N, Daylight, Side Swipe, Not Injured, N, N
AUS,2,0,0,0,2017, December, Wednesday,18.20,60, Dry, N, Daylight, Right Angle, Not Injured, N, N
AUS,2,0,0,0,2017, December, Tuesday,18.20,60, Dry, N, Daylight, Hit Fixed Object, Not Injured, N, N
AUS,2,0,0,0,2017, December, Thursday,18.20,60, Dry, N, Daylight, Rear End, Not Injured, N, N
AUS,5,0,0,0,2017, December, Saturday,18.20,60, Dry, N, Daylight, Rear End, Not Injured, N, N
AUS,2,0,0,0,2017, December, Sunday,18.20,60, Dry, N, Daylight, Right Angle, Not Injured, N, N
US,2,0,0,0,2017, January, Tuesday,18.20,64, Wet, Y, Night, Rear End, Not Injured, N, N
US,3,0,0,0,2017, February, Thursday,18.20,64, Dry, Y, Night, Rear End, Not Injured, N, N
US,2,0,0,0,2017, February, Thursday,18.20,64, Dry, N, Night, Rear End, Not Injured, N, N
US,3,0,0,0,2017, March, Monday,18.20,64, Dry, N, Daylight, Right Angle, Minor Injury, N, N
US,2,0,0,0,2017, March, Friday,18.20,64, Dry, N, Daylight, Side Swipe, Minor Injury, N, N
US,2,0,0,0,2017, August, Wednesday,18.20,64, Dry, N, Daylight, Right Angle, Minor Injury, N, N
US,2,0,0,0,2017, December, Tuesday,18.20,64, Wet, Y, Night, Right Angle, Not Injured, N, N
US,2,0,0,0,2017, December, Wednesday,18.20,64, Dry, N, Night, Right Angle, Not Injured, N, N
US,3,0,0,0,2017, December, Tuesday,18.20,64, Dry, N, Night, Rear End, Minor Injury, N, N
AUS,2,0,0,1,2017, January, Wednesday,18.20,70, Dry, N, Daylight, Rear End, Minor Injury, N, N
AUS,9,0,0,0,2017, April, Wednesday,18.20,70, Dry, N, Night, Rear End, Not Injured, N, N
AUS,2,0,0,1,2017, June, Monday,18.20,70, Dry, N, Night, Rear End, Minor Injury, N, N
US,2,0,0,0,2017, April, Monday,18.20,72, Wet, Y, Night, Rear End, Not Injured, N, N
US,2,0,0,0,2017, October, Wednesday,18.20,72, Wet, Y, Daylight, Rear End, Not Injured, N, N
US,2,0,0,0,2017, November, Monday,18.20,72, Dry, N, Night, Side Swipe, Not Injured, N, N
AUS,2,0,0,0,2017, April, Saturday,18.20,80, Dry, N, Daylight, Right Angle, Not Injured, N, N
AUS,2,0,0,0,2017, April, Thursday,18.20,80, Wet, Y, Night, Rear End, Not Injured, N, N
AUS,4,0,0,0,2017, April, Thursday,18.20,80, Wet, Y, Night, Rear End, Not Injured, N, N
AUS,2,0,0,0,2017, May, Wednesday,18.20,80, Wet, Y, Night, Rear End, Not Injured, N, N
AUS,2,0,0,0,2017, September, Sunday,18.20,80, Dry, N, Night, Hit Fixed Object, Not Injured, N, N
US,2,0,0,0,2017, February, Wednesday,18.20,89, Dry, N, Night, Rear End, Not Injured, N, N
US,3,0,0,0,2017, April, Monday,18.20,89, Dry, N, Daylight, Rear End, Minor Injury, N, N
US,2,0,0,0,2017, May, Tuesday,18.20,89, Dry, N, Daylight, Right Angle, Not Injured, N, N
US,3,0,0,0,2017, May, Friday,18.20,89, Dry, N, Daylight, Rear End, Not Injured, N, N
US,2,0,0,0,2017, June, Wednesday,18.20,89, Wet, N, Daylight, Right Angle, Not Injured, N, N
US,2,0,0,0,2017, June, Thursday,18.20,89, Dry, N, Daylight, Rear End, Not Injured, N, N
US,2,0,0,0,2017, June, Friday,18.20,89, Dry, N, Daylight, Rear End, Minor Injury, N, N
US,2,0,0,2,2017, August, Saturday,18.20,89, Dry, N, Daylight, Rear End, Minor Injury, N, N
US,3,0,0,0,2017, August, Monday,18.20,89, Dry, N, Daylight, Rear End, Not Injured, N, N
US,3,0,0,0,2017, November, Thursday,18.20,89, Dry, N, Night, Rear End, Not Injured, N, N
US,3,0,0,0,2017, November, Monday,18.20,89, Dry, N, Night, Rear End, Minor Injury, N, N
AUS,2,0,0,0,2017, February, Sunday,18.20,100, Wet, Y, Daylight, Hit Fixed Object, Not Injured, N, N
AUS,2,0,0,0,2017, April, Saturday,18.20,100, Dry, N, Night, Hit Fixed Object, Not Injured, N, N
AUS,2,0,0,1,2017, May, Friday,18.20,100, Dry, N, Night, Right Angle, Minor Injury, N, N
AUS,2,0,1,0,2017, October, Wednesday,18.20,100, Dry, N, Daylight, Hit Fixed Object, Major Injury, N, N
AUS,2,0,0,0,2017, March, Saturday,18.20,110, Dry, N, Daylight, Hit Fixed Object, Not Injured, Y, N
AUS,2,0,0,1,2017, November, Sunday,18.20,110, Dry, N, Daylight, Hit Fixed Object, Minor Injury, N, Y
US,2,0,0,0,2017, January, Sunday,18.30,24, Dry, N, Night, Right Angle, Not Injured, N, N
AUS,2,1,0,0,2017, November, Wednesday,18.30,30, Dry, N, Daylight, Hit Pedestrian, Fatal, N, N
US,2,0,0,0,2017, August, Monday,18.30,32, Dry, N, Daylight, Side Swipe, Not Injured, N, N
AUS,2,0,0,0,2017, February, Saturday,18.30,40, Dry, N, Daylight, Right Angle, Not Injured, N, N
US,2,0,0,0,2017, January, Wednesday,18.30,40, Dry, N, Night, Side Swipe, Not Injured, N, N
US,2,0,0,0,2017, February, Wednesday,18.30,40, Wet, Y, Night, Right Angle, Not Injured, N, N
US,2,0,0,1,2017, February, Thursday,18.30,40, Wet, Y, Night, Hit Pedestrian, Minor Injury, N, N
US,2,0,0,0,2017, February, Saturday,18.30,40, Dry, N, Night, Hit Pedestrian, Minor Injury, N, N
US,3,0,0,0,2017, February, Thursday,18.30,40, Dry, N, Night, Rear End, Not Injured, N, N
US,2,0,0,1,2017, March, Thursday,18.30,40, Dry, N, Daylight, Right Angle, Minor Injury, N, N
US,2,0,0,0,2017, March, Saturday,18.30,40, Dry, N, Night, Side Swipe, Not Injured, Y, N
US,2,0,0,0,2017, March, Friday,18.30,40, Dry, Y, Daylight, Head On, Not Injured, N, N
US,2,0,0,0,2017, March, Monday,18.30,40, Dry, N, Daylight, Right Angle, Not Injured, N, N
US,2,0,0,1,2017, March, Monday,18.30,40, Dry, N, Daylight, Side Swipe, Minor Injury, N, N
US,2,0,0,0,2017, March, Tuesday,18.30,40, Dry, N, Daylight, Right Angle, Minor Injury, N, N
US,2,0,0,0,2017, April, Wednesday,18.30,40, Dry, N, Daylight, Right Angle, Not Injured, N, N
US,2,0,0,0,2017, April, Thursday,18.30,40, Dry, N, Daylight, Head On, Not Injured, N, N
US,4,0,0,1,2017, April, Tuesday,18.30,40, Dry, N, Daylight, Rear End, Minor Injury, N, N
US,4,0,0,0,2017, April, Friday,18.30,40, Dry, N, Daylight, Right Angle, Not Injured, N, N
US,2,0,0,0,2017, May, Monday,18.30,40, Dry, N, Daylight, Rear End, Minor Injury, N, N
US,2,0,0,0,2017, May, Wednesday,18.30,40, Wet, Y, Daylight, Head On, Not Injured, N, N
US,2,0,0,0,2017, June, Friday,18.30,40, Dry, N, Daylight, Side Swipe, Not Injured, Y, N
US,2,0,0,0,2017, June, Saturday,18.30,40, Dry, N, Daylight, Right Angle, Minor Injury, N, N
US,2,0,0,0,2017, July, Monday,18.30,40, Dry, N, Daylight, Right Angle, Not Injured, N, N
US,2,0,0,0,2017, August, Tuesday,18.30,40, Dry, N, Daylight, Right Angle, Not Injured, N, N
US,2,0,0,0,2017, August, Monday,18.30,40, Dry, N, Night, Rear End, Not Injured, N, N
US,2,0,0,0,2017, August, Wednesday,18.30,40, Dry, N, Daylight, Head On, Not Injured, N, N
US,2,0,0,0,2017, September, Friday,18.30,40, Dry, N, Daylight, Rear End, Not Injured, Y, N
US,2,0,0,1,2017, October, Monday,18.30,40, Dry, N, Night, Right Angle, Minor Injury, N, N
US,2,0,0,0,2017, October, Monday,18.30,40, Dry, N, Daylight, Right Angle, Not Injured, N, N
US,2,0,0,0,2017, November, Sunday,18.30,40, Dry, N, Night, Side Swipe, Not Injured, Y, N
US,2,0,0,0,2017, December, Thursday,18.30,40, Dry, N, Night, Rear End, Not Injured, N, N
US,2,0,0,0,2017, December, Friday,18.30,40, Dry, N, Night, Right Angle, Not Injured, N, N
US,2,0,0,0,2017, December, Wednesday,18.30,40, Wet, N, Night, Right Angle, Not Injured, N, N
US,2,0,0,0,2017, December, Sunday,18.30,40, Wet, Y, Night, Right Angle, Not Injured, N, N
US,3,0,0,1,2017, December, Tuesday,18.30,40, Dry, Y, Night, Right Angle, Minor Injury, N, N
US,3,0,0,0,2017, February, Monday,18.30,48, Dry, N, Night, Rear End, Not Injured, N, N
US,2,0,0,1,2017, August, Tuesday,18.30,48, Dry, N, Daylight, Hit Pedestrian, Minor Injury, N, N
US,2,0,0,0,2017, November, Thursday,18.30,48, Wet, Y, Night, Rear End, Not Injured, N, N
AUS,2,0,0,1,2017, January, Monday,18.30,50, Dry, N, Daylight, Side Swipe, Minor Injury, N, N
AUS,2,0,0,0,2017, February, Saturday,18.30,50, Dry, N, Daylight, Right Angle, Not Injured, N, N
AUS,2,0,0,0,2017, February, Wednesday,18.30,50, Dry, N, Daylight, Rear End, Not Injured, N, N
AUS,2,0,0,0,2017, February, Monday,18.30,50, Dry, N, Daylight, Hit Fixed Object, Not Injured, N, N
AUS,2,0,1,0,2017, March, Tuesday,18.30,50, Dry, N, Daylight, Hit Pedestrian, Major Injury, N, N
AUS,2,0,0,0,2017, March, Thursday,18.30,50, Dry, N, Daylight, Hit Pedestrian, Not Injured, N, N