Nation,Total Units,Total Fatalities,Total Serious Injuries,Total Minor Injuries,Year,Month,Day,Time,Speed Limit,Moisture,Adverse Weather Conditions,DayNight,Crash Type,Crash Severity,Alcohol Related ,Drug Related
US,2,0,0,0,2017, March, Tuesday,19.20,40, Dry, N, Daylight, Right Angle, Minor Injury, N, N
US,2,0,0,3,2017, April, Sunday,19.20,40, Dry, N, Daylight, Right Angle, Minor Injury, N, N
US,2,0,1,1,2017, April, Friday,19.20,40, Dry, N, Daylight, Right Angle, Major Injury, N, N
US,2,0,0,3,2017, May, Monday,19.20,40, Wet, Y, Daylight, Right Angle, Minor Injury, N, N
US,2,0,0,0,2017, May, Monday,19.20,40, Dry, N, Daylight, Rear End, Not Injured, Y, N
US,2,0,0,0,2017, June, Wednesday,19.20,40, Dry, N, Daylight, Rear End, Minor Injury, N, N
US,2,0,0,0,2017, July, Saturday,19.20,40, Dry, N, Daylight, Right Angle, Not Injured, N, N
US,3,0,0,1,2017, July, Sunday,19.20,40, Dry, N, Daylight, Right Angle, Minor Injury, N, N
US,2,0,0,0,2017, July, Monday,19.20,40, Dry, N, Daylight, Head On, Not Injured, N, N
US,2,0,0,0,2017, August, Monday,19.20,40, Dry, N, Daylight, Head On, Not Injured, N, N
US,2,0,0,0,2017, August, Wednesday,19.20,40, Dry, N, Daylight, Right Angle, Not Injured, N, N
US,2,0,0,1,2017, August, Wednesday,19.20,40, Dry, N, Daylight, Rear End, Minor Injury, N, N
US,3,0,0,0,2017, September, Tuesday,19.20,40, Dry, N, Daylight, Head On, Not Injured, N, N
US,2,0,0,0,2017, September, Saturday,19.20,40, Dry, N, Daylight, Side Swipe, Not Injured, N, N
US,2,0,0,0,2017, September, Wednesday,19.20,40, Dry, N, Daylight, Right Angle, Not Injured, N, N
US,2,0,0,1,2017, October, Wednesday,19.20,40, Dry, N, Night, Right Angle, Minor Injury, N, N
US,2,0,0,1,2017, October, Friday,19.20,40, Dry, N, Night, Head On, Minor Injury, N, N
US,3,0,0,0,2017, October, Thursday,19.20,40, Dry, N, Night, Rear End, Not Injured, N, N
US,3,0,0,0,2017, November, Thursday,19.20,40, Dry, N, Night, Rear End, Not Injured, N, N
US,2,0,0,0,2017, November, Tuesday,19.20,40, Dry, N, Night, Head On, Not Injured, N, N
US,2,0,0,0,2017, November, Wednesday,19.20,40, Dry, N, Night, Right Angle, Not Injured, N, N
US,2,0,0,0,2017, December, Saturday,19.20,40, Dry, Y, Night, Right Angle, Not Injured, N, N
US,2,0,0,0,2017, July, Wednesday,19.20,48, Dry, N, Daylight, Rear End, Not Injured, N, N
AUS,2,0,0,0,2017, January, Friday,19.20,50, Dry, N, Daylight, Hit Fixed Object, Not Injured, N, N
AUS,2,0,0,0,2017, February, Saturday,19.20,50, Dry, N, Daylight, Hit Fixed Object, Not Injured, N, N
AUS,2,0,0,0,2017, March, Friday,19.20,50, Dry, N, Daylight, Right Angle, Not Injured, N, N
AUS,3,0,0,0,2017, April, Saturday,19.20,50, Dry, N, Night, Hit Fixed Object, Not Injured, Y, N
AUS,2,0,0,0,2017, June, Friday,19.20,50, Dry, N, Night, Hit Fixed Object, Not Injured, N, Y
AUS,2,1,0,0,2017, July, Tuesday,19.20,50, Wet, Y, Night, Hit Pedestrian, Fatal, N, N
AUS,2,0,0,0,2017, August, Wednesday,19.20,50, Dry, N, Night, Hit Fixed Object, Not Injured, N, N
AUS,2,0,0,1,2017, October, Saturday,19.20,50, Dry, N, Daylight, Hit Fixed Object, Minor Injury, N, N
AUS,2,0,0,0,2017, November, Friday,19.20,50, Wet, Y, Daylight, Hit Fixed Object, Not Injured, N, N
AUS,2,0,0,0,2017, December, Friday,19.20,50, Dry, N, Daylight, Right Angle, Not Injured, N, N
AUS,2,0,0,1,2017, December, Wednesday,19.20,50, Dry, N, Daylight, Hit Fixed Object, Minor Injury, N, N
US,2,0,0,0,2017, January, Tuesday,19.20,56, Wet, Y, Night, Side Swipe, Not Injured, N, N
US,2,0,0,0,2017, March, Sunday,19.20,56, Dry, N, Daylight, Rear End, Not Injured, N, N
US,2,0,0,0,2017, April, Tuesday,19.20,56, Dry, N, Daylight, Right Angle, Not Injured, N, N
US,2,0,0,0,2017, May, Wednesday,19.20,56, Dry, N, Daylight, Rear End, Not Injured, N, N
US,3,0,0,2,2017, June, Monday,19.20,56, Dry, N, Daylight, Right Angle, Minor Injury, N, N
US,2,0,0,0,2017, August, Monday,19.20,56, Dry, N, Daylight, Rear End, Not Injured, N, N
US,2,0,0,1,2017, September, Friday,19.20,56, Wet, N, Night, Rear End, Minor Injury, N, N
US,2,0,0,0,2017, October, Tuesday,19.20,56, Dry, N, Night, Rear End, Not Injured, N, N
US,2,0,0,0,2017, October, Saturday,19.20,56, Dry, N, Night, Rear End, Not Injured, N, N
US,2,0,0,0,2017, October, Thursday,19.20,56, Dry, N, Night, Rear End, Minor Injury, N, N
US,2,0,0,1,2017, November, Monday,19.20,56, Dry, N, Night, Rear End, Minor Injury, N, N
US,2,0,0,0,2017, October, Sunday,19.20,56, Wet, Y, Night, Right Angle, Not Injured, N, N
US,2,0,1,0,2017, December, Wednesday,19.20,56, Wet, N, Night, Hit Pedestrian, Major Injury, N, N
US,2,0,0,0,2017, December, Friday,19.20,56, Dry, Y, Night, Right Angle, Not Injured, N, N
AUS,2,0,0,0,2017, January, Thursday,19.20,60, Dry, N, Daylight, Right Angle, Not Injured, Y, N
AUS,2,0,0,1,2017, February, Friday,19.20,60, Dry, N, Daylight, Rear End, Minor Injury, N, N
AUS,3,0,0,1,2017, April, Wednesday,19.20,60, Dry, N, Night, Rear End, Minor Injury, N, N
AUS,2,0,0,0,2017, May, Thursday,19.20,60, Dry, N, Night, Rear End, Not Injured, N, N
AUS,2,0,0,0,2017, May, Tuesday,19.20,60, Dry, N, Night, Side Swipe, Not Injured, N, N
AUS,2,0,0,1,2017, May, Thursday,19.20,60, Dry, N, Night, Side Swipe, Minor Injury, N, N
AUS,2,0,0,0,2017, July, Tuesday,19.20,60, Wet, Y, Night, Right Angle, Not Injured, N, N
AUS,2,0,0,0,2017, July, Friday,19.20,60, Dry, N, Night, Side Swipe, Not Injured, N, N
AUS,2,0,0,1,2017, July, Wednesday,19.20,60, Dry, N, Night, Side Swipe, Minor Injury, N, N
AUS,2,0,0,0,2017, July, Friday,19.20,60, Dry, N, Night, Side Swipe, Not Injured, N, N
AUS,4,0,0,0,2017, August, Thursday,19.20,60, Dry, N, Night, Rear End, Not Injured, N, N
AUS,2,0,0,1,2017, August, Wednesday,19.20,60, Dry, N, Night, Rear End, Minor Injury, N, N
AUS,2,0,0,0,2017, August, Monday,19.20,60, Dry, N, Night, Rear End, Not Injured, N, N
AUS,2,0,0,0,2017, October, Sunday,19.20,60, Dry, N, Daylight, Rear End, Not Injured, N, N
AUS,2,0,0,0,2017, October, Monday,19.20,60, Dry, N, Daylight, Side Swipe, Not Injured, N, N
AUS,3,0,0,0,2017, October, Friday,19.20,60, Dry, N, Daylight, Rear End, Not Injured, N, N
AUS,2,0,0,0,2017, December, Wednesday,19.20,60, Dry, N, Daylight, Rear End, Not Injured, N, N
AUS,2,0,0,0,2017, December, Thursday,19.20,60, Dry, N, Daylight, Hit Fixed Object, Not Injured, N, N
US,2,0,0,0,2017, March, Friday,19.20,64, Dry, N, Night, Rear End, Minor Injury, N, N
US,2,0,0,0,2017, May, Friday,19.20,64, Dry, N, Daylight, Right Angle, Not Injured, N, N
US,2,0,0,0,2017, December, Thursday,19.20,64, Dry, N, Night, Head On, Not Injured, N, N
US,2,0,0,0,2017, August, Saturday,19.20,72, Dry, N, Daylight, Rear End, Not Injured, N, N
US,2,0,0,0,2017, December, Tuesday,19.20,72, Wet, Y, Night, Rear End, Not Injured, N, N
AUS,2,0,0,2,2017, February, Thursday,19.20,80, Dry, N, Daylight, Hit Fixed Object, Minor Injury, N, N
AUS,2,0,0,4,2017, March, Sunday,19.20,80, Dry, N, Daylight, Right Angle, Minor Injury, N, N
AUS,2,0,0,1,2017, April, Tuesday,19.20,80, Dry, N, Night, Right Angle, Minor Injury, N, N
AUS,2,0,0,0,2017, April, Thursday,19.20,80, Wet, N, Night, Rear End, Not Injured, N, N
AUS,2,0,0,0,2017, September, Sunday,19.20,80, Dry, N, Night, Right Angle, Not Injured, N, N
US,3,0,0,0,2017, February, Saturday,19.20,89, Dry, N, Night, Rear End, Not Injured, N, N
US,3,0,0,0,2017, August, Sunday,19.20,89, Dry, N, Daylight, Rear End, Not Injured, N, N
US,5,0,0,6,2017, July, Monday,19.20,89, Dry, N, Daylight, Rear End, Minor Injury, N, N
US,2,0,0,0,2017, October, Tuesday,19.20,89, Dry, N, Night, Right Angle, Minor Injury, N, N
US,3,0,0,1,2017, December, Friday,19.20,89, Wet, N, Night, Rear End, Minor Injury, N, N
AUS,3,1,0,1,2017, August, Tuesday,19.20,90, Dry, N, Night, Head On, Fatal, N, N
AUS,2,0,0,1,2017, January, Tuesday,19.20,100, Dry, N, Daylight, Side Swipe, Minor Injury, N, N
US,2,0,0,0,2017, January, Wednesday,19.30,40, Wet, Y, Night, Hit Pedestrian, Minor Injury, N, N
US,2,0,0,0,2017, January, Monday,19.30,40, Wet, Y, Night, Head On, Not Injured, N, N
US,3,0,0,0,2017, January, Tuesday,19.30,40, Wet, N, Night, Rear End, Not Injured, N, N
US,2,0,0,2,2017, February, Wednesday,19.30,40, Wet, Y, Night, Right Angle, Minor Injury, N, N
US,2,0,0,2,2017, March, Tuesday,19.30,40, Wet, Y, Night, Head On, Minor Injury, N, N
US,2,0,0,0,2017, March, Friday,19.30,40, Dry, Y, Night, Side Swipe, Not Injured, N, N
US,2,0,0,0,2017, April, Wednesday,19.30,40, Dry, N, Daylight, Right Angle, Not Injured, N, N
US,3,0,0,0,2017, April, Wednesday,19.30,40, Dry, N, Night, Rear End, Minor Injury, N, N
US,2,0,0,0,2017, April, Friday,19.30,40, Dry, N, Daylight, Right Angle, Not Injured, N, N
US,2,0,0,1,2017, May, Tuesday,19.30,40, Dry, N, Daylight, Right Angle, Minor Injury, N, N
US,2,0,0,1,2017, May, Sunday,19.30,40, Dry, N, Daylight, Rear End, Minor Injury, N, N
US,2,0,0,0,2017, May, Sunday,19.30,40, Dry, N, Daylight, Rear End, Not Injured, N, N
US,2,0,0,0,2017, June, Wednesday,19.30,40, Dry, N, Daylight, Hit Pedestrian, Minor Injury, N, N
US,2,0,0,2,2017, September, Thursday,19.30,40, Wet, Y, Night, Right Angle, Minor Injury, N, N
US,3,0,0,0,2017, September, Friday,19.30,40, Dry, N, Daylight, Side Swipe, Not Injured, Y, N
US,2,0,0,2,2017, September, Friday,19.30,40, Dry, N, Night, Right Angle, Minor Injury, N, N
US,2,0,0,0,2017, October, Wednesday,19.30,40, Dry, N, Night, Right Angle, Not Injured, N, N
US,2,0,0,0,2017, November, Monday,19.30,40, Dry, N, Night, Rear End, Not Injured, N, N
US,2,0,0,1,2017, November, Friday,19.30,40, Dry, N, Night, Right Angle, Minor Injury, N, N
US,2,0,0,0,2017, November, Thursday,19.30,40, Dry, N, Night, Right Angle, Not Injured, N, N
US,2,0,0,1,2017, December, Friday,19.30,40, Dry, N, Night, Right Angle, Minor Injury, N, N
US,2,0,0,0,2017, December, Tuesday,19.30,40, Dry, N, Night, Side Swipe, Not Injured, N, N
US,2,0,0,0,2017, December, Saturday,19.30,40, Dry, Y, Night, Right Angle, Not Injured, N, N
US,2,0,0,0,2017, August, Friday,19.30,48, Dry, N, Daylight, Right Angle, Not Injured, N, N
AUS,2,0,0,0,2017, February, Monday,19.30,50, Dry, N, Daylight, Hit Fixed Object, Not Injured, N, N
AUS,2,0,0,0,2017, February, Thursday,19.30,50, Dry, N, Daylight, Hit Fixed Object, Not Injured, N, Y
AUS,3,0,0,2,2017, March, Tuesday,19.30,50, Dry, N, Night, Hit Pedestrian, Minor Injury, N, N
AUS,2,0,0,0,2017, May, Saturday,19.30,50, Dry, N, Night, Side Swipe, Not Injured, N, N
AUS,2,0,0,0,2017, June, Sunday,19.30,50, Dry, N, Night, Hit Fixed Object, Not Injured, N, N
AUS,2,0,0,0,2017, June, Thursday,19.30,50, Wet, Y, Night, Right Angle, Not Injured, N, N
AUS,2,0,0,1,2017, July, Monday,19.30,50, Dry, N, Night, Hit Fixed Object, Minor Injury, N, N
AUS,2,0,0,0,2017, August, Friday,19.30,50, Dry, N, Night, Side Swipe, Not Injured, N, N
AUS,2,0,0,1,2017, September, Friday,19.30,50, Dry, N, Night, Hit Pedestrian, Minor Injury, N, N
AUS,2,0,0,1,2017, September, Thursday,19.30,50, Dry, N, Night, Hit Pedestrian, Minor Injury, N, N
AUS,2,0,0,1,2017, September, Thursday,19.30,50, Dry, N, Night, Hit Fixed Object, Minor Injury, Y, N
AUS,2,0,0,2,2017, September, Wednesday,19.30,50, Dry, N, Night, Head On, Minor Injury, N, N
AUS,2,0,0,0,2017, October, Thursday,19.30,50, Dry, N, Daylight, Hit Fixed Object, Not Injured, N, N
AUS,2,0,0,1,2017, October, Sunday,19.30,50, Dry, N, Daylight, Hit Fixed Object, Minor Injury, N, N
AUS,2,0,0,0,2017, October, Thursday,19.30,50, Dry, N, Daylight, Hit Fixed Object, Not Injured, N, N
AUS,2,0,0,1,2017, November, Monday,19.30,50, Dry, N, Daylight, Right Angle, Minor Injury, N, N
US,2,0,0,0,2017, January, Friday,19.30,56, Wet, N, Night, Rear End, Not Injured, N, N
US,3,0,0,0,2017, May, Thursday,19.30,56, Dry, N, Daylight, Right Angle, Minor Injury, N, N
US,3,0,0,0,2017, August, Wednesday,19.30,56, Dry, N, Daylight, Head On, Not Injured, N, N
US,2,0,0,0,2017, October, Friday,19.30,56, Dry, N, Night, Right Angle, Not Injured, N, N
US,2,0,0,0,2017, October, Saturday,19.30,56, Wet, Y, Night, Right Angle, Not Injured, N, N
US,2,0,0,0,2017, December, Tuesday,19.30,56, Dry, N, Night, Right Angle, Not Injured, N, N
US,2,0,0,0,2017, December, Tuesday,19.30,56, Dry, N, Night, Head On, Minor Injury, N, N
AUS,2,0,0,1,2017, January, Friday,19.30,60, Dry, N, Daylight, Rear End, Minor Injury, N, N
AUS,2,0,0,0,2017, January, Thursday,19.30,60, Dry, N, Daylight, Rear End, Not Injured, N, N
AUS,2,0,1,0,2017, January, Saturday,19.30,60, Dry, N, Daylight, Side Swipe, Major Injury, Y, N
AUS,3,0,0,0,2017, February, Wednesday,19.30,60, Dry, N, Daylight, Rear End, Not Injured, N, N
AUS,2,0,0,1,2017, February, Tuesday,19.30,60, Dry, N, Daylight, Hit Pedestrian, Minor Injury, N, N
AUS,3,0,0,0,2017, March, Sunday,19.30,60, Dry, N, Night, Hit Fixed Object, Not Injured, N, N
AUS,2,0,0,0,2017, March, Saturday,19.30,60, Dry, N, Daylight, Rear End, Not Injured, N, N
AUS,2,0,0,1,2017, March, Saturday,19.30,60, Dry, N, Daylight, Right Angle, Minor Injury, N, N
AUS,2,0,0,0,2017, March, Monday,19.30,60, Dry, N, Daylight, Rear End, Not Injured, N, N
AUS,2,0,0,1,2017, April, Thursday,19.30,60, Dry, N, Night, Rear End, Minor Injury, N, N
AUS,2,0,0,0,2017, April, Thursday,19.30,60, Dry, N, Night, Right Angle, Not Injured, N, N
AUS,2,0,0,0,2017, April, Saturday,19.30,60, Dry, N, Night, Hit Fixed Object, Not Injured, N, N
AUS,2,0,0,0,2017, April, Sunday,19.30,60, Dry, N, Night, Right Angle, Not Injured, N, N
AUS,3,0,0,0,2017, May, Tuesday,19.30,60, Dry, N, Night, Hit Fixed Object, Not Injured, N, N
AUS,2,0,0,1,2017, June, Wednesday,19.30,60, Dry, N, Night, Right Angle, Minor Injury, N, N
AUS,2,0,0,1,2017, June, Friday,19.30,60, Dry, N, Night, Rear End, Minor Injury, N, N
AUS,2,0,0,0,2017, July, Monday,19.30,60, Wet, Y, Night, Rear End, Not Injured, N, N
AUS,2,0,0,0,2017, July, Monday,19.30,60, Dry, N, Night, Right Angle, Not Injured, N, N
AUS,2,0,0,0,2017, July, Friday,19.30,60, Wet, Y, Night, Hit Fixed Object, Not Injured, N, N
AUS,2,0,0,0,2017, July, Saturday,19.30,60, Dry, N, Night, Side Swipe, Not Injured, N, N
AUS,3,0,0,1,2017, July, Tuesday,19.30,60, Wet, Y, Night, Rear End, Minor Injury, N, N
AUS,3,0,0,0,2017, August, Wednesday,19.30,60, Dry, N, Night, Rear End, Not Injured, N, N
AUS,2,0,0,0,2017, October, Friday,19.30,60, Dry, N, Daylight, Right Angle, Not Injured, N, N
AUS,2,0,0,1,2017, October, Thursday,19.30,60, Dry, N, Daylight, Right Angle, Minor Injury, N, N
AUS,2,0,1,0,2017, October, Monday,19.30,60, Dry, N, Daylight, Hit Fixed Object, Major Injury, Y, N
AUS,2,0,0,2,2017, December, Tuesday,19.30,60, Dry, N, Daylight, Right Angle, Minor Injury, N, N
US,2,0,0,1,2017, January, Sunday,19.30,64, Dry, N, Night, Rear End, Minor Injury, N, N
US,2,0,0,1,2017, June, Friday,19.30,64, Dry, N, Daylight, Rear End, Minor Injury, N, N
US,2,0,0,0,2017, September, Friday,19.30,64, Dry, N, Night, Right Angle, Not Injured, N, N
US,2,0,0,0,2017, September, Wednesday,19.30,64, Dry, N, Night, Rear End, Not Injured, N, N
US,3,1,0,1,2017, October, Friday,19.30,64, Dry, N, Night, Hit Pedestrian, Fatal, Y, N
AUS,2,0,0,0,2017, August, Tuesday,19.30,70, Dry, N, Night, Rear End, Not Injured, N, N
US,2,0,0,1,2017, January, Thursday,19.30,72, Wet, Y, Night, Rear End, Minor Injury, N, N
US,2,0,0,1,2017, March, Friday,19.30,72, Dry, N, Night, Rear End, Minor Injury, N, N
US,2,0,0,0,2017, April, Friday,19.30,72, Dry, N, Daylight, Right Angle, Not Injured, N, N
US,2,0,0,0,2017, June, Thursday,19.30,72, Dry, N, Daylight, Rear End, Minor Injury, N, N
US,3,0,0,0,2017, November, Saturday,19.30,72, Wet, Y, Night, Rear End, Not Injured, N, N
US,2,0,0,0,2017, December, Sunday,19.30,72, Dry, N, Night, Head On, Minor Injury, Y, N
AUS,2,0,0,0,2017, February, Tuesday,19.30,80, Dry, N, Daylight, Rear End, Not Injured, N, N
AUS,2,0,0,0,2017, August, Friday,19.30,80, Wet, N, Night, Hit Fixed Object, Not Injured, N, N
US,2,0,0,0,2017, January, Wednesday,19.30,89, Wet, N, Night, Rear End, Not Injured, N, N
US,2,0,0,0,2017, May, Wednesday,19.30,89, Dry, N, Daylight, Rear End, Not Injured, N, N
US,2,1,1,0,2017, July, Monday,19.30,89, Dry, N, Night, Right Angle, Fatal, N, N
US,2,0,0,0,2017, October, Tuesday,19.30,89, Dry, N, Night, Rear End, Minor Injury, N, N
US,2,0,0,2,2017, October, Monday,19.30,89, Wet, N, Night, Rear End, Minor Injury, N, N
US,2,0,0,0,2017, October, Monday,19.30,89, Wet, Y, Daylight, Right Angle, Not Injured, N, N
AUS,2,0,1,0,2017, March, Saturday,19.30,100, Dry, N, Night, Hit Fixed Object, Major Injury, N, N
AUS,2,0,0,0,2017, September, Thursday,19.30,100, Dry, N, Night, Rear End, Not Injured, N, N
AUS,2,0,1,0,2017, September, Tuesday,19.30,100, Dry, N, Night, Hit Fixed Object, Major Injury, Y, N
AUS,2,0,0,0,2017, December, Monday,19.30,100, Dry, N, Daylight, Side Swipe, Not Injured, N, N
AUS,2,0,0,0,2017, August, Sunday,19.30,110, Dry, N, Night, Hit Fixed Object, Not Injured, N, N
US,2,0,0,0,2017, December, Saturday,19.50,16, Dry, N, Night, Rear End, Not Injured, N, N
US,3,0,0,0,2017, December, Friday,19.50,32, Dry, N, Night, Rear End, Not Injured, N, N
AUS,2,0,0,0,2017, September, Friday,19.50,40, Dry, N, Night, Right Angle, Not Injured, N, N
US,2,0,0,0,2017, January, Tuesday,19.50,40, Wet, N, Night, Right Angle, Not Injured, N, N
US,6,0,0,0,2017, January, Saturday,19.50,40, Dry, N, Night, Side Swipe, Not Injured, Y, N
US,2,0,0,0,2017, February, Friday,19.50,40, Dry, N, Night, Head On, Not Injured, Y, N
US,3,0,0,0,2017, March, Tuesday,19.50,40, Dry, Y, Night, Right Angle, Not Injured, N, N
US,2,0,0,2,2017, May, Wednesday,19.50,40, Dry, N, Daylight, Head On, Minor Injury, N, N
US,2,0,0,0,2017, May, Thursday,19.50,40, Dry, N, Daylight, Right Angle, Not Injured, N, N
US,3,0,0,0,2017, June, Saturday,19.50,40, Dry, N, Daylight, Right Angle, Not Injured, Y, N
US,2,0,0,0,2017, June, Tuesday,19.50,40, Wet, Y, Daylight, Head On, Not Injured, N, N
US,2,0,0,0,2017, July, Thursday,19.50,40, Dry, N, Daylight, Right Angle, Not Injured, N, N
US,2,0,0,0,2017, July, Thursday,19.50,40, Dry, N, Daylight, Right Angle, Not Injured, N, N
US,2,0,0,0,2017, August, Sunday,19.50,40, Dry, N, Night, Side Swipe, Not Injured, N, N
US,2,0,0,0,2017, September, Sunday,19.50,40, Dry, N, Night, Side Swipe, Not Injured, N, N
US,2,0,0,0,2017, October, Thursday,19.50,40, Wet, Y, Night, Rear End, Not Injured, N, N
US,2,0,1,0,2017, September, Wednesday,19.50,40, Dry, N, Night, Side Swipe, Major Injury, Y, N
US,2,0,0,0,2017, October, Thursday,19.50,40, Dry, N, Night, Right Angle, Minor Injury, N, N
US,2,0,0,0,2017, December, Friday,19.50,40, Dry, N, Night, Side Swipe, Not Injured, N, N
US,3,0,0,0,2017, December, Saturday,19.50,40, Dry, N, Night, Rear End, Not Injured, N, N
AUS,2,0,0,1,2017, January, Wednesday,19.50,50, Dry, N, Daylight, Hit Fixed Object, Minor Injury, Y, N
AUS,2,0,0,0,2017, February, Saturday,19.50,50, Dry, N, Daylight, Hit Fixed Object, Not Injured, N, N
AUS,2,0,0,0,2017, February, Thursday,19.50,50, Dry, N, Daylight, Right Angle, Not Injured, N, N
AUS,2,0,0,1,2017, February, Friday,19.50,50, Dry, N, Daylight, Hit Pedestrian, Minor Injury, N, N
AUS,2,0,0,0,2017, February, Monday,19.50,50, Dry, N, Daylight, Hit Fixed Object, Not Injured, N, N
AUS,2,0,0,0,2017, April, Saturday,19.50,50, Dry, N, Night, Hit Pedestrian, Not Injured, N, N
AUS,2,0,0,1,2017, May, Friday,19.50,50, Dry, N, Night, Right Angle, Minor Injury, N, N
AUS,2,0,1,0,2017, May, Friday,19.50,50, Dry, N, Night, Hit Fixed Object, Major Injury, N, N
AUS,2,0,0,1,2017, May, Saturday,19.50,50, Dry, N, Night, Hit Fixed Object, Minor Injury, N, N
AUS,2,0,0,0,2017, July, Saturday,19.50,50, Dry, N, Night, Hit Fixed Object, Not Injured, N, N
AUS,2,0,0,0,2017, July, Thursday,19.50,50, Wet, N, Night, Right Angle, Not Injured, N, N
AUS,2,0,0,0,2017, August, Saturday,19.50,50, Dry, N, Night, Hit Pedestrian, Not Injured, N, N
AUS,2,0,0,0,2017, September, Friday,19.50,50, Dry, N, Night, Hit Fixed Object, Not Injured, N, N
AUS,3,0,0,0,2017, September, Monday,19.50,50, Dry, N, Night, Hit Fixed Object, Not Injured, N, N
AUS,3,0,0,0,2017, September, Tuesday,19.50,50, Dry, N, Night, Hit Fixed Object, Not Injured, N, N
AUS,2,0,0,1,2017, October, Saturday,19.50,50, Dry, N, Night, Rear End, Minor Injury, N, N
AUS,2,0,0,1,2017, November, Wednesday,19.50,50, Dry, N, Daylight, Rear End, Minor Injury, N, N
AUS,2,0,0,0,2017, December, Sunday,19.50,50, Dry, N, Daylight, Hit Pedestrian, Not Injured, N, N
US,3,0,0,0,2017, January, Monday,19.50,56, Dry, N, Night, Rear End, Not Injured, N, N
US,2,0,0,0,2017, January, Wednesday,19.50,56, Wet, Y, Daylight, Side Swipe, Minor Injury, N, N
US,2,0,0,0,2017, March, Saturday,19.50,56, Dry, N, Night, Right Angle, Not Injured, N, N
US,2,0,0,0,2017, August, Wednesday,19.50,56, Wet, N, Daylight, Side Swipe, Not Injured, N, N
US,2,0,1,0,2017, August, Wednesday,19.50,56, Dry, N, Night, Hit Pedestrian, Major Injury, N, N
US,2,0,0,0,2017, October, Saturday,19.50,56, Dry, N, Night, Right Angle, Not Injured, N, N
AUS,2,0,0,1,2017, January, Monday,19.50,60, Dry, N, Daylight, Right Angle, Minor Injury, N, N
AUS,2,0,0,0,2017, January, Tuesday,19.50,60, Dry, N, Daylight, Hit Fixed Object, Not Injured, N, N
AUS,2,0,0,0,2017, January, Thursday,19.50,60, Dry, N, Daylight, Side Swipe, Not Injured, N, N
AUS,2,0,0,0,2017, January, Wednesday,19.50,60, Dry, N, Daylight, Hit Fixed Object, Not Injured, N, N
AUS,2,0,1,1,2017, February, Saturday,19.50,60, Dry, N, Daylight, Right Angle, Major Injury, Y, N
AUS,3,0,2,0,2017, March, Tuesday,19.50,60, Dry, N, Daylight, Rear End, Major Injury, N, N
AUS,2,0,0,0,2017, March, Thursday,19.50,60, Dry, N, Daylight, Side Swipe, Not Injured, N, N
AUS,2,0,0,0,2017, March, Wednesday,19.50,60, Dry, N, Daylight, Rear End, Not Injured, N, N
AUS,2,0,0,1,2017, March, Wednesday,19.50,60, Wet, Y, Night, Right Angle, Minor Injury, N, N
AUS,2,0,0,0,2017, April, Tuesday,19.50,60, Dry, N, Night, Right Angle, Not Injured, N, N
AUS,2,0,0,1,2017, April, Thursday,19.50,60, Dry, N, Night, Rear End, Minor Injury, N, N
AUS,2,0,0,1,2017, April, Thursday,19.50,60, Dry, N, Daylight, Rear End, Minor Injury, N, N
AUS,2,0,0,1,2017, April, Wednesday,19.50,60, Dry, N, Night, Hit Pedestrian, Minor Injury, Y, N
AUS,2,0,0,1,2017, April, Tuesday,19.50,60, Dry, N, Night, Right Angle, Minor Injury, N, N
AUS,2,0,0,1,2017, May, Thursday,19.50,60, Dry, N, Night, Rear End, Minor Injury, N, N
AUS,2,0,0,0,2017, June, Wednesday,19.50,60, Dry, N, Night, Rear End, Not Injured, N, N
AUS,2,0,0,0,2017, June, Thursday,19.50,60, Wet, Y, Night, Right Angle, Not Injured, N, N
AUS,2,0,0,0,2017, July, Friday,19.50,60, Wet, Y, Night, Right Angle, Not Injured, N, N
AUS,2,0,0,0,2017, July, Sunday,19.50,60, Dry, N, Night, Right Angle, Not Injured, N, N
AUS,2,0,0,0,2017, August, Tuesday,19.50,60, Dry, N, Night, Right Angle, Not Injured, N, N
AUS,2,0,0,0,2017, August, Tuesday,19.50,60, Dry, N, Night, Right Angle, Not Injured, N, N
AUS,2,0,0,0,2017, August, Sunday,19.50,60, Dry, N, Night, Right Angle, Not Injured, N, N
AUS,2,0,0,1,2017, August, Sunday,19.50,60, Wet, Y, Night, Hit Fixed Object, Minor Injury, N, N
AUS,2,0,0,1,2017, August, Wednesday,19.50,60, Dry, N, Night, Right Angle, Minor Injury, N, N
AUS,4,0,0,1,2017, September, Friday,19.50,60, Dry, N, Night, Side Swipe, Minor Injury, N, N
AUS,2,0,0,1,2017, September, Sunday,19.50,60, Dry, N, Night, Head On, Minor Injury, N, N
AUS,2,0,0,0,2017, September, Sunday,19.50,60, Dry, N, Night, Hit Pedestrian, Not Injured, N, N
AUS,2,0,0,1,2017, September, Monday,19.50,60, Dry, N, Night, Right Angle, Minor Injury, N, N
AUS,2,0,0,0,2017, September, Thursday,19.50,60, Dry, N, Night, Rear End, Not Injured, N, N
AUS,2,0,0,1,2017, October, Sunday,19.50,60, Dry, N, Night, Hit Fixed Object, Minor Injury, Y, N
AUS,2,0,0,0,2017, October, Monday,19.50,60, Dry, N, Night, Side Swipe, Not Injured, N, N