Nation,Total Units,Total Fatalities,Total Serious Injuries,Total Minor Injuries,Year,Month,Day,Time,Speed Limit,Moisture,Adverse Weather Conditions,DayNight,Crash Type,Crash Severity,Alcohol Related ,Drug Related
AUS,2,0,0,0,2017, February, Sunday,20.00,60, Wet, Y, Daylight, Hit Fixed Object, Not Injured, N, N
AUS,2,0,0,1,2017, February, Saturday,20.00,60, Dry, N, Daylight, Right Angle, Minor Injury, N, N
AUS,2,0,0,0,2017, February, Sunday,20.00,60, Dry, N, Night, Side Swipe, Not Injured, N, N
AUS,2,0,0,0,2017, March, Thursday,20.00,60, Dry, N, Night, Right Angle, Not Injured, N, N
AUS,2,0,0,0,2017, March, Sunday,20.00,60, Dry, N, Night, Hit Fixed Object, Not Injured, N, N
AUS,2,0,0,0,2017, March, Friday,20.00,60, Dry, N, Night, Side Swipe, Not Injured, N, N
AUS,2,0,0,1,2017, April, Sunday,20.00,60, Dry, N, Night, Right Angle, Minor Injury, N, N
AUS,2,0,0,1,2017, April, Monday,20.00,60, Dry, N, Night, Hit Fixed Object, Minor Injury, N, N
AUS,3,0,0,0,2017, April, Thursday,20.00,60, Dry, N, Night, Side Swipe, Not Injured, N, N
AUS,2,0,0,1,2017, May, Thursday,20.00,60, Dry, N, Night, Rear End, Minor Injury, N, N
AUS,2,0,0,0,2017, May, Saturday,20.00,60, Dry, N, Night, Rear End, Not Injured, N, N
AUS,2,0,0,0,2017, May, Wednesday,20.00,60, Dry, N, Night, Side Swipe, Not Injured, N, N
AUS,2,0,0,0,2017, May, Friday,20.00,60, Dry, N, Night, Rear End, Not Injured, N, N
AUS,2,0,0,0,2017, June, Saturday,20.00,60, Dry, N, Night, Hit Fixed Object, Not Injured, N, N
AUS,2,0,0,0,2017, June, Thursday,20.00,60, Dry, N, Night, Rear End, Not Injured, N, N
AUS,2,0,0,1,2017, June, Sunday,20.00,60, Dry, N, Night, Hit Fixed Object, Minor Injury, N, N
AUS,2,0,0,0,2017, June, Monday,20.00,60, Dry, N, Night, Right Angle, Not Injured, N, N
AUS,2,0,0,0,2017, June, Thursday,20.00,60, Dry, N, Night, Right Angle, Not Injured, N, N
AUS,2,0,0,0,2017, July, Thursday,20.00,60, Dry, N, Night, Rear End, Not Injured, N, N
AUS,2,0,0,1,2017, July, Monday,20.00,60, Dry, N, Night, Hit Pedestrian, Minor Injury, N, N
AUS,3,0,0,0,2017, August, Friday,20.00,60, Wet, Y, Night, Rear End, Not Injured, N, N
AUS,2,0,0,1,2017, August, Wednesday,20.00,60, Dry, N, Night, Hit Pedestrian, Minor Injury, Y, N
AUS,2,0,0,1,2017, September, Thursday,20.00,60, Dry, N, Night, Rear End, Minor Injury, N, N
AUS,2,0,0,0,2017, September, Monday,20.00,60, Dry, N, Night, Right Angle, Not Injured, N, N
AUS,2,0,0,0,2017, October, Sunday,20.00,60, Dry, N, Night, Side Swipe, Not Injured, N, N
AUS,2,0,0,0,2017, October, Sunday,20.00,60, Dry, N, Night, Hit Fixed Object, Not Injured, N, N
AUS,2,0,0,0,2017, November, Wednesday,20.00,60, Dry, N, Night, Right Angle, Not Injured, N, N
AUS,2,0,0,1,2017, November, Monday,20.00,60, Dry, N, Daylight, Rear End, Minor Injury, N, N
AUS,2,0,0,1,2017, December, Friday,20.00,60, Wet, Y, Daylight, Hit Fixed Object, Minor Injury, N, N
AUS,3,0,0,0,2017, December, Saturday,20.00,60, Dry, N, Daylight, Right Angle, Not Injured, N, N
US,2,0,0,0,2017, March, Wednesday,20.00,64, Dry, N, Night, Right Angle, Not Injured, N, N
US,3,0,0,0,2017, September, Sunday,20.00,64, Dry, N, Night, Rear End, Not Injured, N, N
US,2,0,0,0,2017, September, Monday,20.00,64, Dry, N, Night, Rear End, Not Injured, N, N
US,2,0,0,0,2017, October, Sunday,20.00,64, Wet, Y, Night, Rear End, Not Injured, Y, N
AUS,4,0,0,1,2017, February, Friday,20.00,70, Dry, N, Daylight, Rear End, Minor Injury, Y, N
US,2,0,0,0,2017, November, Wednesday,20.00,72, Dry, N, Night, Rear End, Not Injured, N, N
AUS,2,0,0,2,2017, January, Monday,20.00,80, Dry, N, Daylight, Right Angle, Minor Injury, N, N
AUS,2,0,0,0,2017, February, Saturday,20.00,80, Dry, N, Night, Side Swipe, Not Injured, N, N
AUS,2,0,0,0,2017, September, Monday,20.00,80, Dry, N, Night, Rear End, Not Injured, N, N
AUS,2,0,0,1,2017, October, Friday,20.00,80, Dry, N, Night, Hit Fixed Object, Minor Injury, N, N
AUS,2,0,0,0,2017, December, Thursday,20.00,80, Wet, Y, Daylight, Hit Fixed Object, Not Injured, N, N
US,2,0,0,0,2017, August, Friday,20.00,89, Dry, N, Night, Rear End, Minor Injury, N, N
AUS,2,0,0,1,2017, January, Sunday,20.00,100, Wet, N, Daylight, Hit Fixed Object, Minor Injury, N, N
AUS,2,0,0,1,2017, August, Thursday,20.00,100, Dry, N, Night, Hit Fixed Object, Minor Injury, N, N
AUS,2,0,0,0,2017, September, Wednesday,20.00,100, Wet, Y, Night, Hit Fixed Object, Not Injured, N, N
AUS,3,0,0,0,2017, October, Thursday,20.00,100, Dry, N, Night, Hit Fixed Object, Not Injured, N, N
AUS,2,0,0,0,2017, November, Tuesday,20.00,100, Dry, N, Daylight, Hit Fixed Object, Not Injured, N, N
AUS,2,0,0,0,2017, November, Thursday,20.00,100, Dry, N, Night, Rear End, Not Injured, N, N
AUS,2,0,0,4,2017, July, Friday,20.00,110, Dry, N, Night, Rear End, Minor Injury, N, N
AUS,2,0,0,0,2017, September, Thursday,20.00,110, Dry, N, Night, Rear End, Not Injured, N, N
US,2,0,0,1,2017, January, Tuesday,20.20,40, Dry, N, Night, Rear End, Minor Injury, N, N
US,2,0,0,1,2017, March, Thursday,20.20,40, Dry, N, Night, Hit Pedestrian, Minor Injury, N, N
US,2,0,1,0,2017, May, Tuesday,20.20,40, Dry, N, Daylight, Hit Pedestrian, Major Injury, N, N
US,2,0,0,0,2017, June, Saturday,20.20,40, Dry, N, Daylight, Right Angle, Minor Injury, N, N
US,2,0,0,0,2017, June, Tuesday,20.20,40, Dry, N, Daylight, Rear End, Not Injured, N, N
US,2,0,0,0,2017, July, Tuesday,20.20,40, Dry, N, Night, Right Angle, Not Injured, N, N
US,2,0,0,0,2017, July, Friday,20.20,40, Wet, Y, Night, Right Angle, Not Injured, N, N
US,4,0,0,0,2017, July, Saturday,20.20,40, Dry, N, Daylight, Rear End, Minor Injury, N, N
US,2,0,0,0,2017, August, Thursday,20.20,40, Wet, Y, Night, Right Angle, Not Injured, N, N
US,2,0,0,0,2017, September, Friday,20.20,40, Dry, N, Night, Right Angle, Not Injured, N, N
US,2,0,0,0,2017, September, Friday,20.20,40, Wet, N, Night, Rear End, Not Injured, N, N
US,2,0,0,0,2017, September, Saturday,20.20,40, Dry, N, Night, Rear End, Not Injured, N, N
US,2,0,0,0,2017, October, Monday,20.20,40, Wet, Y, Night, Right Angle, Not Injured, N, N
US,3,0,0,0,2017, November, Friday,20.20,40, Dry, N, Night, Right Angle, Not Injured, Y, N
US,2,0,0,0,2017, December, Friday,20.20,40, Dry, N, Night, Rear End, Not Injured, N, N
US,2,0,0,0,2017, December, Monday,20.20,40, Dry, N, Night, Head On, Not Injured, N, N
US,2,0,0,0,2017, May, Saturday,20.20,48, Dry, N, Daylight, Rear End, Minor Injury, N, N
US,2,0,0,0,2017, September, Wednesday,20.20,48, Dry, N, Night, Rear End, Not Injured, N, N
US,2,0,0,0,2017, September, Friday,20.20,48, Dry, N, Daylight, Head On, Not Injured, N, N
AUS,2,0,0,0,2017, January, Saturday,20.20,50, Dry, N, Daylight, Hit Fixed Object, Not Injured, Y, N
AUS,2,0,0,1,2017, February, Thursday,20.20,50, Dry, N, Daylight, Right Angle, Minor Injury, N, N
AUS,2,1,0,0,2017, February, Sunday,20.20,50, Dry, N, Daylight, Hit Pedestrian, Fatal, N, N
AUS,3,0,1,2,2017, April, Sunday,20.20,50, Dry, N, Night, Head On, Major Injury, Y, N
AUS,2,0,0,0,2017, April, Saturday,20.20,50, Dry, N, Night, Hit Pedestrian, Not Injured, N, N
AUS,2,0,0,1,2017, May, Monday,20.20,50, Dry, N, Night, Right Angle, Minor Injury, N, N
AUS,3,0,0,1,2017, June, Friday,20.20,50, Dry, N, Night, Hit Pedestrian, Minor Injury, N, N
AUS,2,0,0,1,2017, June, Friday,20.20,50, Dry, N, Night, Hit Pedestrian, Minor Injury, N, N
AUS,2,0,0,0,2017, October, Sunday,20.20,50, Dry, N, Night, Right Angle, Not Injured, Y, N
AUS,4,0,0,0,2017, November, Tuesday,20.20,50, Dry, N, Night, Rear End, Not Injured, N, N
AUS,2,0,0,0,2017, December, Wednesday,20.20,50, Dry, N, Daylight, Side Swipe, Not Injured, N, N
US,2,0,2,0,2017, February, Sunday,20.20,56, Dry, N, Night, Rear End, Major Injury, N, N
US,2,0,0,0,2017, March, Wednesday,20.20,56, Dry, N, Night, Right Angle, Not Injured, N, N
US,2,0,0,0,2017, March, Wednesday,20.20,56, Dry, N, Night, Head On, Minor Injury, Y, N
US,2,0,0,0,2017, June, Sunday,20.20,56, Dry, N, Daylight, Right Angle, Not Injured, N, N
US,2,0,0,0,2017, September, Tuesday,20.20,56, Dry, N, Night, Rear End, Not Injured, N, N
US,2,0,0,0,2017, September, Friday,20.20,56, Dry, N, Night, Side Swipe, Not Injured, N, N
US,2,0,0,0,2017, October, Sunday,20.20,56, Dry, N, Night, Head On, Not Injured, Y, N
US,2,0,0,0,2017, October, Friday,20.20,56, Dry, N, Night, Right Angle, Not Injured, N, N
AUS,2,0,0,0,2017, January, Wednesday,20.20,60, Dry, N, Daylight, Hit Fixed Object, Not Injured, N, N
AUS,2,0,0,2,2017, February, Friday,20.20,60, Dry, N, Night, Rear End, Minor Injury, N, N
AUS,2,0,0,1,2017, March, Wednesday,20.20,60, Dry, N, Night, Side Swipe, Minor Injury, N, N
AUS,2,0,0,0,2017, March, Friday,20.20,60, Dry, N, Night, Right Angle, Not Injured, N, N
AUS,2,0,0,0,2017, April, Wednesday,20.20,60, Dry, N, Night, Right Angle, Not Injured, N, N
AUS,2,0,0,2,2017, May, Monday,20.20,60, Wet, Y, Night, Side Swipe, Minor Injury, N, N
AUS,2,0,1,0,2017, May, Monday,20.20,60, Wet, Y, Night, Hit Pedestrian, Major Injury, N, N
AUS,2,0,0,0,2017, June, Wednesday,20.20,60, Dry, N, Night, Hit Fixed Object, Not Injured, N, N
AUS,2,0,0,0,2017, June, Saturday,20.20,60, Dry, N, Night, Rear End, Not Injured, N, N
AUS,2,0,0,0,2017, July, Tuesday,20.20,60, Wet, Y, Night, Hit Fixed Object, Not Injured, N, N
AUS,2,0,0,0,2017, August, Tuesday,20.20,60, Dry, N, Night, Rear End, Not Injured, N, N
AUS,2,0,0,0,2017, September, Thursday,20.20,60, Dry, N, Night, Right Angle, Not Injured, N, N
AUS,2,0,0,0,2017, September, Saturday,20.20,60, Dry, N, Night, Hit Fixed Object, Not Injured, Y, N
AUS,3,0,0,0,2017, October, Sunday,20.20,60, Dry, N, Night, Right Angle, Not Injured, N, N
AUS,2,0,0,0,2017, October, Thursday,20.20,60, Dry, N, Night, Side Swipe, Not Injured, N, N
AUS,2,0,0,0,2017, October, Wednesday,20.20,60, Dry, N, Night, Hit Fixed Object, Not Injured, N, N
AUS,2,0,0,1,2017, December, Monday,20.20,60, Dry, N, Daylight, Hit Fixed Object, Minor Injury, N, Y
AUS,2,0,0,1,2017, December, Sunday,20.20,60, Dry, N, Daylight, Hit Fixed Object, Minor Injury, N, N
US,2,0,1,0,2017, May, Wednesday,20.20,64, Dry, N, Night, Right Angle, Major Injury, N, N
US,2,0,0,0,2017, June, Friday,20.20,64, Dry, N, Daylight, Right Angle, Not Injured, N, N
US,2,0,0,0,2017, June, Saturday,20.20,64, Dry, N, Daylight, Rear End, Not Injured, N, N
US,2,0,0,0,2017, October, Thursday,20.20,64, Dry, N, Night, Right Angle, Not Injured, N, N
AUS,2,0,0,0,2017, January, Tuesday,20.20,70, Dry, N, Daylight, Right Angle, Not Injured, N, N
US,2,0,0,1,2017, May, Friday,20.20,72, Dry, N, Daylight, Rear End, Minor Injury, N, N
US,2,0,0,0,2017, October, Thursday,20.20,72, Dry, N, Night, Rear End, Not Injured, Y, N
AUS,2,0,0,0,2017, February, Monday,20.20,80, Dry, N, Daylight, Rear End, Not Injured, N, N
AUS,2,0,0,1,2017, October, Friday,20.20,80, Dry, N, Night, Hit Fixed Object, Minor Injury, Y, Y
AUS,2,0,0,0,2017, November, Thursday,20.20,80, Wet, Y, Daylight, Right Angle, Not Injured, N, N
US,2,0,0,0,2017, August, Saturday,20.20,89, Dry, N, Night, Rear End, Minor Injury, N, N
US,2,0,0,0,2017, October, Wednesday,20.20,89, Dry, N, Night, Rear End, Minor Injury, Y, N
AUS,2,0,0,0,2017, September, Thursday,20.20,90, Wet, N, Night, Side Swipe, Not Injured, N, N
AUS,2,0,0,1,2017, July, Sunday,20.20,100, Dry, N, Night, Hit Fixed Object, Minor Injury, N, N
AUS,2,0,0,0,2017, October, Sunday,20.20,100, Dry, N, Night, Hit Fixed Object, Not Injured, N, N
US,2,0,0,0,2017, May, Tuesday,20.30,24, Dry, N, Night, Rear End, Not Injured, Y, N
US,2,0,0,0,2017, February, Thursday,20.30,32, Dry, N, Night, Head On, Not Injured, N, N
US,2,0,0,0,2017, September, Monday,20.30,32, Dry, N, Night, Rear End, Minor Injury, N, N
AUS,2,0,0,0,2017, October, Tuesday,20.30,40, Dry, N, Night, Side Swipe, Not Injured, N, N
US,4,0,0,0,2017, January, Friday,20.30,40, Dry, N, Night, Side Swipe, Not Injured, N, Y
US,2,0,0,0,2017, January, Monday,20.30,40, Dry, N, Night, Rear End, Not Injured, N, N
US,2,0,0,0,2017, February, Saturday,20.30,40, Dry, N, Night, Rear End, Not Injured, N, N
US,2,0,0,0,2017, February, Wednesday,20.30,40, Dry, N, Night, Side Swipe, Not Injured, N, Y
US,2,0,0,0,2017, March, Saturday,20.30,40, Dry, N, Night, Side Swipe, Not Injured, Y, N
US,2,0,0,0,2017, March, Saturday,20.30,40, Dry, N, Night, Rear End, Minor Injury, N, N
US,3,0,0,0,2017, May, Friday,20.30,40, Wet, Y, Night, Right Angle, Not Injured, N, N
US,2,0,0,0,2017, May, Friday,20.30,40, Dry, N, Night, Right Angle, Not Injured, N, N
US,2,0,0,0,2017, June, Friday,20.30,40, Dry, N, Night, Right Angle, Not Injured, N, N
US,2,0,0,0,2017, July, Monday,20.30,40, Dry, N, Daylight, Right Angle, Not Injured, N, N
US,2,0,0,0,2017, July, Friday,20.30,40, Wet, Y, Night, Right Angle, Not Injured, N, N
US,3,0,0,3,2017, July, Saturday,20.30,40, Dry, N, Daylight, Rear End, Minor Injury, N, N
US,2,0,0,0,2017, August, Wednesday,20.30,40, Dry, N, Daylight, Right Angle, Not Injured, N, N
US,2,0,0,0,2017, September, Saturday,20.30,40, Dry, N, Night, Side Swipe, Not Injured, Y, N
US,3,0,0,4,2017, September, Saturday,20.30,40, Dry, N, Night, Rear End, Minor Injury, N, N
US,2,0,0,0,2017, October, Thursday,20.30,40, Dry, N, Night, Side Swipe, Not Injured, N, N
US,2,0,0,2,2017, November, Saturday,20.30,40, Wet, Y, Night, Right Angle, Minor Injury, N, N
US,2,0,0,0,2017, November, Friday,20.30,40, Dry, N, Night, Right Angle, Not Injured, N, N
US,2,0,0,0,2017, December, Friday,20.30,40, Dry, N, Night, Hit Pedestrian, Minor Injury, N, N
AUS,2,0,1,0,2017, March, Saturday,20.30,50, Dry, N, Night, Hit Fixed Object, Major Injury, Y, Y
AUS,2,0,0,0,2017, May, Tuesday,20.30,50, Dry, N, Night, Hit Fixed Object, Not Injured, N, N
AUS,2,0,0,1,2017, June, Monday,20.30,50, Dry, N, Night, Hit Fixed Object, Minor Injury, N, N
AUS,2,0,0,0,2017, June, Tuesday,20.30,50, Dry, N, Night, Rear End, Not Injured, N, N
AUS,2,0,0,0,2017, July, Monday,20.30,50, Dry, N, Night, Side Swipe, Not Injured, N, N
AUS,3,0,0,1,2017, July, Wednesday,20.30,50, Dry, N, Night, Hit Fixed Object, Minor Injury, N, N
AUS,2,0,0,1,2017, July, Tuesday,20.30,50, Wet, Y, Night, Hit Pedestrian, Minor Injury, N, N
AUS,2,0,0,1,2017, October, Monday,20.30,50, Dry, N, Night, Hit Fixed Object, Minor Injury, N, N
AUS,2,0,0,0,2017, December, Wednesday,20.30,50, Dry, N, Daylight, Hit Fixed Object, Not Injured, N, N
AUS,2,0,0,1,2017, December, Tuesday,20.30,50, Dry, N, Daylight, Hit Fixed Object, Minor Injury, N, N
AUS,2,0,0,3,2017, December, Wednesday,20.30,50, Dry, N, Daylight, Rear End, Minor Injury, N, N
US,2,0,0,0,2017, February, Saturday,20.30,56, Dry, N, Night, Side Swipe, Not Injured, N, N
US,2,0,0,0,2017, September, Friday,20.30,56, Dry, N, Night, Head On, Not Injured, N, N
US,2,0,0,0,2017, October, Saturday,20.30,56, Dry, N, Night, Side Swipe, Minor Injury, N, N
AUS,2,0,0,0,2017, February, Thursday,20.30,60, Dry, N, Daylight, Side Swipe, Not Injured, N, N
AUS,2,0,0,0,2017, February, Thursday,20.30,60, Dry, N, Night, Rear End, Not Injured, N, N
AUS,2,0,1,0,2017, March, Friday,20.30,60, Dry, N, Night, Rear End, Major Injury, N, N
AUS,2,0,0,0,2017, March, Sunday,20.30,60, Dry, N, Night, Hit Fixed Object, Not Injured, N, N
AUS,2,0,0,0,2017, March, Friday,20.30,60, Dry, N, Night, Rear End, Not Injured, N, N
AUS,2,0,0,1,2017, March, Monday,20.30,60, Dry, N, Night, Right Angle, Minor Injury, N, N
AUS,2,0,0,0,2017, April, Sunday,20.30,60, Dry, N, Night, Hit Fixed Object, Not Injured, N, N
AUS,3,0,0,0,2017, May, Thursday,20.30,60, Dry, N, Night, Rear End, Not Injured, N, N
AUS,2,0,0,0,2017, May, Monday,20.30,60, Dry, N, Night, Hit Fixed Object, Not Injured, N, N
AUS,2,0,0,0,2017, July, Saturday,20.30,60, Dry, N, Night, Hit Pedestrian, Not Injured, Y, N
AUS,2,0,0,1,2017, July, Tuesday,20.30,60, Wet, Y, Night, Rear End, Minor Injury, N, N
AUS,2,0,0,0,2017, August, Saturday,20.30,60, Wet, Y, Night, Side Swipe, Not Injured, N, N
AUS,2,0,0,0,2017, August, Thursday,20.30,60, Wet, N, Night, Right Angle, Not Injured, N, N
AUS,2,0,0,0,2017, September, Thursday,20.30,60, Wet, Y, Night, Right Angle, Not Injured, N, N
AUS,2,0,0,1,2017, November, Saturday,20.30,60, Dry, N, Night, Rear End, Minor Injury, N, N
AUS,2,0,0,1,2017, December, Wednesday,20.30,60, Dry, N, Daylight, Hit Fixed Object, Minor Injury, N, N
AUS,2,0,1,0,2017, December, Wednesday,20.30,60, Dry, N, Daylight, Hit Pedestrian, Major Injury, N, N
AUS,2,0,0,0,2017, December, Sunday,20.30,60, Dry, N, Daylight, Hit Fixed Object, Not Injured, N, N
US,2,0,0,2,2017, January, Monday,20.30,64, Dry, N, Night, Rear End, Minor Injury, N, N
US,2,0,0,0,2017, May, Tuesday,20.30,64, Dry, N, Night, Rear End, Not Injured, N, N
US,2,0,0,0,2017, October, Sunday,20.30,64, Dry, N, Night, Rear End, Not Injured, N, N
US,2,0,0,0,2017, November, Monday,20.30,64, Dry, N, Night, Right Angle, Not Injured, N, N
AUS,2,0,0,0,2017, October, Thursday,20.30,70, Dry, N, Night, Right Angle, Not Injured, N, N
AUS,2,0,0,1,2017, June, Thursday,20.30,80, Wet, Y, Night, Rear End, Minor Injury, N, N
AUS,2,0,0,1,2017, September, Friday,20.30,80, Dry, N, Night, Hit Fixed Object, Minor Injury, Y, Y
US,2,0,0,1,2017, July, Saturday,20.30,89, Dry, N, Daylight, Rear End, Minor Injury, N, N
AUS,2,0,0,0,2017, April, Sunday,20.30,90, Dry, N, Night, Right Angle, Not Injured, N, N
AUS,2,0,0,0,2017, November, Sunday,20.30,90, Dry, N, Night, Hit Fixed Object, Not Injured, N, N
AUS,2,0,1,0,2017, February, Thursday,20.30,100, Dry, N, Daylight, Hit Fixed Object, Major Injury, N, N
AUS,2,0,0,0,2017, May, Friday,20.30,100, Dry, N, Night, Hit Fixed Object, Not Injured, N, N
AUS,3,0,0,0,2017, August, Saturday,20.30,100, Wet, Y, Night, Hit Fixed Object, Not Injured, N, N
US,2,0,0,0,2017, October, Tuesday,20.30,105, Dry, N, Night, Rear End, Not Injured, N, N
AUS,2,0,1,0,2017, September, Saturday,20.30,110, Dry, N, Night, Hit Fixed Object, Major Injury, N, Y
AUS,2,0,0,0,2017, November, Saturday,20.50,15, Dry, N, Night, Side Swipe, Not Injured, N, N
US,3,0,0,0,2017, March, Saturday,20.50,24, Dry, N, Night, Rear End, Not Injured, Y, N
AUS,2,0,0,1,2017, March, Monday,20.50,40, Dry, N, Night, Hit Fixed Object, Minor Injury, N, N
US,3,0,0,0,2017, February, Friday,20.50,40, Dry, N, Night, Rear End, Minor Injury, N, N
US,3,0,0,0,2017, March, Monday,20.50,40, Dry, N, Night, Rear End, Not Injured, N, N
US,2,0,0,0,2017, March, Saturday,20.50,40, Dry, N, Night, Right Angle, Not Injured, N, N
US,2,0,0,0,2017, April, Sunday,20.50,40, Dry, N, Night, Rear End, Not Injured, N, N
US,2,0,0,1,2017, May, Tuesday,20.50,40, Dry, N, Night, Right Angle, Minor Injury, N, N
US,4,0,0,0,2017, June, Wednesday,20.50,40, Dry, N, Night, Right Angle, Minor Injury, Y, N
US,2,0,1,0,2017, July, Monday,20.50,40, Dry, N, Daylight, Right Angle, Major Injury, Y, N
US,2,0,0,2,2017, July, Saturday,20.50,40, Dry, N, Night, Right Angle, Minor Injury, N, N
US,2,0,0,0,2017, September, Friday,20.50,40, Dry, N, Night, Right Angle, Minor Injury, N, N
US,2,0,0,0,2017, October, Tuesday,20.50,40, Dry, N, Night, Right Angle, Not Injured, N, N
US,2,0,0,0,2017, November, Thursday,20.50,40, Dry, N, Night, Hit Pedestrian, Minor Injury, N, N
US,2,0,0,1,2017, November, Wednesday,20.50,40, Dry, N, Night, Hit Pedestrian, Minor Injury, N, N
US,2,0,0,0,2017, November, Saturday,20.50,40, Dry, N, Night, Head On, Not Injured, N, N
US,2,0,0,0,2017, November, Monday,20.50,40, Dry, N, Night, Head On, Not Injured, N, N
US,2,0,0,0,2017, December, Monday,20.50,40, Dry, N, Night, Right Angle, Not Injured, N, N
US,2,0,0,1,2017, December, Sunday,20.50,40, Wet, N, Night, Right Angle, Minor Injury, N, N
AUS,2,0,0,2,2017, January, Sunday,20.50,50, Dry, N, Night, Right Angle, Minor Injury, N, N
AUS,3,0,0,0,2017, February, Monday,20.50,50, Dry, N, Night, Hit Fixed Object, Not Injured, N, N
AUS,2,0,0,1,2017, February, Sunday,20.50,50, Dry, N, Night, Hit Fixed Object, Minor Injury, Y, N
AUS,2,0,0,0,2017, February, Tuesday,20.50,50, Dry, N, Night, Right Angle, Not Injured, Y, N
AUS,2,0,0,0,2017, February, Wednesday,20.50,50, Dry, N, Night, Hit Fixed Object, Not Injured, N, N
AUS,2,0,0,0,2017, May, Monday,20.50,50, Wet, Y, Night, Hit Fixed Object, Not Injured, N, N
AUS,2,0,0,0,2017, June, Sunday,20.50,50, Dry, N, Night, Hit Fixed Object, Not Injured, N, N
AUS,2,0,0,0,2017, June, Thursday,20.50,50, Dry, N, Night, Right Angle, Not Injured, N, N
AUS,2,0,0,0,2017, July, Friday,20.50,50, Wet, Y, Night, Hit Fixed Object, Not Injured, N, N
AUS,2,0,0,0,2017, July, Thursday,20.50,50, Wet, N, Night, Hit Fixed Object, Not Injured, N, N
AUS,2,0,0,0,2017, August, Friday,20.50,50, Dry, N, Night, Hit Fixed Object, Not Injured, N, N
AUS,3,0,0,1,2017, August, Saturday,20.50,50, Dry, N, Night, Hit Fixed Object, Minor Injury, Y, N
AUS,2,0,0,1,2017, September, Tuesday,20.50,50, Dry, N, Night, Head On, Minor Injury, N, N
AUS,2,0,0,1,2017, September, Thursday,20.50,50, Dry, N, Night, Right Angle, Minor Injury, N, N
AUS,2,0,0,1,2017, September, Friday,20.50,50, Dry, N, Night, Rear End, Minor Injury, N, N
AUS,3,0,0,0,2017, September, Saturday,20.50,50, Dry, N, Night, Hit Fixed Object, Not Injured, N, N
AUS,2,0,0,1,2017, November, Friday,20.50,50, Dry, N, Night, Right Angle, Minor Injury, N, N
AUS,3,0,0,0,2017, December, Wednesday,20.50,50, Dry, N, Daylight, Hit Fixed Object, Not Injured, N, N
US,2,0,0,2,2017, April, Thursday,20.50,56, Wet, Y, Night, Rear End, Minor Injury, N, N
US,2,0,0,0,2017, August, Thursday,20.50,56, Wet, Y, Daylight, Rear End, Not Injured, N, N
US,2,0,0,0,2017, December, Saturday,20.50,56, Dry, N, Night, Rear End, Minor Injury, N, N
US,3,0,1,0,2017, December, Tuesday,20.50,56, Dry, N, Night, Right Angle, Major Injury, Y, N
AUS,2,0,0,0,2017, March, Friday,20.50,60, Dry, N, Night, Rear End, Not Injured, N, N
AUS,2,0,0,1,2017, April, Saturday,20.50,60, Dry, N, Night, Hit Pedestrian, Minor Injury, N, N
AUS,2,0,0,0,2017, May, Saturday,20.50,60, Dry, N, Night, Rear End, Not Injured, N, N
AUS,2,0,0,0,2017, May, Monday,20.50,60, Wet, Y, Night, Right Angle, Not Injured, N, N
AUS,2,0,0,0,2017, May, Friday,20.50,60, Dry, N, Night, Right Angle, Not Injured, N, N
AUS,2,0,0,0,2017, June, Tuesday,20.50,60, Dry, N, Night, Right Angle, Not Injured, N, N
AUS,2,0,0,0,2017, June, Thursday,20.50,60, Wet, Y, Night, Rear End, Not Injured, N, N
AUS,2,0,0,0,2017, June, Friday,20.50,60, Dry, N, Night, Side Swipe, Not Injured, N, N
AUS,2,0,0,0,2017, July, Friday,20.50,60, Dry, N, Night, Hit Fixed Object, Not Injured, Y, N
AUS,2,0,0,0,2017, July, Monday,20.50,60, Dry, N, Night, Right Angle, Not Injured, N, N
AUS,2,0,0,7,2017, July, Saturday,20.50,60, Wet, Y, Night, Right Angle, Minor Injury, N, N
AUS,2,0,0,0,2017, July, Monday,20.50,60, Wet, Y, Night, Hit Fixed Object, Not Injured, N, N
AUS,2,0,0,0,2017, August, Thursday,20.50,60, Dry, N, Night, Right Angle, Not Injured, N, N
AUS,4,0,0,0,2017, August, Wednesday,20.50,60, Dry, N, Night, Rear End, Not Injured, N, N
AUS,4,0,0,0,2017, August, Friday,20.50,60, Dry, N, Night, Rear End, Not Injured, N, N
AUS,2,0,0,1,2017, August, Friday,20.50,60, Dry, N, Night, Right Angle, Minor Injury, Y, N
AUS,2,0,0,1,2017, August, Tuesday,20.50,60, Dry, N, Night, Hit Fixed Object, Minor Injury, N, N
AUS,2,0,0,0,2017, September, Tuesday,20.50,60, Wet, Y, Night, Hit Fixed Object, Not Injured, N, N
AUS,2,0,0,2,2017, September, Friday,20.50,60, Dry, N, Night, Right Angle, Minor Injury, N, N
AUS,2,0,0,0,2017, October, Tuesday,20.50,60, Dry, N, Night, Rear End, Not Injured, N, N
AUS,2,0,0,0,2017, October, Monday,20.50,60, Dry, N, Night, Right Angle, Not Injured, N, N
AUS,3,0,0,0,2017, October, Friday,20.50,60, Dry, N, Night, Rear End, Not Injured, N, N
AUS,3,0,0,0,2017, November, Wednesday,20.50,60, Dry, N, Night, Rear End, Not Injured, N, N
AUS,2,0,0,0,2017, November, Wednesday,20.50,60, Wet, Y, Night, Hit Fixed Object, Not Injured, N, N